2.693477,-1.292869,9.186552,-0.0842994,0.02687807,-0.06841691
2.5091233,-1.0582372,9.267955,-0.1563815,-0.065973446,-0.17715092
3.0478187,-1.0295067,8.973468,0.080634214,0.0012217305,-0.058643065
2.765303,-1.3215994,9.270349,-0.29810223,0.0720821,-0.034208454
1.2569559,-0.61291564,10.204087,-1.1887437,-0.062308256,-0.004886922
1.3742718,-4.010288,9.121908,-2.0024164,-0.103847094,-0.118507855
4.1276035,-8.511387,5.403713,-2.1294763,-0.017104227,-0.4569272
5.032612,-7.57286,4.865018,-0.30298916,0.3213151,-1.3035865
4.098873,-7.240066,6.435614,0.10629055,0.9993755,-0.5326745
3.6774938,-6.227319,6.579266,0.18081611,0.35796702,0.4886922
3.4284968,-3.4883518,8.444349,2.0292943,0.07941248,0.15515977
3.7301662,-2.9496565,7.0700774,2.8221974,-0.30665436,-0.096516706
3.7780502,-0.62249243,9.41879,0.2284636,-0.38973203,0.11362094
3.0238767,-0.33518824,9.811439,-1.1117748,0.593761,-0.16615535
4.807557,-1.8148049,7.651869,0.535118,-0.8894198,0.40683624
1.5035586,-1.8555063,9.009381,-0.6939429,0.344528,-0.16493362
10.09156,0.31364042,9.469068,1.4086553,-0.5045747,-0.0842994
3.2225955,-2.0159178,7.326257,0.9602802,-0.37507126,-0.013439035
7.2544312,3.0430303,8.101978,0.7696902,0.19547687,-0.4166101
4.0557775,-1.8914193,8.78672,-1.1936307,-0.07696902,0.2932153
2.7269957,-1.7381904,8.611943,0.2003638,0.58032197,0.0012217305
7.4627266,0.2873042,8.652645,0.37873647,-0.39950588,-0.015882496
0.9624691,-1.2856863,7.0006456,0.6096435,-0.20891592,0.052534413
6.9599442,3.371036,8.820239,0.7684685,0.24312437,-0.35308012
5.2145715,-1.970428,8.643068,-0.82833326,-0.26145032,0.32253686
1.1204864,-3.359065,9.720459,-0.7867944,0.4728097,0.09407325
8.451532,0.92176765,8.3629465,-0.36651915,0.1282817,-0.31520647
2.2481554,-1.5658079,7.302315,-0.66339964,-0.33964106,0.32498032
2.9041667,-1.3958195,7.48188,-0.47891834,0.2565634,-0.16493362
12.615048,-3.0142999,7.7931266,-0.376293,-0.3213151,-0.16737708
2.4588451,-4.5178585,7.52737,-0.18081611,-0.32620203,0.20158553
8.152257,-3.3039982,7.8410106,-0.73426,0.48258355,0.04153884
5.2361193,-3.952827,8.281544,-0.5155703,-0.45081854,0.68416905
-1.5370775,0.3854665,8.4587145,0.0012217305,0.09407325,-0.29932398
9.176975,-0.050278235,7.955932,0.63407815,0.21135938,-0.766025
3.4596214,-4.1659107,8.082825,-0.40439278,-0.40317106,0.72204274
0.7230489,-1.5466543,9.380483,-0.4251622,0.66339964,-0.36163223
11.911154,-1.4197617,7.0724716,0.08674286,0.3005457,-0.8979719
3.0621839,-2.801216,7.9990277,-0.04520403,-0.52290064,0.675617
3.052607,-1.1803415,7.52737,-0.61575216,0.75869465,-0.47525316
15.248671,-6.4164605,5.5880666,-0.24312437,-0.47647488,-0.14294247
2.4181437,-3.667917,4.9344497,0.095294975,-0.47036624,0.30909783
5.827487,-1.0295067,6.277597,0.10140363,0.91874135,-0.7440339
14.760254,-5.21936,6.2488666,-0.02565634,-0.7122689,0.31887165
0.035913024,-2.9137435,7.723695,0.35430184,-0.32375857,0.18325958
7.264008,-1.5131354,7.103596,0.5497787,0.95172805,-0.61941737
14.449007,-6.909666,5.2289367,-0.3005457,-0.68416905,0.6450737
2.4109612,-2.2697031,8.070854,-0.25778514,0.6914995,-0.28588495
4.3718123,1.1109096,9.284714,-0.6792821,0.9370673,-0.31887165
13.393165,-2.6240451,6.279991,-0.32620203,-0.54000485,-0.06352998
3.4500446,-2.6623523,6.7229185,-0.32375857,-0.32620203,0.111177474
5.243302,-2.4660277,7.8266454,-0.26389378,0.5864306,-0.2846632
12.928689,-2.8634653,5.559336,0.34208453,-0.75625116,0.23335053
2.1092918,-4.096479,6.6079965,0.19303341,-0.23090707,0.18692477
6.543353,-2.066196,8.257602,-0.24312437,0.5876524,-0.27977628
11.549629,-3.916914,6.631939,-0.3213151,-0.39095375,0.49235737
-0.5674258,-3.3303347,7.8170686,-0.21624629,0.05009095,-0.16737708
10.014946,-2.719813,7.1059904,0.48747048,0.24312437,-0.13927728
4.4915223,-2.219425,7.3406224,-0.20769419,-0.119729586,0.44959682
2.3175871,-5.1882353,7.845799,-0.9236283,0.90041536,-0.4605924
14.020445,-8.623915,5.6910176,0.15271631,-0.82344633,0.38728857
-0.22744916,-4.3143516,6.6965823,0.5558874,-0.23457226,-0.010995574
8.829816,-4.8506527,6.3446345,0.34697145,0.45448375,-0.4361578
11.9614315,-5.9639564,6.615179,-0.28955013,-0.6963864,0.74036866
-1.079785,-2.2864625,5.8562174,0.30543262,0.15760323,-0.3371976
7.3885064,-2.0566192,3.2561142,1.6029104,-0.23335053,-0.28344148
9.294291,-6.4140663,9.698911,-1.8069394,0.09162979,-0.2125811
8.094796,-0.8331822,6.3063273,2.144137,-0.57910025,-0.44593164
7.1610575,-1.8195933,6.1123967,1.2803736,-0.43004912,-0.06352998
6.1387334,-2.815581,7.03177,-0.81245077,0.49235737,0.14660765
5.0397944,-1.2330139,5.4061074,0.9859365,-0.13927728,-0.21991149
10.891224,0.60573304,7.180211,0.33475417,0.59742624,1.1533136
5.2887917,2.3654714,4.39336,0.57543504,-0.18570304,-0.80756384
10.453085,-6.991069,9.8042555,-0.14660765,-0.029321533,0.44837508
4.3837833,1.9153614,5.5737014,-0.07819075,0.057421334,0.4129449
6.1123967,0.06703765,5.386954,0.45081854,-0.5131268,-0.9651671
8.683769,0.22505496,8.09719,0.14172074,0.49357912,1.2425
4.0940847,3.1483753,3.6511576,0.31398472,-0.48747048,-0.35063666
9.425972,0.05267244,7.345411,0.55955255,-0.43127087,-0.50946164
7.28795,3.9336734,5.499481,-0.22113322,0.72326446,0.6585127
5.770026,0.20111294,3.9983168,-0.008552114,-0.39706242,-0.9798279
11.429919,-5.8634,10.15381,-0.8002335,0.2968805,0.68416905
5.149928,6.742072,3.4715924,-0.03176499,0.2846632,0.20158553
6.457162,2.822764,4.6926355,-0.04520403,-0.3567453,-1.0262536
9.19134,0.19153613,7.4244194,0.10873401,0.56688297,1.3304645
5.422867,2.6743233,3.4404678,-0.27977628,-0.4569272,-0.82833326
8.987833,-2.0446482,7.9008656,-0.25289822,-0.31520647,-0.52656585
8.564059,2.492364,5.0302176,-0.643852,0.6560693,0.3726278
6.5960255,0.8379706,6.1650696,0.16615535,-0.5180137,-0.7244862
9.718064,-3.3782187,9.409213,-0.4007276,0.11728613,0.51923543
5.7963624,1.2425907,3.98874,-0.5693264,0.48624873,0.23335053
6.981492,-0.3184288,5.722142,0.33108896,-0.45937067,-0.7867944
7.9702973,-3.5242648,9.3421755,-0.4642576,0.73548174,0.9370673
5.554548,2.15957,1.6879122,0.8197812,-0.039095376,-0.21013765
7.9104424,-0.9600749,7.4124484,0.62796944,-0.6230826,-0.52778757
7.0006456,0.78769237,8.190564,-0.40317106,1.0555751,0.72692966
5.9902925,-0.94331545,2.791639,0.54000485,-0.6072,-0.40439278
8.714894,-1.472434,8.954314,0.43004912,-0.38973203,-0.009773844
7.513005,2.44448,6.835446,-0.02687807,0.79901177,0.7098254
6.646304,2.9712043,2.4372973,0.15760323,-0.35185838,-0.50823987
8.882488,-2.3295584,7.9343843,-0.065973446,-0.38240165,-0.4605924
5.851429,1.472434,7.395689,-0.4373795,0.89675015,0.95905846
6.0764837,3.7828386,4.9536033,-0.24556783,-0.3323107,-1.0005972
9.998186,-6.6486983,10.048465,-0.50335294,0.267559,0.5204572
5.2863975,2.2840683,5.3725886,-0.029321533,0.22479841,0.33353242
6.7205243,2.6048915,5.2528787,0.13561209,-0.26145032,-1.0091494
10.6398325,-2.554613,9.933543,-0.47647488,0.27488935,0.752586
5.3127337,5.4683566,4.663905,-0.064751714,0.24923302,0.34330627
7.0221934,2.942474,5.8945246,0.39584067,-0.37140608,-1.1301007
9.445126,-4.465186,9.720459,-0.13805555,0.33964106,0.9468411
5.159505,3.6655228,4.1180267,-0.036651913,-0.11484267,-0.22235495
7.6135616,2.456451,6.2584434,0.019547688,-0.54733527,-0.95539325
8.118738,-1.1611878,7.1969705,-0.657291,0.4251622,0.7330383
5.056554,1.8339585,3.2872388,0.4288274,-0.0720821,-0.058643065
8.760384,-0.8714894,7.393295,0.2761111,-0.312763,-0.3921755
6.861782,1.1803415,4.6806645,-0.45814893,0.70005155,0.5045747
6.8186865,2.3463178,4.9799395,0.46303585,-0.50823987,-0.5546656
8.973468,-1.4341269,8.968679,-0.625526,0.4605924,0.9016371
5.3606176,2.9376855,2.147599,0.064751714,-0.1685988,-0.19058995
8.935161,-0.8762778,6.682217,0.77213365,-0.7134906,-0.5742133
8.11395,3.347094,6.730101,-0.17470746,0.9089675,0.73548174
6.2488666,0.62728083,2.7868507,0.4728097,-0.53878313,-0.29077184
10.000581,-2.6671407,7.2807674,0.60231316,-0.44837508,-0.02321288
8.209718,1.9129672,6.555324,0.8051204,0.6450737,1.0213667
6.847417,3.122039,2.4612393,-0.13439035,-0.5534439,-0.8368854
9.983821,-0.8643068,6.7109475,0.012217305,-0.376293,-0.6609562
7.338228,3.2585084,6.1004257,0.3005457,0.61819565,0.7892379
5.683835,1.3623008,3.9935284,-0.36651915,-0.05375614,-0.70005155
8.537724,-5.2768207,7.967903,-1.4220943,0.2321288,0.4569272
8.674192,-2.291251,8.109161,-0.15271631,0.62796944,0.12583824
6.2368956,2.8802247,7.369353,-0.8173377,1.0506883,-0.17470746
6.7324953,-1.3455414,6.588843,1.4697418,-0.07941248,0.5131268
3.4979286,3.13401,3.4620156,0.6389651,0.43860126,0.20280726
11.2312,1.6400281,6.4882865,-0.3494149,-0.32375857,0.03176499
3.6846764,0.1412579,7.3310456,-0.014660766,-0.2846632,0.16371189
5.3247046,2.0470424,8.48984,-0.20891592,0.29810223,-0.39584067
7.9272017,0.30166942,7.505822,-1.3634512,-0.034208454,0.28221974
1.3383588,-1.3263878,7.702147,-0.61086524,-0.344528,-0.002443461
8.063671,-3.1364043,5.4659624,-0.86742866,0.34574974,-0.4166101
10.759542,-7.771579,4.417302,-0.8051204,-0.5729916,0.69027776
-0.4309563,-1.30484,6.481104,-0.37873647,0.28344148,-0.07086037
10.01734,0.10055647,7.8625584,0.32253686,0.3200934,-0.57787853
5.899313,-2.2936451,7.33344,-0.31764993,-0.5216789,0.52290064
0.14844051,-1.8674773,8.844181,-1.3451253,0.32986724,-0.5766568
11.465832,-2.360683,5.707777,-0.04886922,0.14294247,-0.4605924
4.2161894,-2.8323407,7.9104424,-0.516792,-0.064751714,0.86742866
2.7461493,-3.107674,6.241684,-0.3555236,0.7635816,-0.44226643
12.282255,-4.050989,4.8602295,-0.009773844,-0.3848451,0.008552114
4.0318356,-2.906561,5.6431336,0.3408628,-0.38606682,0.29932398
7.9870567,-1.0773908,4.6255975,0.13316862,0.84421575,-0.5839872
14.745889,-4.0198646,6.019023,0.05497787,-0.4728097,0.48258355
0.9935937,-1.7477672,5.8083334,0.20525073,-0.1966986,0.06719518
10.970232,-0.9624691,4.7405195,0.8491027,0.30543262,-0.35430184
7.2424603,-3.6631286,6.777985,-0.1600467,-0.058643065,0.7171558
-0.0023942017,-1.0510546,5.470751,-0.07086037,0.14538592,-0.16615535
10.606314,-3.7181952,5.4659624,-0.09285152,0.11362094,-0.17715092
7.3166804,-3.775656,6.7372837,-0.34697145,-0.3811799,0.9443977
0.7517793,-1.1683705,5.9400144,0.5876524,0.058643065,-0.20280726
11.944673,-2.791639,3.7445314,0.3726278,-0.07696902,-0.39461896
2.954445,1.2090719,8.693346,0.6072,0.19547687,0.0
3.4476504,-0.36631286,6.801927,-0.95539325,0.5522222,-0.36285394
12.246342,-0.4285621,5.185841,-0.3323107,0.030543262,-0.14538592
3.8953662,-1.1468226,6.7803793,-0.36774087,-0.07941248,0.20647246
4.3143516,-1.7501614,5.805939,0.11484267,0.6096435,-0.19181168
13.536817,-1.0821792,5.5617304,0.029321533,-0.5131268,0.057421334
4.4460325,-2.5737667,5.3318872,-0.37018433,-0.10873401,0.13072516
5.6239796,-0.9983821,6.078878,-0.14049901,0.49357912,-0.05497787
14.29099,-2.9472623,6.6175733,-0.7770206,-0.5925393,0.015882496
4.6160207,-5.475539,6.8929067,-0.43249258,-0.5204572,0.2406809
5.825093,-3.9719806,5.0182467,-0.0061086523,0.8527679,-0.31398472
17.257406,-7.359776,2.6671407,-0.12095132,-0.90285885,-0.14538592
4.3167458,-2.9137435,5.0517654,0.49846604,-0.23579398,0.28955013
9.552865,-2.5378537,4.309563,-0.3555236,0.8698721,-0.5839872
11.793838,-5.5138464,5.6120086,0.2125811,-0.7452556,0.42638394
1.7597382,-2.0470424,6.0046577,0.34697145,-0.20769419,0.037873644
10.383653,-2.3439236,4.687847,0.42394048,0.40683624,-0.23335053
14.432248,-3.2561142,4.6040497,-0.07819075,-0.49235737,0.25167647
1.5825673,-0.93852705,5.1762643,-0.064751714,0.058643065,0.05009095
9.85214,-1.0247183,5.1786585,0.8686504,0.4886922,-0.50579643
15.777789,-5.41329,4.687847,-0.2687807,-0.45570546,0.12461651
4.8602295,-2.0566192,5.08289,-0.29077184,-0.07574729,0.5766568
4.7381253,-1.316811,7.062895,0.034208454,0.7476991,-0.5705481
13.36204,-2.7724855,4.4939165,-0.017104227,-0.09162979,-0.3286455
6.1100025,-2.8802247,7.062895,-0.034208454,0.009773844,0.5009095
2.0398598,-1.0654198,6.847417,0.35918877,0.48991394,-0.16982053
11.171345,0.770933,4.757279,0.9602802,0.3371976,-0.58276546
6.670246,-0.8595184,6.919243,-0.05131268,-0.2321288,0.50946164
1.8722657,-0.22505496,6.232107,0.2443461,-0.2687807,-0.015882496
9.217676,-0.94570965,7.6351094,-0.0036651916,0.48502702,-0.1600467
8.791509,-0.7589619,6.9000893,-0.2846632,-0.29810223,0.3848451
0.25139117,-0.320823,7.505822,0.16126843,-0.11484267,0.04642576
9.595961,0.30406362,6.1866174,-0.24801129,0.3811799,-0.06352998
11.84651,-0.16519992,5.434838,-0.1600467,-0.37995818,-0.034208454
2.0614076,0.36391866,5.758055,0.111177474,-0.18936823,0.20647246
9.382876,8.932767,2.7222073,-0.19425514,-0.48991394,0.6169739
9.397242,1.6591818,6.7348895,1.2669345,-0.5412266,-0.64996064
9.548077,-4.333505,7.326257,1.2363913,-0.24190263,-0.2724459
4.795586,-0.46686932,2.9592333,-0.63285637,-0.29565877,0.6450737
7.771579,-0.6631939,5.509058,-0.7819075,0.037873644,-0.79290307
10.994174,-2.0470424,8.748413,-0.49235737,0.6450737,0.6719518
4.984728,1.376666,3.5314474,-0.41783184,0.6010914,0.3494149
8.145074,1.7310078,4.5681367,-0.09896017,-0.19792034,-0.9957104
11.121067,-1.1875241,9.028535,-0.68783426,0.5534439,0.9443977
3.952827,3.98874,3.7732618,0.3494149,0.21746802,0.35796702
8.049306,1.0510546,6.993463,0.18936823,-0.2919936,-1.2363913
10.103531,-1.2114661,7.0581064,0.4288274,0.5119051,1.491733
4.086902,6.4068837,1.6543933,0.8417723,-0.23945917,-0.31887165
8.880095,-0.5674258,6.612785,0.02565634,-0.27366763,-0.86132
9.356541,-1.541866,7.141904,0.30665436,0.61453044,1.4856243
3.9791632,5.8634,2.1428106,0.39461896,-0.2406809,-0.4813618
8.947132,-0.23463176,7.237672,0.23823744,-0.30176744,-1.0506883
8.137892,-1.1994951,6.136339,-1.844813,0.42394048,0.80878556
8.880095,1.5131354,6.579266,-0.71593404,0.04886922,-0.22724187
7.656657,-0.6344634,6.081272,0.13805555,-0.15271631,-0.93828905
11.015722,-4.414908,7.443573,0.15760323,0.02687807,1.2913691
2.4229321,10.472239,4.9081135,0.2406809,-0.042760566,-0.14905111
9.370906,-2.2720973,6.8665705,0.13683382,-0.04642576,-1.1997393
9.591172,1.1971009,6.411672,0.087964594,0.22724187,1.5393804
3.289633,2.0590134,3.502717,0.23090707,-0.05497787,-0.9639453
11.250354,-6.5601125,7.7069354,-0.052534413,-0.08307768,-0.46181414
7.381324,1.8100165,7.539341,0.63163465,0.30543262,1.4013249
4.4603977,1.8626889,3.6966474,0.07696902,-0.14782938,-1.237613
12.11466,-9.916783,8.822633,0.15393804,0.10995574,0.42638394
5.5018754,1.376666,4.19943,-0.23090707,0.2125811,0.8979719
4.7381253,0.10534488,4.261679,-0.058643065,-0.31520647,-1.4440855
11.9614315,-5.511452,9.785102,-0.18325958,0.25778514,1.210735
3.6727054,2.8658595,4.0414124,-0.021991149,0.1282817,0.79045963
6.4739213,3.1196449,7.017405,0.4288274,-0.41416663,-1.6358972
11.216835,-2.1260512,6.423643,-0.95294976,-0.040317107,1.1838568
3.016694,1.6448165,3.9097314,-0.23579398,-0.8197812,-0.42394048
10.623073,-3.6942532,6.0142345,-0.12583824,-0.25167647,-0.9492846
9.799467,-0.81642276,5.758055,-0.3115413,0.4007276,1.6652187
4.0078936,5.6239796,1.9393034,0.7440339,-0.10751228,-0.6462954
12.500127,-5.073313,7.587225,0.042760566,-0.16737708,-0.47525316
8.707711,1.340753,4.8267107,0.064751714,0.37507126,1.3158038
4.5034933,4.6519337,1.8100165,0.48502702,-0.05009095,-1.097114
14.822503,-10.915166,7.3789296,-0.42271876,-0.039095376,0.12705997
6.4619503,3.2872388,5.209783,0.02076942,0.3481932,1.3939945
4.0438066,2.5881321,4.426879,0.4007276,-0.2761111,-1.2241739
12.29662,-6.1387334,8.463503,-0.16737708,0.13316862,-0.13561209
7.0102224,0.92655605,3.7014358,-0.7819075,0.48747048,1.1557571
3.1890767,4.795586,1.982399,0.19914207,-0.09773844,-1.0201449
10.867282,-1.9081788,7.97748,-0.16493362,-0.103847094,-0.7806858
7.9990277,0.8834604,6.694188,0.15149458,0.5876524,1.4330899
3.940856,4.1635165,2.2888567,0.172264,-0.33841935,-1.0543534
11.537658,-4.4843397,8.815451,-0.21624629,-0.112399206,-0.79290307
7.065289,3.2441432,5.9160724,-0.064751714,0.6230826,1.5137241
2.8658595,5.0517654,1.7142484,0.080634214,-0.2724459,-1.1032226
11.432313,-7.2424603,9.26556,-0.4251622,-0.059864793,-0.4166101
7.177817,2.7126305,5.8083334,-0.6450737,0.42271876,1.17897
3.071761,4.3143516,1.7190368,0.0720821,-0.37018433,-0.9053023
12.375628,-6.26802,8.197746,-0.46181414,-0.3567453,-0.49480084
8.1402855,0.80445176,4.5537715,-0.5021312,-0.17470746,0.8772025
3.4691982,4.0533834,0.29209262,0.6291912,-0.14660765,-0.68416905
11.973403,-1.8602947,6.3422403,0.081855945,-0.28955013,-0.8564331
9.828198,-2.2840683,6.315904,0.18570304,0.18936823,1.5723672
3.5625722,6.3589997,1.0606314,0.38728857,0.02321288,-0.17592919
11.008539,-1.1324574,5.681441,0.5375614,-0.172264,-1.0934488
11.98298,-3.0765493,7.28795,-0.12705997,0.27000242,1.1349876
2.5785553,6.5241995,2.8538885,0.8185594,0.09407325,0.2761111
10.275913,-1.352724,6.4619503,0.7538077,-0.35185838,-1.4110987
13.721169,-8.719683,7.7572136,0.013439035,0.27122417,0.89675015
5.535394,1.6041151,3.7828386,-0.33841935,0.34330627,0.6084218
3.8019924,2.9281087,3.9504328,-0.04153884,-0.1881465,-1.518611
11.267113,-3.5338416,8.408437,0.7293731,0.49846604,0.13805555
6.0046577,3.514688,4.783615,0.04886922,0.88086766,-0.8735373
4.0557775,3.311181,3.7804444,0.9822713,-0.23457226,0.23090707
12.890382,6.5098343,2.3630772,0.23823744,-0.35308012,-0.14172074
3.9360676,4.6806645,7.019799,0.956615,-0.32375857,0.6206391
6.9623384,3.0597897,6.5984197,-1.4514158,0.48624873,-0.98349303
13.333309,-0.93373865,4.7860093,-0.344528,-0.14294247,0.8943067
2.5785553,-1.2785037,8.511387,0.752586,-0.6450737,0.7330383
9.859323,1.9967642,4.1491513,0.13316862,0.35796702,-0.7635816
10.247183,1.3958195,3.608062,1.3133603,-0.36041048,1.2168436
0.02633622,3.3303347,8.056489,-0.9822713,-0.4813618,0.6609562
10.790668,0.8499416,2.7940333,-0.11484267,0.49602258,-0.95294976
9.646238,3.4859576,4.8482585,1.8008307,-0.6597345,0.35308012
2.5953147,5.6239796,7.7332716,-0.8564331,0.0061086523,-0.44226643
12.117055,1.8100165,0.59855044,-0.99204516,0.28344148,-0.3371976
7.831434,1.8387469,4.0892963,0.95172805,-0.344528,0.6719518
4.5633483,4.2664676,6.5122285,-1.8240436,0.95905846,-0.9297369
14.353239,-2.3319526,1.1300632,-1.2486086,0.021991149,0.021991149
6.9743094,1.0055647,4.5394063,0.1563815,-0.5510005,0.5338962
5.2480903,4.1922474,4.572925,-1.4831808,0.56199604,-0.93462384
16.970102,-4.405331,3.1316159,-0.7831292,-0.1881465,0.27977628
5.6886234,0.1412579,4.642357,-0.02565634,-0.40439278,0.33108896
7.410054,3.1747115,3.7421372,-0.5338962,0.49846604,-1.2608259
14.03481,-1.6232687,2.2768857,-1.3243558,0.18936823,-0.2406809
5.5760956,2.0925324,4.9823337,0.47036624,-0.22479841,0.09407325
4.297592,8.817844,6.799533,0.41783184,0.45937067,-1.2705997
9.574412,4.721366,2.8993783,-0.23701571,0.2761111,0.19058995
6.799533,4.0174704,4.6112323,0.37018433,-0.25534168,1.047023
1.9393034,4.213795,6.801927,0.05497787,-0.105068825,0.26511553
10.536881,1.2880806,3.5817258,-0.095294975,0.48502702,-0.25045475
10.773908,2.3391352,2.2050598,0.44959682,-0.05131268,0.8332202
3.6774938,1.8674773,6.6870055,0.88453287,-0.4251622,0.61819565
11.733982,-1.079785,2.4133554,-1.5430456,0.73792523,-0.15149458
7.2687964,4.4484267,5.439626,0.7831292,-0.15515977,1.0409144
1.6448165,2.0733786,6.95755,-0.22479841,-0.5522222,0.7770206
10.848128,-0.09816227,2.753332,-0.058643065,0.66339964,-0.32498032
7.836222,2.0326772,4.5537715,0.7867944,-0.23579398,1.3866642
0.46208093,0.89543146,9.636662,-0.80756384,-0.20525073,0.22235495
11.815386,-0.8379706,3.4380736,0.3885103,0.2724459,-0.5546656
7.5848308,-1.3024458,4.5920787,1.1557571,-0.43249258,1.0140363
2.372654,1.2689269,8.034941,-0.18325958,-0.030543262,-0.2761111
10.608707,-1.5610195,3.3782187,0.63163465,0.31887165,-0.22113322
7.666234,-5.3462524,10.5440645,-1.921782,0.3555236,0.8051204
4.4316673,1.8267759,4.546589,0.92485,0.48624873,-0.09773844
6.3589997,-0.7134721,4.831499,-0.13561209,-0.09896017,-1.3390167
10.6398325,-10.5440645,9.040505,-0.6426302,-0.002443461,0.53878313
5.353435,0.18914193,5.6646814,0.44837508,0.3933972,0.9981538
5.080496,0.49799395,3.4332852,0.30665436,-0.06841691,-1.4905112
10.850522,-9.938332,8.552089,0.13683382,-0.09896017,0.2724459
6.3829417,0.30885202,5.6670756,-0.61086524,0.97127575,0.9407325
4.4963107,2.1930888,4.283227,-0.0036651916,-0.50701815,-1.5259414
9.880871,-11.968615,10.512939,0.2968805,0.012217305,1.0616838
6.409278,-0.33758244,6.291962,-0.49480084,0.46914452,0.7819075
5.0996494,0.35913026,6.033388,-0.5021312,-0.45937067,-1.6261233
10.524911,-11.571177,8.580819,-0.39950588,-0.344528,-0.012217305
4.5322237,0.5506664,4.1946416,-0.95172805,0.18203785,0.6267477
6.895301,1.745373,3.4141316,-0.04886922,-0.6377433,-1.3744467
10.072407,-6.3302693,8.034941,-0.02076942,-0.25289822,-0.25534168
4.9895163,-1.6065093,7.513005,0.019547688,0.9822713,1.2388347
5.0134583,0.31364042,3.4500446,0.22724187,-0.119729586,-0.83199847
9.947908,-6.8665705,6.7492547,0.3371976,-0.55955255,-0.28955013
4.8458643,-0.4357447,7.3190746,0.6243043,0.53878313,1.6261233
4.0078936,0.90261406,4.2401314,0.2406809,-0.22968534,-0.56321776
9.794679,-6.6654577,7.809886,-0.1441642,-0.22479841,-0.6059783
6.564901,-0.16998832,6.8282633,-0.034208454,0.84299403,1.3976597
3.4883518,4.735731,2.719813,0.46303585,0.073303826,-0.54244834
6.9024835,0.5530606,9.167398,1.0433578,-0.24678956,-0.5766568
9.414001,-1.6400281,6.921637,-0.38728857,0.08307768,-1.9792033
2.8179753,-2.5019407,8.169016,1.287704,0.24190263,0.18325958
1.5849615,-2.4372973,9.368511,-1.5735888,0.75136423,-0.028099801
11.484985,0.20829555,6.2105594,1.1557571,-0.23335053,-0.28099802
4.5561657,-2.8993783,8.992621,-0.41783184,-0.33475417,0.4605924
6.117185,1.7118542,6.2584434,-0.43371433,1.0958922,-0.9419542
11.314998,-5.327099,7.1969705,0.38973203,0.48624873,0.8454375
0.6607997,-2.765303,11.44189,-0.44348818,0.54733527,0.19914207
5.161899,0.33997664,8.327033,0.3115413,0.40439278,-0.86620694
5.2002063,-0.038307227,9.516952,1.0128145,-0.3555236,0.8454375
0.19393034,-0.10055647,8.971074,0.20769419,0.073303826,-0.12583824
7.314286,-1.6208745,9.524135,-0.16126843,0.036651913,0.267559
-0.78529817,1.5849615,6.730101,-0.047647487,-0.18203785,-0.35063666
7.819463,-0.90021986,9.064447,-0.7171558,-0.040317107,-0.9602802
2.9233203,1.5634137,7.7907324,0.88086766,-0.376293,1.2327261
1.067814,1.3694834,8.571242,-1.0384709,0.0720821,-0.5131268
13.302185,-3.7708676,6.88333,-0.105068825,-0.22235495,0.16126843
3.6703112,0.7613561,7.398083,0.2846632,-0.5852089,0.46181414
4.0581717,1.1300632,7.165846,-1.0567969,-0.07941248,-1.1044444
14.453795,-3.7732618,5.674258,0.12705997,-0.019547688,0.44226643
4.1060557,-1.520318,8.568848,0.20280726,-0.7489208,0.39950588
6.7564373,3.442862,5.8921304,-0.9370673,0.25534168,-1.6346754
11.35091,-1.2401965,3.5984852,1.3060299,-0.20769419,1.1960741
3.1411927,-4.4675803,10.376471,-2.6279423,0.9211848,0.095294975
3.0214825,3.7900212,4.6279917,0.27122417,0.029321533,-0.20280726
7.419631,-2.956839,5.080496,0.18081611,-0.32253686,-1.3720033
8.9758625,-6.823475,9.349358,0.38240165,0.19914207,1.3610078
3.430891,2.135628,6.495469,0.0842994,0.13927728,0.2125811
6.9048777,1.0510546,6.612785,0.02687807,-0.53023106,-1.3023647
8.717288,-4.5202527,8.664616,-0.36651915,0.3115413,1.2449434
3.4404678,5.4180784,5.422867,0.14660765,0.06719518,0.037873644
8.836999,-2.992752,7.141904,-0.034208454,-0.37873647,-0.98471475
6.703765,-0.6943185,8.042124,0.44348818,0.5522222,1.4905112
3.8235402,4.831499,2.8083985,0.018325957,-0.45814893,-1.0861185
10.089166,-4.546589,8.319851,-0.2003638,-0.17104226,-0.5534439
5.044583,1.8124107,5.6359506,-1.4782939,0.5204572,0.7819075
5.7628436,4.211401,4.086902,-0.17592919,-0.5681047,-1.187522
10.484209,-9.7084875,11.063606,-0.61208695,0.17104226,-0.20158553
5.0397944,0.49081135,3.454833,-0.50335294,0.7305948,1.1081096
7.702147,1.0055647,4.2305546,0.37995818,-0.47158796,-1.1447614
11.212047,-7.764396,8.212111,-0.35185838,0.004886922,0.7806858
3.643975,-0.5770026,4.9224787,0.095294975,0.25900686,0.34697145
9.01417,-3.0214825,6.6965823,-0.07941248,-0.27122417,-0.9236283
7.153875,-1.4269443,6.2871737,0.17837265,0.5925393,1.1801916
4.5058875,2.3630772,3.3423057,0.40317106,-0.19914207,-1.001819
11.034876,-5.872977,8.252813,-0.1685988,-0.37995818,-0.28221974
4.5872903,0.7541735,4.96318,-0.035430185,0.4642576,0.9260717
6.7923503,0.22744916,4.8937483,0.04642576,-0.48380527,-1.3573426
10.357317,-9.854534,9.483433,-0.08307768,0.16249016,1.1032226
5.00867,-0.2777274,5.4061074,0.46670106,0.27977628,0.86254174
7.350199,-0.37828386,5.7365074,0.11362094,-0.3726278,-1.2852604
8.367735,-6.8881183,9.672575,-0.21991149,0.4813618,1.102001
4.1156325,4.960786,5.779603,0.1001819,0.48502702,0.16982053
6.83784,0.79726917,7.0940194,0.34574974,-0.63163465,-1.5919148
7.524976,-2.813187,7.156269,0.25778514,0.48258355,1.382999
4.036624,5.451597,3.7181952,0.07574729,-0.02443461,-0.4728097
8.985439,-3.004723,7.1371155,0.4129449,-0.59986967,-0.7611381
6.05733,0.46686932,7.9463553,0.2125811,0.7855727,1.6432275
5.3965306,1.6663644,4.903325,-0.04886922,-0.5448918,-1.3548992
10.328587,-11.405977,9.9550905,-0.49480084,0.14172074,0.7122689
4.9464207,1.5370775,4.8362875,-0.1966986,0.3933972,0.689056
7.599196,-0.46447513,6.6534867,0.112399206,-0.77946407,-1.5625933
7.314286,-1.6472107,6.256049,-0.12583824,0.6743952,1.4343116
4.8482585,1.42455,3.9624038,-0.112399206,-0.5717699,-0.84299403
11.039664,-5.542577,8.839393,-0.22602014,-0.39095375,-0.6646214
5.8466406,-0.89064306,5.109226,-0.065973446,0.2968805,0.8906415
7.0581064,1.4939818,5.2241483,0.3555236,-0.4202753,-0.96761054
10.986992,-10.812215,8.947132,-0.05375614,0.019547688,0.75502944
3.8379054,-0.40701428,6.0142345,0.41905355,0.70005155,0.73548174
8.772355,-0.9672575,8.0924015,0.2761111,0.8527679,-0.28955013
7.0341644,-1.2617443,5.889736,-2.2553146,0.95905846,-0.5888741
2.6120741,-2.408567,4.620809,0.9260717,-0.23701571,0.22479841
13.680469,-1.8555063,5.7484784,-0.7770206,-0.3652974,-0.93951076
4.9583917,-1.1228806,7.1466923,0.47891834,-0.9505063,0.8368854
7.156269,1.3599066,5.7245364,-0.064751714,-0.19914207,-0.96761054
11.621455,-6.471527,5.401319,-0.04520403,-0.34330627,1.1716396
2.2577322,-2.7988217,8.9519205,0.31031954,-0.46181414,0.33964106
9.720459,-1.067814,4.4963107,0.3555236,0.50701815,-1.0543534
5.57849,-1.340753,6.38773,1.971873,-0.68539083,1.219287
2.432509,1.5921441,8.841787,-0.5546656,-0.064751714,-0.53023106
12.837709,-2.3894134,2.6862943,-0.79412484,0.24678956,-0.6743952
5.861006,0.7326257,5.884948,1.0616838,-0.4801401,0.43371433
8.094796,1.7142484,7.8290396,-0.3359759,0.8539896,-0.96883225
9.179369,-3.2130187,7.2687964,-0.39950588,0.32253686,0.8210029
0.9720459,-4.187459,8.152257,-0.5326745,-0.043982297,0.49357912
9.428367,-2.0278888,6.0405707,0.3848451,0.26633725,-0.74036866
4.733337,-0.6512229,7.067683,2.212554,-0.25411993,0.7855727
5.2600613,2.9951463,4.9655743,1.033584,0.14660765,0.047647487
8.595184,2.3630772,6.129156,0.057421334,-0.20769419,0.17959438
7.00304,0.81881696,7.764396,0.19547687,0.008552114,-0.11728613
3.6128504,6.3901243,6.9168487,0.43127087,-0.062308256,-0.6072
9.059659,0.9696517,5.74369,0.4361578,-0.30298916,-0.8686504
4.5777135,3.071761,6.603208,0.6914995,0.34208453,1.0775663
3.6583402,3.3782187,5.085284,0.07696902,-0.19792034,-0.65118235
14.111424,-2.6671407,5.9663506,0.018325957,-0.21868975,0.28221974
4.3047748,3.3494883,7.2951326,0.28588495,-0.18203785,0.42760566
5.1786585,7.548918,5.073313,-0.21013765,-0.1685988,-1.7397442
12.196063,0.51714754,4.8985367,-0.035430185,0.21868975,0.88697636
2.0614076,0.24420857,7.1873937,-0.267559,0.33353242,0.30298916
9.636662,2.5761611,6.775591,-0.11362094,0.15149458,-0.8173377
4.259285,5.0374002,4.489128,0.6426302,0.29932398,1.0091494
4.0557775,6.0381765,4.7884035,-0.59620446,0.13927728,-0.6560693
11.592725,-5.8083334,9.272743,0.43249258,0.087964594,1.0665708
3.7421372,0.60812724,7.290344,-0.3359759,-0.081855945,0.9138544
5.849035,5.2744265,5.657499,-0.22968534,-0.07574729,-1.237613
8.925584,0.2777274,8.801085,0.9969321,0.13683382,1.2241739
1.99437,3.2680852,7.323863,-0.1685988,-0.1966986,0.008552114
8.793902,0.8499416,7.4627266,0.5412266,-0.02321288,-0.48747048
5.2361193,2.9281087,6.078878,0.72326446,0.02321288,1.1838568
4.865018,2.743755,5.638345,-0.5363397,-0.10629055,-1.1435398
15.856798,-5.2768207,6.43322,-1.0005972,-0.073303826,0.31642818
5.3462524,0.8858546,6.7612257,-0.15515977,-0.18448131,0.48624873
6.5601125,2.9281087,6.6295447,-0.13439035,-0.12217305,-1.0958922
8.228871,-0.44771573,7.606379,0.37507126,0.37140608,0.9859365
0.8643068,5.434838,6.9024835,0.095294975,0.089186326,-0.112399206
9.957485,1.3215994,7.038953,0.22724187,0.0036651916,-0.64996064
5.437232,1.8052281,7.3310456,0.54000485,0.27000242,1.1887437
2.7269957,2.932897,5.590461,-0.41172317,0.087964594,-0.4447099
10.2974615,-5.104438,7.1586633,-0.65484756,-0.25167647,-0.23090707
6.979098,1.1300632,6.943185,-0.04642576,0.19547687,1.1007792
3.9097314,-1.0031705,7.1993647,-1.1704178,-0.02565634,-0.2602286
7.4986396,-1.115698,7.726089,-0.41416663,0.26633725,-0.6450737
7.5920134,0.272939,6.3182983,0.31764993,0.08674286,-0.3640757
5.6766524,-2.789245,7.517793,-0.9944886,0.20891592,0.3933972
5.233725,4.2784386,5.2768207,0.24190263,-0.20280726,0.12461651
8.698134,-2.372654,5.925649,0.9309586,-0.28955013,-0.56688297
10.984597,-3.502717,7.381324,-0.2761111,-0.16371189,0.34574974
4.489128,0.16519992,5.4061074,-0.32986724,0.37140608,0.21380283
6.955156,3.2130187,3.1268275,0.17959438,-0.118507855,-1.1410962
10.426748,-5.1882353,9.545682,-1.0311406,0.018325957,0.625526
4.924873,1.6017209,5.1786585,0.53023106,0.16982053,0.47647488
6.0597243,-1.9201498,4.9057193,0.064751714,-0.20525073,-0.52778757
10.565612,-7.5800424,7.2304893,0.39584067,-0.22968534,0.14172074
4.805163,2.0805612,5.097255,-0.10262536,0.32620203,0.61575216
5.269638,-1.328782,5.303157,-0.40683624,-0.28955013,-0.59986967
9.184157,-4.3263226,8.444349,-0.9419542,0.13927728,-0.28344148
5.770026,-3.5242648,5.729325,-0.6914995,0.2602286,0.18203785
6.0525417,-3.169923,6.7588315,1.2034045,-0.028099801,-0.5155703
8.959103,-5.046977,9.136273,0.16493362,0.4813618,0.72326446
1.8387469,-2.2457612,7.0724716,1.047023,0.5375614,0.4092797
6.9862804,-2.219425,7.6375036,0.47403142,0.21991149,-0.98715824
4.924873,-1.0773908,9.41879,0.77091193,-0.2602286,1.1203269
2.3343468,2.669535,7.52737,0.7831292,-0.7965683,0.30909783
7.347805,-2.0207062,7.1131735,0.16982053,-0.16737708,-0.70616025
8.7292595,-1.1013328,8.664616,-0.2724459,0.04642576,0.7318166
2.6048915,-0.40222588,7.1059904,-0.41905355,0.33108896,-0.03176499
8.070854,-2.0087352,5.839458,0.2919936,-0.1001819,-0.8735373
5.0900726,0.47644615,8.765172,0.7611381,0.10995574,1.269378
3.1387985,-1.5634137,5.695806,-0.6927212,-0.0012217305,-0.689056
9.121908,-10.247183,10.769119,0.35308012,-0.037873644,0.62796944
4.4005427,-0.90021986,6.7372837,-0.6389651,0.15760323,0.3885103
5.209783,3.3997664,7.16824,-0.17837265,-0.172264,-1.3536774
8.35337,-3.8881836,10.175357,0.22479841,0.25167647,1.2913691
2.3175871,-0.533907,6.8569937,0.019547688,0.2883284,0.25778514
7.204153,-1.1420342,7.8170686,-0.40561453,-0.24923302,-1.455081
7.2831616,-5.1235914,8.846576,0.9260717,0.028099801,1.4624114
1.5658079,4.912902,5.0302176,-0.31642818,0.056199603,-0.4654793
7.776367,-4.4125137,8.094796,0.04886922,-0.29443705,-0.63407815
4.9799395,1.2210429,6.8450227,0.7122689,0.24556783,1.3060299
3.0621839,0.60333884,5.3582234,-0.17470746,-0.29932398,-0.8405506
9.588778,-9.885659,10.110714,0.24801129,-0.17837265,0.30909783
4.247314,0.37349546,7.563283,-0.13316862,0.37507126,0.87964594
3.9217024,1.0414777,5.602432,-0.39706242,-0.18325958,-1.2034045
9.572019,-11.379641,10.213664,-0.10873401,-0.009773844,0.52534413
5.3366756,0.08140286,6.5577183,-0.30787608,0.13194689,0.34330627
4.7189717,-0.21547815,5.2959743,-0.4447099,-0.2003638,-1.1398746
10.216059,-11.935096,9.821015,0.37018433,-0.02321288,0.6010914
4.7429137,-0.3184288,6.775591,-0.1160644,0.1881465,0.38973203
5.559336,1.4915876,5.5377884,-0.4605924,-0.2443461,-1.5613716
9.65821,-6.622362,9.892841,-0.04520403,-0.06719518,0.8381071
4.63278,-0.49799395,6.7803793,0.08307768,0.056199603,0.43127087
6.2345014,1.1468226,7.3909006,-0.052534413,-0.18081611,-1.4086553
9.497798,-6.0764837,9.572019,0.37140608,-0.034208454,1.1252137
3.6104562,-0.8475474,6.754043,0.0,0.21135938,0.4447099
5.7484784,1.2018893,6.9000893,-0.15027285,-0.118507855,-1.4501941
8.293514,-5.9902925,8.121132,0.10995574,-0.03176499,1.3500122
3.0597897,-1.067814,6.579266,0.009773844,0.081855945,0.39461896
7.699753,-0.33039984,6.131551,0.14905111,-0.33475417,-1.2229522
9.220071,-5.035006,8.602366,-0.118507855,0.26389378,1.0042624
1.745373,3.4572272,6.9048777,0.56321776,0.29565877,0.0842994
8.281544,-1.9177556,6.0597243,0.23701571,-0.2284636,-0.97494096
7.180211,-2.8419175,7.979874,0.6230826,0.34574974,1.3439035
1.7788919,2.2960393,7.675811,0.35185838,0.79534656,-0.04642576
7.4124484,-1.1683705,8.327033,-2.761111,0.85154617,-0.37018433
4.8147397,-4.9224787,5.6215854,-0.312763,-0.10751228,0.21624629
5.2002063,-6.9360023,3.7852328,0.22357668,-0.7293731,-0.6450737
6.3302693,-9.095572,5.317522,2.2174408,0.1685988,-0.1160644
7.4244194,3.004723,9.610326,3.811799,-0.13683382,0.21868975
5.073313,0.009576807,9.572019,-0.6951646,-0.13072516,0.3848451
4.936844,2.8634653,6.3542113,0.36896262,-0.17592919,0.36163223
7.8625584,-1.1180922,6.4188547,0.45937067,-0.43371433,-0.4288274
8.310274,-3.7445314,7.539341,0.040317107,0.37018433,0.86254174
3.9815574,-0.4165911,8.118738,-0.0012217305,0.5815437,0.25534168
6.4763155,-1.6184803,8.209718,-0.72326446,0.3885103,-0.5852089
7.1586633,-4.177882,8.520964,-0.31031954,0.4654793,0.5497787
3.3423057,-4.996699,7.177817,-0.70616025,0.2932153,-0.09773844
3.7612908,-2.585738,7.704541,-0.007330383,-0.05497787,-0.2125811
6.7684083,-5.6431336,7.819463,0.05131268,-0.22602014,-0.4972443
4.1922474,-1.9895816,7.9463553,0.7171558,-0.10262536,0.91507614
2.9951463,-1.4796166,7.007828,0.16493362,-0.12583824,0.3005457
6.4787097,-2.384625,8.597578,-0.029321533,-0.42760566,-0.7892379
6.8306575,-8.190564,9.907207,-0.7415904,0.23945917,0.4654793
4.8003745,-0.21787235,7.264008,0.5510005,-0.27000242,0.015882496
6.3661823,-3.3758245,7.843405,-0.6450737,-0.040317107,-0.8368854
6.9719152,-12.514492,8.858546,-0.625526,-0.09285152,0.3481932
2.9281087,-1.4556746,7.0341644,0.08674286,0.1966986,0.79290307
3.5793316,0.7757214,6.136339,-0.22724187,-0.036651913,-0.42760566
6.6893997,-1.5179238,8.02297,0.2846632,-0.20158553,-0.62796944
7.9272017,-11.6669445,9.653421,-0.37995818,0.02076942,0.5021312
2.5570073,-2.0398598,6.9288197,-0.14294247,0.065973446,0.6780604
4.2640734,-0.045489833,7.395689,-0.004886922,-0.061086524,-0.65118235
6.8689647,-3.3973722,8.815451,0.081855945,-0.112399206,-0.408058
6.253655,-8.659827,7.81228,-0.675617,0.0842994,0.91507614
2.1212628,-2.1978772,6.349423,0.04642576,0.057421334,0.56688297
5.592855,-4.120421,8.801085,0.6389651,0.0036651916,-0.98715824
7.762002,-5.159505,8.690952,-0.34697145,0.118507855,-0.40683624
4.699818,-6.6965823,6.7612257,-0.04886922,0.07696902,1.2302825
1.352724,2.8083985,6.126762,0.33841935,-0.1600467,0.073303826
6.093243,-2.6144683,8.499416,0.3042109,0.02565634,-0.6988298
8.856153,-9.782708,8.200141,-0.312763,0.09773844,-0.05375614
3.6296098,-1.934515,7.1059904,0.04520403,-0.13316862,0.9016371
1.9129672,1.8411411,8.087613,0.5021312,0.032986723,-0.54367006
6.895301,-2.432509,7.941567,0.6389651,0.30665436,-0.29932398
4.8745947,-6.172252,9.006987,0.17348573,-0.41905355,0.14538592
5.896919,-2.9041667,7.3286514,0.91629785,0.034208454,-0.516792
1.8579005,-3.3518825,6.0716953,0.32253686,-0.2846632,0.65484756
1.9488802,2.2936451,9.229648,0.11728613,0.54000485,-0.31887165
9.267955,-1.4796166,8.037335,0.59131753,-0.061086524,0.095294975
3.3854012,-0.7350199,7.381324,0.23335053,-0.3371976,0.3042109
1.6160861,1.2569559,9.258378,0.5681047,0.3811799,-0.65240407
10.972627,-0.5506664,6.646304,-0.46303585,-0.14782938,0.030543262
2.3894134,0.78769237,8.173804,0.39584067,-0.30176744,0.19058995
3.9719806,0.46926352,9.109938,-0.5290093,0.56321776,-0.9505063
10.584765,-0.48602295,7.73806,0.5656612,-0.22235495,0.27977628
2.9017725,-0.7685388,7.3885064,-1.2901474,-0.06963864,0.103847094
3.739743,1.7070658,8.259995,0.05497787,0.13072516,-0.7293731
9.868899,-3.775656,8.271967,0.20525073,-0.087964594,0.7367035
2.966416,-0.6847417,8.583213,0.73548174,-0.2602286,0.15515977
4.213795,1.3335704,7.728483,-0.7318166,0.5571091,-0.8772025
11.173739,-0.055066638,8.104373,0.0061086523,-0.111177474,0.27855456
2.980781,-1.0630256,8.200141,-0.47769663,-0.23090707,0.039095376
4.4556093,0.63206923,8.1163435,-0.12950343,0.267559,-0.73792523
9.880871,-0.94810385,7.3789296,0.30665436,-0.17959438,0.58276546
2.384625,-0.25139117,8.350976,-0.10262536,-0.30176744,-0.061086524
6.9743094,1.5394717,7.3166804,-0.9285152,0.37140608,-0.79779
10.565612,-1.970428,7.4627266,-0.59620446,-0.05009095,0.4373795
3.4859576,0.24660277,7.5944076,-0.29932398,-0.18203785,-0.12339478
4.3718123,1.5849615,8.492233,-0.5925393,0.41538838,-0.91751957
9.615114,-2.2529438,8.0924015,-0.057421334,-0.16982053,0.41172317
3.1651347,-0.94570965,8.497022,-0.012217305,-0.26511553,-0.27366763
5.0158525,2.6048915,7.419631,-0.91874135,0.66706485,-0.8943067
12.152967,-2.6144683,6.6606693,-0.6963864,-0.22968534,0.13683382
3.9671922,-0.7110779,8.025364,-0.3555236,-0.24678956,0.4972443
2.6360161,0.89782566,7.015011,-0.15393804,-0.030543262,-0.8368854
7.577648,-3.0933087,6.6367273,0.28099802,-0.065973446,-0.65240407
4.9559975,-3.5410242,6.6079965,0.080634214,0.039095376,1.4624114
-0.9816227,0.9816227,7.704541,-0.6230826,0.204029,0.07941248
7.2304893,-1.1755531,6.4523735,0.6401868,0.20769419,-0.61453044
10.81461,-7.6494746,9.497798,-0.36896262,-0.19181168,0.71837753
0.533907,-2.4588451,6.6486983,-0.02443461,0.04886922,0.53023106
7.4148426,-2.2505496,6.229713,-0.23823744,0.21746802,-1.0922271
12.706028,-7.2951326,8.111555,-0.2968805,-0.21746802,-0.05009095
4.3742065,-4.8458643,7.1873937,-0.6743952,0.10140363,0.7122689
3.2154129,-2.2457612,7.086837,0.081855945,0.535118,-0.6719518
11.408371,-4.4077253,7.1993647,-0.2443461,0.029321533,-0.25167647
4.7884035,-3.0502129,7.309498,-0.25411993,-0.13194689,-0.021991149
5.6766524,-2.7724855,7.345411,0.20158553,0.09773844,-0.09407325
4.8386817,-1.733402,7.1155677,0.04886922,-0.008552114,0.1881465
5.961562,0.062249243,6.3422403,0.18570304,-0.1160644,-1.2180653
10.864887,-7.1826053,8.078036,-0.6914995,0.035430185,0.72082096
2.2888567,-3.8786068,6.969521,-0.6951646,-0.18448131,0.74281216
7.6375036,-2.6001031,6.423643,0.22602014,0.11728613,-1.2290609
14.875175,-11.0061455,7.6614456,-0.7318166,-0.48747048,0.4129449
4.5082817,-2.7461493,7.3430166,0.7049385,-0.17959438,0.5510005
5.149928,0.9624691,6.0046577,-0.12217305,0.35308012,-0.9627236
12.045229,-2.5617957,6.691794,-0.5656612,-0.07574729,-0.70616025
6.7684083,-4.699818,6.021417,0.55833083,-0.41905355,0.7464773
3.1028855,-3.1316159,7.575254,0.34574974,-0.28344148,0.4129449
8.236053,-4.1180267,7.7213006,-0.15027285,0.68661255,-0.5729916
8.26239,-4.757279,7.6614456,-0.12217305,0.009773844,1.3084733
1.2665327,-1.5777789,6.5744777,0.54244834,-0.07086037,0.72082096
7.0341644,-0.320823,5.8586116,0.376293,0.17104226,-1.1533136
10.352529,-7.855376,6.6870055,-0.3408628,-0.25534168,1.0372492
1.8674773,-4.0414124,6.0262055,0.48624873,-0.21991149,0.59864795
7.2568254,-2.006341,5.590461,-0.25167647,0.42638394,-1.1276573
13.290214,-11.7268,7.1945763,-0.86132,-0.0036651916,0.41416663
2.822764,-3.4476504,6.1938,0.05131268,-0.080634214,0.4801401
5.9783216,-1.4413095,7.019799,-0.21868975,0.36651915,-1.4856243
12.411542,-4.72376,7.326257,-0.75747293,-0.17470746,-0.6267477
4.390966,-3.6415808,5.518635,0.5375614,-0.1001819,0.8588765
1.9991584,1.0342951,7.1873937,-0.35185838,0.33353242,-0.46792278
8.425196,-1.8004397,8.497022,0.1881465,-0.062308256,-0.6792821
11.262324,-12.576741,9.23683,-0.059864793,-0.09285152,0.080634214
3.5434184,-5.1259856,4.853047,-0.32620203,0.22357668,0.65240407
4.3646297,-1.721431,5.398925,0.04153884,0.034208454,-0.92485
9.775525,-6.4068837,7.9822683,0.6597345,-0.3848451,-0.51068336
5.427655,-3.1028855,9.179369,0.036651913,0.36285394,1.6126842
1.043872,2.6982653,3.7014358,-0.08552113,-0.0061086523,-0.06719518
8.702923,-2.7964275,5.7843914,-0.09407325,-0.28099802,-1.047023
12.612655,-15.397111,10.247183,-1.0005972,-0.09040806,0.22479841
4.1946416,-1.1875241,5.48751,0.6072,0.47158796,0.6267477
5.5138464,-0.20111294,5.3606176,0.84421575,-0.09162979,-0.07086037
7.120356,-3.9863458,6.6989765,0.5546656,-0.25534168,-0.26145032
6.447585,-6.9599442,7.9726915,-0.2883284,0.16371189,0.5644395
3.9983168,-2.6503813,6.0956373,-0.66706485,0.22357668,0.3323107
6.0022635,0.6464345,6.0621185,0.30909783,-0.11362094,-0.71837753
10.132261,-4.0797195,7.795521,0.52656585,-0.29810223,-0.44959682
5.729325,-8.669404,5.602432,-0.77579886,0.27977628,1.1765264
3.9552212,-2.468422,7.469909,-0.548557,0.18203785,0.6035349
5.4922986,-1.7118542,6.1004257,0.49602258,0.0012217305,-0.48624873
9.196129,-2.9281087,7.680599,1.0885619,-0.43371433,-0.4654793
8.882488,-11.954249,7.0365586,-0.90408057,0.0061086523,1.1081096
3.5458126,-4.426879,5.3582234,0.172264,0.2602286,0.68416905
5.5018754,-1.2378023,5.7748146,0.07086037,0.04153884,-1.3243558
8.492233,-5.427655,7.953538,0.19792034,-0.010995574,-0.4728097
5.9160724,-4.4220905,7.369353,0.29565877,0.16982053,1.3182472
2.2744915,0.6464345,5.4803276,-0.09896017,-0.043982297,0.095294975
8.607155,-4.0198646,7.1993647,0.05375614,-0.118507855,-0.70371675
9.035717,-6.2249246,8.26239,-0.058643065,0.095294975,1.0873401
3.5865142,-2.5378537,5.693412,0.095294975,0.04886922,0.59986967
7.6590514,-4.0054994,6.540959,0.10995574,-0.111177474,-0.98837996
9.7084875,-9.14585,7.929596,-0.3726278,-0.007330383,-0.012217305
5.0014873,-2.8395233,7.21373,-0.02321288,0.16737708,0.6560693
1.9536686,1.3479356,4.6112323,0.014660766,0.030543262,0.061086524
9.109938,-3.8666358,6.385336,0.43982297,-0.32986724,-0.68539083
11.154586,-10.060435,8.123527,-0.6230826,0.03176499,0.3567453
4.381389,-2.822764,5.995081,-0.5290093,0.3042109,0.5717699
3.9121256,-0.1364695,5.9926867,-0.44104472,0.19547687,-0.8527679
9.181764,-3.4404678,6.8450227,-0.19181168,-0.007330383,-0.48380527
6.9647326,-6.3350577,6.1746464,0.11362094,0.03176499,1.2034045
2.0494366,3.2345665,5.094861,0.3555236,-0.019547688,0.1441642
8.9758625,-3.181894,6.6295447,0.12339478,-0.21502456,-1.2217305
11.429919,-12.174516,7.9607205,-0.6560693,-0.030543262,0.14049901
4.5920787,-2.4253263,5.470751,-0.062308256,0.12583824,0.6377433
3.064578,0.7781156,4.781221,0.11362094,0.035430185,-0.17592919
8.358158,-2.4492683,6.155493,0.7623598,-0.15760323,-0.6927212
9.904813,-8.291121,6.7971387,-0.4202753,0.0842994,0.81489426
4.2640734,-3.9983168,6.0477533,-0.27488935,0.09407325,0.48258355
4.8362875,-0.9576807,5.45878,0.16126843,0.05497787,-0.83077675
9.210494,-5.602432,7.237672,-0.4373795,-0.12339478,-0.43127087
5.3678,-2.8778305,7.797915,0.55833083,0.112399206,1.1899655
1.8411411,1.6927006,6.591237,0.10262536,0.118507855,0.02443461
6.8186865,-2.5833437,6.811504,1.1691961,-0.04153884,-0.7110472
10.702082,-5.7005944,6.325481,-0.0036651916,-0.07086037,0.09285152
4.4220905,-1.7190368,6.6247563,-0.45570546,-0.37384954,0.48502702
2.5474305,-2.7844565,7.1227503,0.66706485,0.056199603,-0.04520403
11.015722,-3.071761,4.3287168,-0.71837753,0.27977628,-0.07452556
3.8307228,-1.8219875,7.285556,1.0128145,-0.39584067,0.8344419
2.9161377,0.48123455,6.007052,-0.036651913,-0.036651913,-0.07574729
11.135432,-1.0295067,5.547365,0.02076942,-0.057421334,0.24678956
5.0421886,-3.1148565,6.6534867,0.70738196,-0.09773844,0.7293731
0.9576807,-3.6655228,7.9367785,-0.23823744,0.46914452,-0.53023106
10.311827,-5.7245364,4.441244,-1.3622295,0.057421334,-0.17715092
3.3063924,-4.249708,6.5720835,0.86254174,-0.27855456,1.2461652
-2.066196,-4.331111,6.885724,0.12583824,-0.21502456,-0.28344148
8.283937,-7.809886,1.6184803,-0.3371976,0.12583824,-0.56321776
6.993463,-5.7125654,7.0581064,1.1630874,-0.17715092,0.9101892
1.1348516,-8.578424,5.645528,-0.51068336,0.16493362,-0.07452556
5.861006,-2.9496565,5.209783,-0.43249258,0.5742133,-0.9468411
8.781932,-5.499481,5.9902925,-0.24190263,-0.3408628,0.9089675
0.60573304,-7.467515,6.215348,0.9615019,-0.47036624,0.21624629
7.565677,-5.6886234,3.5314474,0.16615535,0.53023106,-0.8491027
9.241618,-6.801927,3.9863458,-0.02687807,-0.27122417,1.0128145
1.4197617,-8.207323,6.5385647,-0.07574729,-0.28588495,0.09896017
7.9487495,-4.759673,4.6950297,-0.105068825,0.657291,-0.93584555
12.287044,-8.157045,3.1627405,-0.1881465,-0.40317106,1.0433578
-0.6799533,-5.5162406,5.631162,0.9896017,-0.46792278,0.31764993
8.00621,-5.8921304,4.7022123,0.41905355,0.45204028,-0.9431759
11.101913,-6.859388,3.8043866,0.33108896,-0.3933972,1.219287
4.247314,-5.779603,6.3470287,0.16493362,-0.21868975,0.33353242
5.6431336,-2.2744915,6.6056023,0.3323107,0.61819565,-1.1826351
11.925519,-2.6743233,3.679888,-0.4092797,-0.16493362,-0.12095132
4.378995,-2.2601264,7.369353,1.4648548,-0.1282817,0.5742133
1.6711528,-4.27365,8.034941,-0.45081854,0.43982297,-0.4166101
11.963826,-1.946486,5.463568,-0.2602286,-0.080634214,0.14172074
3.9336734,-1.970428,7.36217,0.68416905,-0.41538838,0.43249258
1.7621324,-4.06296,8.884883,-0.15882497,0.46181414,-0.4251622
12.698846,-1.9393034,4.1706996,0.18692477,-0.20891592,0.018325957
4.0940847,-3.8474822,6.4427967,-0.05131268,-0.24923302,0.69027776
2.0470424,-0.8571242,9.246407,0.4569272,0.5448918,-0.7623598
10.503363,-3.3877954,5.3079453,-0.36163223,0.09162979,-0.0036651916
4.0773253,-1.5849615,6.9144545,0.93951076,-0.32986724,1.3035865
0.9911995,-0.93134445,6.9048777,0.6291912,0.46303585,0.267559
5.827487,-3.1627405,6.3422403,0.13316862,-0.095294975,-1.1117748
10.086772,-8.827422,6.6415157,-0.07819075,-0.35430184,-0.034208454
3.3758245,-2.765303,7.5441294,-0.10995574,0.12705997,0.59864795
2.44448,-1.0845734,5.961562,-0.059864793,-0.019547688,-0.7855727
7.666234,-5.494693,7.03177,-0.23457226,-0.10629055,-0.61941737
5.995081,-5.33907,5.803545,0.29810223,0.20891592,1.3035865
1.1540052,0.24181437,4.865018,0.14538592,0.014660766,-0.3494149
7.893683,-4.960786,6.655881,0.49968776,-0.2406809,-0.50946164
7.97748,-7.0940194,6.2368956,0.45814893,0.19303341,1.3304645
1.9800048,-1.2234371,4.912902,0.21991149,-0.073303826,0.47158796
7.752425,-5.3582234,6.835446,0.1685988,-0.14172074,-1.1985176
9.840169,-12.397177,8.008605,-0.4447099,0.1685988,0.57910025
4.390966,-2.72939,6.0381765,-0.03176499,0.02076942,0.7464773
4.2305546,-3.1028855,5.398925,-0.18448131,0.03176499,-0.8552113
8.90643,-5.9663506,6.229713,0.008552114,-0.081855945,-0.56688297
5.511452,-5.08289,6.0022635,0.48747048,0.14294247,1.1838568
1.8746599,-0.055066638,6.172252,0.13439035,0.18936823,-0.05009095
7.52737,-6.4284315,6.528988,-0.7244862,0.30298916,-0.21868975
6.2584434,-5.7987566,4.8626237,0.7281514,0.43982297,0.034208454
4.596867,-2.3894134,6.2009826,0.65484756,0.7367035,-0.2724459
5.791574,-2.5330653,7.4842744,-0.4569272,0.36651915,-0.535118
8.39886,-9.423578,8.087613,0.77457714,-0.16249016,0.23335053
1.757344,-3.6487634,6.615179,0.657291,-0.004886922,0.49113566
2.980781,-1.9728222,6.579266,-0.15027285,-0.3640757,-1.2962561
7.4962454,-12.679692,11.271901,-0.72082096,0.059864793,1.0213667
3.083732,-3.241749,4.876989,-0.08307768,0.39950588,0.52534413
4.7165775,-0.9911995,6.5936313,0.15271631,-0.68416905,-1.4672983
10.01734,-10.024523,10.479421,-1.4074335,0.111177474,0.5314528
3.5673606,-4.4364557,7.153875,-0.37873647,0.27122417,0.48258355
4.134786,-2.2361844,5.9160724,0.3811799,-0.1600467,-0.9944886
8.59279,-10.472239,9.679757,-0.5839872,-0.13316862,0.7464773
3.6032736,-4.1180267,7.678205,-0.44715336,0.19914207,0.52534413
3.1316159,-1.8507179,5.626374,0.6780604,-0.14905111,-1.1606439
7.7213006,-10.168175,9.691729,-0.79290307,-0.05375614,0.98471475
3.3446999,-4.4125137,6.979098,-0.6560693,0.31642818,0.47769663