-5.4180784,0.45489833,7.8386164,0.0720821,0.021991149,0.037873644
-5.33907,0.25378537,7.9726915,-0.06963864,0.073303826,0.064751714
-5.645528,0.29927522,7.5680714,-0.32498032,0.16371189,0.14538592
-5.777209,-0.07182605,7.654263,-0.14049901,-0.035430185,-0.10262536
-5.6239796,-0.81402856,8.619126,-0.019547688,0.14049901,0.23335053
-6.9838862,1.3694834,7.240066,-0.22113322,1.1276573,1.640784
-6.5840545,2.954445,5.437232,0.1966986,0.5656612,0.8723156
-5.7125654,2.7485435,5.755661,0.04886922,0.02321288,0.118507855
-6.5361705,3.620033,6.1985884,-0.02076942,0.017104227,0.19181168
-8.377312,3.643975,5.1235914,-0.33475417,0.103847094,-0.034208454
-6.7205243,3.2824504,5.6910176,0.062308256,0.04886922,-0.073303826
-5.995081,3.1196449,6.26802,-0.09896017,0.008552114,0.17104226
-8.92319,3.3063924,5.1666875,-0.0036651916,-0.096516706,-0.0720821
-6.2584434,3.25372,5.899313,-0.019547688,-0.1160644,-0.058643065
-6.0956373,2.4971523,5.566519,-0.036651913,0.10629055,0.10751228
-8.475474,3.3039982,5.377377,-0.07941248,0.004886922,-0.13561209
-6.1195793,3.3039982,6.3422403,0.008552114,-0.14172074,-0.02687807
-6.205771,3.3303347,5.865794,-0.13194689,-0.019547688,0.10873401
-8.523358,3.5290532,5.60722,0.02565634,-0.02687807,-0.08552113
-5.805939,2.3870192,6.3422403,-0.009773844,-0.013439035,-0.02687807
-6.4667387,2.7126305,6.399701,-0.2003638,0.073303826,0.06963864
-8.137892,3.028665,5.6527104,-0.0061086523,0.07819075,-0.1600467
-5.803545,1.6400281,6.3901243,0.10629055,0.111177474,-0.057421334
-6.9767036,2.719813,5.9519854,-0.17837265,-0.013439035,0.111177474
-8.870518,1.6759412,5.7005944,-0.5558874,0.073303826,-0.2406809
-6.5625067,1.3718776,6.9982514,-0.4129449,0.0,-0.39706242
-5.3845596,0.22984336,6.655881,-0.12461651,0.05497787,-0.037873644
-7.0245876,1.1204864,5.875371,-0.18203785,0.037873644,0.18325958
-8.832211,0.39025488,5.9639564,0.04642576,0.16615535,-0.103847094
-7.69257,1.3263878,6.2225304,0.43371433,0.12217305,-0.0061086523
-5.0900726,0.016759412,7.398083,0.14538592,0.35308012,-0.19058995
-8.157045,-0.5722142,5.0541596,-0.081855945,-0.002443461,0.111177474
-9.907207,1.1109096,5.0038815,0.4166101,0.062308256,-0.18325958
-7.275979,-0.8595184,5.877765,0.3115413,0.23945917,-0.081855945
-8.054094,-0.2753332,5.535394,-0.32498032,-0.10140363,0.2883284
-9.569624,0.79008657,5.3342814,0.02321288,0.017104227,-0.28710666
-6.979098,-0.24181437,6.469133,0.11728613,-0.004886922,-0.043982297
-7.7308774,-0.45010993,5.353435,-0.29443705,-0.02565634,0.27000242
-9.813833,0.81881696,5.2504845,0.0842994,-0.02076942,-0.27855456
-6.8282633,-1.30484,6.2632318,0.19792034,0.19425514,-0.13316862
-7.860164,-1.3599066,5.554548,-0.408058,-0.030543262,0.29077184
-10.005369,0.8331822,3.964798,0.23457226,0.042760566,-0.36896262
-5.650316,-1.4077905,6.1219735,0.047647487,0.10873401,-0.037873644
-6.727707,-1.460463,5.731719,-0.22602014,-0.05009095,0.36163223
-6.43322,-0.37588966,6.8330517,0.37384954,0.105068825,-0.29565877
-6.129156,-1.3239936,6.531382,-0.25045475,-0.16737708,0.5888741
-11.496957,-1.4796166,5.6670756,-0.50946164,0.13927728,-0.40561453
-6.447585,-0.6895301,5.746084,0.13805555,0.04520403,-0.2687807
-7.0964136,-1.6927006,5.415684,-0.40317106,-0.17470746,0.46670106
-10.948685,-1.6879122,4.915296,-0.17837265,0.14172074,-0.5925393
-4.6112323,-2.2697031,5.877765,0.30909783,0.59498274,-0.05375614
-8.662222,-0.51714754,4.8458643,-0.31520647,-0.039095376,0.40194935
-11.60709,-1.0773908,4.039018,-0.16982053,0.15027285,-0.2932153
-4.498705,-0.7637503,6.0405707,0.19914207,-0.034208454,0.3652974
-9.574412,-0.9864111,4.3646297,-0.7819075,-0.119729586,0.16982053
-10.907983,-0.7685388,4.158728,0.2125811,0.35185838,-0.34697145
-6.3949127,-1.5849615,6.033388,-0.13194689,0.2284636,-0.008552114
-10.0748005,-0.9696517,4.110844,-0.029321533,-0.35308012,0.25900686
-10.216059,0.29688102,3.8379054,0.893085,0.018325957,-0.19547687
-7.0221934,-0.18674773,5.7628436,0.62796944,-0.018325957,0.4654793
-5.327099,-0.8499416,5.849035,0.312763,-0.058643065,0.087964594
-8.355764,1.2401965,5.461174,-0.48258355,-0.33108896,0.4166101
-10.7116585,2.078167,3.9097314,0.47891834,0.05131268,-0.29932398
-7.2185183,1.8291701,5.671864,0.8002335,-0.036651913,-0.07574729
-6.435614,0.9840169,6.31351,-0.24190263,-0.14294247,0.22113322
-9.184157,2.2098482,4.76925,0.06841691,-0.12095132,-0.014660766
-7.6973586,1.5586253,5.592855,0.24678956,0.015882496,-0.31398472
-5.389348,1.0103531,6.703765,-0.29810223,0.07574729,0.08674286
-8.3868885,2.3582888,5.7029886,0.010995574,-0.10995574,0.17348573
-8.78672,2.9400797,4.4556093,0.17715092,-0.14294247,-0.06841691
-7.0006456,1.5466543,5.681441,0.10140363,-0.047647487,-0.18203785
-5.291186,2.1547816,6.5026517,0.22479841,0.036651913,-0.029321533
-8.020576,2.1499932,5.485116,-0.02565634,-0.021991149,0.13072516
-9.196129,2.2649148,5.4683566,-0.05009095,0.02076942,-0.21746802
-6.399701,1.8387469,6.7229185,0.19425514,-0.009773844,-0.05131268
-5.434838,1.4149733,7.4746976,-0.32498032,-0.1160644,0.16126843
-8.037335,2.942474,5.3007627,-0.5558874,-0.03176499,-0.21502456
-9.097966,2.0231004,4.9176903,0.37507126,0.22602014,-0.27122417
-6.76362,1.472434,5.511452,0.19058995,0.064751714,-0.23335053
-6.5026517,-0.35913026,6.646304,0.5815437,0.29810223,-0.02076942
-8.147469,1.9560628,4.9679685,-0.8405506,-0.20280726,-0.26633725
-8.659827,-0.4141969,5.475539,-1.1191051,0.081855945,-0.58032197
-8.674192,-3.7660792,4.6710877,-1.9755383,-0.16249016,0.33108896
-8.614338,-6.244078,5.1642933,-2.1087067,-0.48747048,0.70738196
-6.5122285,-4.1395745,4.7884035,-0.72692966,-0.096516706,0.4166101
-8.252813,-6.5744777,4.709395,-1.5430456,-0.18570304,0.5839872
-9.969456,-7.0964136,1.8100165,-0.09407325,0.16249016,-0.24312437
-7.2424603,-2.6408045,3.083732,0.46181414,0.27000242,-0.625526
-6.1100025,-1.9895816,5.00867,-0.04642576,0.09896017,0.31398472
-8.6813755,-3.3039982,3.9911342,-0.22968534,-0.17592919,0.44104472
-11.149797,-5.5377884,2.3511062,-0.5131268,-0.09407325,0.06719518
-7.5201874,-4.110844,2.9496565,-0.064751714,0.17348573,-0.54000485
-6.172252,-3.3806129,3.5817258,0.19425514,0.17348573,-0.06352998
-8.303091,-4.0677485,3.7732618,-0.27977628,-0.14905111,0.37873647
-11.880029,-6.6726403,1.922544,-0.27855456,-0.0012217305,-0.08307768
-7.8625584,-5.2983685,3.289633,0.11484267,0.312763,-0.5363397
-5.068525,-2.1308396,4.6519337,1.0775663,0.30787608,0.20525073
-9.742006,-2.0207062,3.4404678,0.593761,0.12461651,0.41538838
-10.455479,-5.6120086,0.3854665,1.0726794,0.68294734,-0.17104226
-9.423578,-3.4763808,2.2840683,0.7110472,0.37140608,-0.38240165
-6.646304,-1.6927006,2.5929205,0.19425514,0.002443461,0.15760323
-9.109938,-3.6128504,2.1212628,-0.23457226,-0.1600467,0.23701571
-11.611878,-5.559336,0.9983821,-0.20158553,-0.18325958,-0.040317107
-7.632715,-3.8833952,2.707842,0.0012217305,0.24801129,-0.5729916
-7.8888946,-0.21787235,5.518635,0.34574974,-0.05497787,0.23090707
-9.457097,-4.120421,2.042254,-0.30909783,-0.46303585,0.45570546
-10.737994,-6.3302693,1.0271125,0.24801129,0.23579398,-0.24312437
-6.615179,-1.6543933,2.8083985,0.67073005,0.2968805,-0.77213365
-5.8681884,0.30885202,5.81791,-0.34697145,-0.50335294,0.21624629
-8.872911,-3.1962593,3.5745432,-0.65484756,-0.7281514,0.3005457
-10.548853,-4.9416323,3.1531637,-0.70371675,-0.3371976,0.1563815
-5.317522,-3.8355112,4.939238,0.23701571,0.4886922,-0.18203785
-7.505822,-2.480393,5.884948,0.047647487,-0.09040806,0.3567453
-10.000581,-3.0262709,3.0430303,1.7996091,-0.12217305,0.77824235
-7.383718,-4.8099513,0.6536171,0.61819565,-0.12705997,-0.5314528
-7.1849995,-0.770933,4.546589,0.17592919,0.5143485,-0.82833326
-7.3071036,0.4429273,4.96318,0.16126843,0.26389378,-0.06841691
-9.991004,-1.6783354,3.6176388,-0.44959682,-0.28588495,0.3885103
-9.746795,-6.655881,1.2401965,-0.018325957,0.42760566,-0.42638394
-6.5361705,-2.1811178,3.6056678,0.09407325,0.49113566,-1.1863003
-7.3885064,-3.4811692,4.173094,-0.48747048,-0.3933972,0.4202753
-10.352529,-3.1292217,2.9137435,-0.10995574,-0.25289822,0.4605924
-10.338163,-7.479486,-0.40462008,-0.20280726,0.3359759,-0.065973446
-6.7013707,-3.6224272,3.9743748,-0.20891592,-0.037873644,-0.40683624
-6.5864487,-1.9656396,3.028665,-0.065973446,0.056199603,0.20158553
-9.665392,-4.5513773,4.453215,-0.54367006,-0.5216789,0.56688297
-10.237606,-8.010999,0.4357447,0.103847094,0.19425514,-0.17959438
-7.144298,-3.157952,3.7062242,0.37873647,0.17715092,-0.36651915
-6.612785,-1.3934253,4.745308,-0.119729586,-0.30909783,0.10140363
-9.653421,-3.655946,3.3207579,-0.3652974,-0.3408628,0.42760566
-9.765948,-6.4739213,2.1787236,-0.5314528,-0.18570304,0.3371976
-7.043741,-4.9895163,2.5067291,0.26267207,0.36774087,-0.6609562
-5.494693,-5.781997,4.8602295,0.81000733,0.41905355,-0.33475417
-9.346964,-3.289633,2.2361844,3.6932912,0.23335053,1.2705997
-8.520964,3.3423057,4.5058875,1.8191566,-0.77213365,1.1337659
-10.7356,2.0374656,1.340753,0.39584067,-0.1685988,0.23335053
-8.959103,3.6176388,3.3327289,-0.2724459,-0.05375614,-0.32375857
-7.21373,1.8339585,5.590461,0.014660766,-0.034208454,-0.103847094
-5.614403,1.6184803,7.0940194,-0.08552113,-0.2003638,0.20891592
-9.919178,1.9680338,4.936844,-0.5363397,-0.09285152,0.19181168
-9.959879,2.15957,4.000711,-0.07696902,0.15027285,-0.3885103
-6.256049,0.7757214,5.475539,-0.039095376,0.18692477,-0.2443461
-7.026982,0.8475474,5.4899044,-0.9443977,-0.17104226,0.064751714
-11.911154,-0.94810385,4.7668557,-1.2486086,0.2602286,-0.3408628
-7.6375036,-1.5825673,5.2385135,-0.19425514,0.34574974,-0.516792
-2.4253263,-3.1794999,5.521029,-0.17959438,0.17592919,0.05375614
-9.854534,-1.1204864,6.191406,-0.2883284,-0.1001819,0.39828414
-9.938332,-1.364695,4.3478703,-0.02321288,0.31520647,-0.77213365
-4.745308,-3.1747115,4.3287168,0.59742624,0.24312437,-0.08552113
-8.899248,-4.2640734,5.2385135,0.007330383,-0.20891592,0.766025
-13.773843,-2.2864625,2.6288335,-0.12339478,0.14905111,-0.1600467
-6.9767036,-1.1731589,4.5034933,0.312763,0.23335053,-0.46303585
-4.4125137,-2.2146366,5.109226,0.05131268,-0.17959438,0.4251622
-11.693281,-1.5682021,4.0078936,-0.2565634,-0.22968534,0.3213151
-7.515399,-0.85473,4.618415,0.14538592,0.2565634,-0.43982297
-4.235343,-2.111686,4.960786,-0.21991149,-0.37018433,0.47525316
-11.116279,-1.6879122,4.1826706,-0.062308256,-0.081855945,0.3005457
-7.431602,-0.770933,5.0062757,0.09407325,0.29077184,-0.4202753
-6.3350577,-2.5785553,4.5082817,-0.23457226,-0.33353242,0.5045747
-13.280637,-2.3391352,3.1148565,-0.3811799,0.09040806,-0.03176499
-7.103596,-1.1324574,4.7524905,0.0842994,0.26145032,-0.37018433
-5.257667,-3.3183637,3.9624038,-0.25045475,-0.29565877,0.48991394
-13.723564,-3.7804444,2.731784,-0.6096435,0.13683382,-0.27122417
-6.9838862,-1.8171991,5.2241483,0.20280726,0.28710666,-0.24923302
-6.4667387,-3.1555579,4.156334,-0.2443461,-0.38728857,0.5412266
-12.25113,-3.1651347,3.383007,-0.32620203,0.073303826,0.02443461
-7.180211,-2.195483,5.1259856,0.27488935,0.22479841,-0.27366763
-6.7588315,-3.0765493,4.321534,-0.09896017,-0.35063666,0.4605924
-12.239159,-3.0262709,3.2968156,-0.1685988,0.1685988,-0.31031954
-6.8186865,-2.597709,5.0062757,0.26511553,0.26267207,-0.10995574
-8.803479,-1.6879122,4.120421,0.1563815,-0.23457226,0.6084218
-9.991004,-1.7597382,4.618415,0.040317107,0.23335053,-0.50701815
-4.84347,-2.2529438,5.5856724,0.095294975,-0.04886922,0.19547687
-11.243171,-2.7940333,4.0557775,-0.09162979,-0.23701571,0.052534413
-7.539341,-2.0925324,4.8386817,0.3494149,0.21991149,-0.19914207
-7.8410106,-2.822764,5.1355624,-0.14660765,-0.08674286,0.5375614
-10.524911,-0.9624691,3.9097314,0.17470746,0.14660765,-0.4642576
-5.439626,-1.8387469,5.1642933,0.07696902,0.14049901,0.2932153
-11.47062,-1.9800048,3.3877954,-0.19914207,0.010995574,-0.15515977
-7.395689,-2.9975405,4.8123455,0.16737708,0.23090707,-0.062308256
-8.508993,-2.2888567,4.891354,-0.059864793,-0.118507855,0.408058
-10.484209,-0.82360536,3.4979286,0.30665436,0.059864793,-0.4801401
-5.473145,-2.0685902,6.129156,0.06963864,0.21746802,0.22479841
-8.954314,-2.1691468,4.4005427,-0.25045475,-0.26145032,0.27977628
-10.680533,-0.79008657,4.0533834,-0.344528,-0.10873401,-0.20158553
-7.501034,-0.9911995,5.140351,0.32742378,0.20158553,-0.25411993
-6.411672,-3.430891,5.6982,-0.009773844,0.014660766,0.25289822
-9.801862,-1.8770541,3.5577838,-0.07086037,-0.14294247,0.23823744
-9.380483,0.51954174,4.733337,0.6096435,-0.035430185,-0.1282817
-6.859388,-1.1827357,5.6359506,0.52656585,0.09896017,0.015882496
-6.8689647,-1.2401965,6.1626754,0.12217305,-0.19914207,0.44837508
-9.89763,0.35913026,4.3957543,0.030543262,-0.08307768,0.12095132
-10.043676,1.0199299,4.0462008,0.039095376,0.07941248,-0.09896017
-6.411672,-0.23702596,6.2728086,0.23457226,0.1160644,-0.065973446
-6.727707,-1.0606314,6.6965823,-0.26389378,-0.21624629,0.19792034
-9.25359,0.51475334,5.2504845,0.1441642,0.0842994,0.2846632
-9.3421755,1.0606314,4.8243165,0.2932153,0.21502456,-0.05131268
-6.7324953,0.45968673,6.277597,0.6047566,0.07086037,-0.040317107
-6.411672,0.56982,6.277597,0.12705997,-0.15760323,0.36285394
-9.066842,1.9177556,3.787627,-0.3811799,-0.037873644,0.02321288
-9.636662,1.6519991,4.891354,0.010995574,0.2602286,-0.3359759
-5.8466406,0.21787235,5.971139,0.22479841,0.20280726,-0.040317107
-8.583213,1.4197617,5.731719,-0.04153884,-0.19792034,0.14660765
-9.433155,2.3798366,4.7285485,-0.59986967,-0.1966986,-0.19547687
-6.622362,1.9752164,5.5258174,0.22235495,-0.089186326,-0.039095376
-8.537724,1.0247183,4.7429137,-0.39095375,0.004886922,0.15027285
-6.5936313,0.8619126,6.3925185,0.28221974,0.105068825,-0.14049901
-6.9743094,1.520318,5.6120086,-0.45081854,-0.16371189,0.2321288
-9.775525,1.9847932,4.43885,0.10629055,0.06963864,-0.05497787
-6.5601125,2.0853498,5.8921304,0.41050145,0.15027285,-0.21991149
-5.60722,1.1348516,6.8665705,-0.27000242,-0.15882497,0.11362094
-8.954314,1.9728222,5.4803276,-0.12705997,0.04520403,0.12339478
-8.829816,1.8243817,4.5896845,0.057421334,0.080634214,-0.35185838
-6.2345014,1.2354081,6.4858923,0.33353242,-0.0012217305,-0.43249258
-5.568913,1.472434,6.6295447,0.002443461,0.004886922,0.06719518
-8.66701,0.6392518,5.770026,0.29443705,0.02443461,0.0036651916
-8.659827,1.127669,5.3366756,0.047647487,0.09285152,-0.42271876
-4.381389,0.11492168,7.6231384,-0.57787853,-0.16615535,-0.012217305
-8.355764,2.0039468,6.423643,-0.21746802,-0.1685988,0.20525073
-9.141062,1.5993267,5.1810527,0.1600467,0.042760566,-0.312763
-4.321534,0.9648633,7.240066,0.43493605,-0.058643065,0.02076942
-8.221688,0.8499416,5.2600613,-0.14660765,0.087964594,0.15882497
-8.736442,2.2936451,5.161899,0.36896262,0.16126843,-0.2321288
-4.450821,1.7788919,7.608773,-0.21380283,0.05009095,0.056199603
-8.049306,1.6280571,6.375759,0.25289822,0.09285152,0.24190263
-8.066066,2.0231004,5.5377884,0.36896262,0.15027285,-0.23701571
-4.5274353,0.35194764,8.094796,0.57787853,0.028099801,0.13439035
-8.14268,1.8291701,6.4164605,0.14782938,0.037873644,0.13805555
-7.565677,1.532289,4.9943047,0.28221974,0.09896017,-0.31764993
-6.730101,0.8690952,6.105214,-0.32986724,0.039095376,0.32742378
-9.28232,0.9696517,4.4699745,0.02076942,-0.16249016,-0.052534413
-6.751649,1.4939818,5.731719,0.72326446,0.1001819,0.056199603
-6.799533,0.7517793,6.253655,-0.3555236,0.07819075,0.11728613
-9.193734,1.283292,5.097255,0.039095376,-0.034208454,-0.21868975
-5.389348,0.24420857,7.1059904,0.08674286,0.12217305,-0.007330383
-8.130709,1.2593501,5.9687448,-0.17470746,0.06719518,0.052534413
-8.528147,1.7118542,4.9200845,-0.13316862,-0.06963864,-0.2846632
-4.912902,-0.6488287,6.3326635,-1.2596041,0.2724459,-0.29077184
-10.527305,-1.436521,5.865794,-0.32742378,0.1685988,0.012217305
-6.7013707,-1.1324574,5.391742,0.09040806,0.33353242,-0.47769663
-7.809886,-1.7046716,4.4723687,0.2406809,0.010995574,0.6401868
-13.072341,-1.8052281,4.2401314,-0.5558874,0.06352998,-0.23945917
-4.6710877,0.44532153,5.6670756,0.88208944,0.3042109,0.05009095
-9.928755,-1.4341269,5.329493,-0.54000485,-0.13439035,0.516792
-6.600814,-1.2880806,4.661511,0.29443705,0.31031954,-0.8503244
-7.120356,-1.3670892,3.9791632,0.16249016,-0.37995818,0.9309586
-13.517663,-2.8323407,3.7612908,-1.1887437,-0.07086037,-0.72326446
-3.110068,-1.2330139,5.81791,-0.2724459,0.21380283,0.20525073
-10.158598,-2.4779987,5.6646814,-0.4447099,-0.22968534,0.5864306
-7.3406224,-2.1906946,4.9105077,0.03176499,0.25411993,-0.8038987
-4.987122,-2.566584,4.211401,-0.28955013,-0.15760323,0.36163223
-12.713211,-5.825093,3.58412,-1.0067059,-0.06963864,0.02321288
-6.646304,-1.8387469,4.8027687,0.4129449,0.516792,-0.43982297
-7.1347213,-2.255338,4.3885717,-0.26267207,-0.37751472,0.6291912
-13.165715,-3.3566709,2.4468741,-0.28955013,0.2443461,-0.48380527
-4.3263226,-2.5306711,5.0158525,-0.27000242,-0.1563815,0.17837265
-10.225636,-3.2680852,4.261679,-0.643852,-0.48258355,0.2846632
-7.455544,-3.5697548,3.7780502,0.09040806,0.30665436,-0.45448375
-5.7029886,-3.3135753,4.0892963,-0.11484267,-0.32375857,0.408058
-13.517663,-3.845088,1.8315643,-0.16126843,0.064751714,-0.37751472
-5.949591,-4.1156325,3.4715924,0.3408628,0.3042109,-0.13805555
-8.62152,-3.8043866,4.1515455,-0.22724187,-0.3213151,0.548557
-8.128315,-3.1723173,3.2944214,0.5009095,0.516792,-0.7476991
-2.920926,-1.8986019,4.6710877,-0.07696902,-0.30298916,0.5852089
-13.340492,-3.8187518,2.2337902,-0.43371433,0.013439035,0.118507855
-6.4547677,-3.2225955,4.4603977,0.13439035,0.2724459,-0.46181414
-6.009446,-3.86903,3.4859576,0.065973446,-0.39950588,0.593761
-14.233529,-4.2185836,0.45489833,0.06841691,0.26389378,-0.5888741
-6.3326635,-4.3742065,3.6104562,0.5534439,0.2003638,-0.19058995
-8.540117,-2.8993783,2.8921957,-0.07819075,-0.30176744,0.6963864
-13.101071,-4.39336,1.7429788,-0.625526,0.3042109,-0.2443461
-5.533,-4.656722,4.333505,0.8918633,0.37507126,-0.010995574
-8.896853,-2.4133554,2.8562827,0.20158553,-0.4605924,0.95905846
-12.631808,-1.0869676,1.484405,-0.93462384,-0.017104227,-0.5839872
-5.068525,-3.7852328,4.570531,0.09896017,0.3640757,-0.2565634
-10.503363,-2.765303,3.3566709,-0.9419542,-0.27122417,0.3652974
-6.6893997,-2.777274,4.7381253,-0.007330383,0.2919936,-0.3005457
-8.963891,-2.4396915,3.6966474,0.09162979,-0.18570304,0.36651915
-8.7532015,-1.7597382,3.478775,0.5815437,0.4361578,-0.58032197
-5.9160724,-3.9815574,4.3143516,-0.28344148,-0.10751228,0.3200934
-11.779472,-2.9161377,3.1387985,-0.8381071,-0.12950343,0.17959438
-7.8505874,-2.813187,3.7924154,0.7892379,0.29932398,-0.4569272
-6.256049,-3.1627405,4.426879,-0.41905355,-0.15882497,0.43493605
-11.314998,-1.9057846,3.394978,-0.6267477,-0.22968534,-0.0012217305
-7.845799,-1.9201498,3.9264908,0.3921755,0.20891592,-0.4288274
-5.463568,-3.2441432,4.3358994,0.059864793,-0.16982053,0.32498032
-10.019734,-2.7102363,4.3382936,-0.43982297,-0.13072516,0.2406809
-7.091625,-2.72939,4.6662993,0.16249016,0.24312437,-0.43493605
-6.5265937,-3.0573955,3.8235402,-0.04886922,-0.27855456,0.5717699
-12.761095,-3.1148565,2.8323407,-0.61453044,-0.04153884,-0.27000242
-6.4906807,-2.4420857,4.596867,0.37507126,0.23579398,-0.29810223
-8.987833,-2.7509377,3.9863458,0.009773844,0.0,0.57910025
-11.468226,-1.5275006,3.490746,0.47036624,0.10262536,-0.5204572
-4.1826706,-2.4420857,5.6239796,0.16249016,0.17470746,0.018325957
-8.7053175,-2.3654714,4.654328,-0.14172074,-0.112399206,0.5021312
-12.682086,-2.5019407,3.4261026,0.9138544,-0.1685988,-0.08552113
-5.9519854,0.7110779,6.5026517,1.3500122,-0.49968776,0.7293731
-4.7788267,-0.46208093,6.4523735,0.52534413,-0.14294247,0.41172317
-8.252813,0.18914193,5.3558292,-0.18570304,-0.13194689,0.2565634
-9.059659,0.8331822,5.020641,-0.010995574,0.105068825,-0.27855456
-5.2265425,0.6727707,6.4427967,-0.35308012,-0.052534413,-0.0036651916
-7.7667904,0.24899697,6.4427967,-0.13927728,-0.05131268,0.13561209
-10.079589,0.9696517,4.3382936,-0.035430185,0.052534413,-0.05131268
-7.050924,0.49559975,6.0525417,0.19181168,0.014660766,-0.28099802
-6.203377,-0.5267244,5.9543796,0.111177474,-0.064751714,0.08307768
-8.470686,0.63206923,5.865794,-0.23579398,0.065973446,0.118507855
-9.998186,1.4269443,3.4955344,-0.453262,0.065973446,-0.30298916
-5.801151,-0.34476504,3.8379054,-0.7831292,0.13683382,-0.68294734
-9.28232,-5.044583,4.1539397,-1.4049901,0.9944886,-0.22968534
-6.4763155,-4.745308,4.3861775,-1.8008307,0.1001819,0.5510005
-9.787497,-5.422867,2.030283,1.6236799,-0.040317107,0.5729916
-8.145074,-2.492364,3.6750996,0.06841691,0.29077184,-0.94806284
-5.1690817,-1.292869,3.3686419,0.22724187,-0.15149458,0.47403142
-9.639056,-6.6056023,2.6982653,-0.172264,-0.30665436,0.3286455
-7.9463553,-5.5018754,2.873042,-0.45204028,0.04153884,-0.74281216
-7.381324,-3.7588966,3.004723,0.021991149,-0.3640757,0.88331115
-11.827356,-6.8545995,1.4221559,0.019547688,0.47647488,-0.5839872
-7.180211,-4.1826706,2.7940333,0.7049385,0.3726278,-0.43371433
-6.5505357,-2.4229321,3.6583402,0.3115413,0.02076942,0.3567453
-9.375694,-4.3478703,3.1292217,0.080634214,-0.12461651,0.48991394
-9.375694,-5.1666875,3.1148565,-0.065973446,0.19181168,-0.66828656
-5.5856724,-2.315193,3.6463692,0.2846632,0.061086524,-0.06719518
-9.0716305,-5.1235914,3.3135753,-0.06963864,-0.1563815,0.5546656
-8.14268,-4.3406878,3.2465374,-0.04642576,0.19058995,-0.7305948
-5.645528,-0.6344634,4.072537,0.2968805,-0.1881465,0.3115413
-9.212888,-4.630386,2.6479871,-0.080634214,-0.09407325,0.3555236
-8.101978,-4.156334,3.8857894,-0.23823744,0.07819075,-0.516792
-6.4140663,-2.645593,3.5649664,-0.21135938,-0.17715092,0.5021312
-9.940725,-5.1810527,3.0334535,0.11728613,-0.008552114,0.41783184
-7.800309,-4.841076,3.2609026,0.11728613,0.24678956,-0.74036866
-7.141904,-3.6774938,3.3997664,0.047647487,-0.18448131,0.63163465
-10.953473,-4.9320555,3.8402996,-0.12583824,-0.012217305,0.43127087
-7.6973586,-3.3303347,3.3279405,0.8894198,0.27122417,-0.6377433
-7.668628,-5.2959743,3.0454245,-0.81122905,-0.36285394,0.73426
-11.180922,-7.9631147,1.8626889,-0.5656612,-0.21746802,0.22968534
-7.8793178,-3.0430303,2.932897,-0.10873401,-0.02565634,-0.33964106
-7.7907324,-3.9121256,3.3255463,-0.008552114,-0.25534168,0.87598073
-11.858481,-8.916007,1.5921441,0.034208454,0.07819075,0.065973446
-7.3765354,-2.5761611,3.5577838,0.065973446,0.19181168,-0.5497787
-7.3430166,-3.1124623,3.7852328,-0.20891592,-0.28955013,0.77091193
-10.481815,-4.900931,2.7868507,-0.10629055,-0.12583824,0.43127087
-7.869741,-2.7509377,3.5697548,0.17959438,0.25045475,-0.7733554
-6.991069,-2.3247697,3.2249897,-0.172264,-0.15515977,0.59864795
-10.637438,-6.9144545,1.6663644,-0.8503244,-0.09407325,0.43860126
-9.504981,-6.045359,1.3814543,0.040317107,0.48624873,-0.6206391
-6.7205243,-3.8905778,2.2936451,0.040317107,0.15393804,-0.13072516
-9.68694,-4.462792,1.7597382,-0.5717699,-0.27488935,0.49480084
-9.557653,-6.5816603,0.4165911,-0.12339478,0.3921755,-0.73792523
-8.221688,-3.763685,2.396596,-0.09773844,0.0,0.21991149
-8.74123,-2.777274,1.9536686,1.4465289,0.22235495,-0.047647487
-9.246407,-6.754043,2.8921957,0.40194935,-0.095294975,0.10873401
-11.68131,-8.226477,4.5657425,2.8539624,-0.37384954,-0.3726278
-5.4061074,2.6120741,2.765303,3.005457,-0.84788096,1.0677924
-7.7189064,2.3989902,4.72376,0.0036651916,-0.6426302,0.105068825
-8.985439,2.1906946,5.046977,0.95905846,0.09896017,-0.10140363
-5.758055,2.7844565,6.0238113,0.25289822,0.08307768,-0.12461651
-6.191406,3.9791632,5.5377884,0.6267477,0.018325957,0.24190263
-8.961497,2.7581203,6.31351,-0.53878313,-0.010995574,-0.007330383
-5.841852,1.1468226,6.670246,0.56688297,-0.79779,0.07452556
-4.0174704,2.2146366,6.2464724,-0.103847094,-0.71593404,0.09285152
-5.8825536,2.8107927,7.017405,0.204029,-0.29443705,-0.10751228
-6.019023,1.6567876,7.429208,-0.49846604,0.0061086523,-0.17470746
-4.84347,2.3343468,7.788338,0.22968534,0.062308256,-0.04520403
-3.2345665,1.7525556,7.9463553,-0.15760323,-0.07819075,0.112399206
-5.6120086,1.6304513,7.36217,0.039095376,0.021991149,0.21868975
-6.7348895,2.7485435,7.881712,0.06963864,0.13194689,-0.22602014
-4.4580035,2.0015526,7.129933,0.5375614,0.019547688,-0.10873401
-5.0541596,2.3295584,6.567295,0.12705997,0.010995574,0.10873401
-7.0581064,3.53863,7.5082164,-0.70371675,0.073303826,0.17348573
-4.939238,3.0214825,6.7372837,2.7269025,0.09773844,-0.24556783
-4.927267,5.116409,6.229713,-0.06963864,-0.04153884,-0.1001819
-6.220136,4.5920787,5.3318872,-0.1966986,0.12095132,-0.23823744
-5.5617304,6.054936,5.2480903,-0.1160644,0.26145032,-0.009773844
-5.523423,4.9943047,6.0621185,0.07696902,0.0842994,-0.030543262
-5.78918,4.2281604,6.093243,0.3555236,0.15760323,0.09896017
-5.9878983,4.747702,6.789956,-0.20158553,-0.02076942,-0.15882497
-5.631162,4.0294414,6.05733,-0.9932669,-0.034208454,-0.052534413
-4.357447,2.2936451,7.3909006,-0.18570304,0.06352998,0.11362094
-6.1938,3.1986535,6.9383965,-0.5363397,-0.08307768,0.14782938
-7.884106,2.3774424,7.2592196,-0.21991149,0.0061086523,-0.12705997
-4.4580035,1.9009962,7.608773,0.17104226,0.009773844,-0.23945917
-4.5657425,1.3838485,7.3525934,-0.07696902,-0.05497787,0.27000242
-7.9104424,2.4349031,7.410054,-0.28955013,0.029321533,0.0
-5.389348,1.2018893,7.1945763,-0.040317107,0.13072516,-0.28344148
-3.3925838,1.292869,7.785944,0.27000242,-0.002443461,0.047647487
-6.0836663,1.2593501,7.764396,0.14172074,0.11728613,-0.14660765
-6.9479733,0.7661445,6.600814,0.41905355,0.029321533,-1.2644911
-3.2848446,-0.7422025,6.895301,0.14172074,0.081855945,-1.4501941
-8.190564,-0.6655881,7.177817,0.35918877,0.3726278,-1.3402383
-7.074866,-1.8722657,6.2943563,-0.07819075,0.0,-1.9706513
-2.705448,-3.833117,7.881712,-1.2498302,-0.44959682,-0.9798279
-5.865794,-6.6654577,5.085284,-0.18936823,-0.12339478,0.1282817
-6.3446345,-9.639056,4.999093,-0.7012733,0.3726278,-0.84788096
-0.4237737,-6.3901243,6.0860605,-0.18692477,0.33841935,-0.22235495
-3.821146,-7.723695,4.5753193,0.36041048,0.040317107,0.5815437
-6.8330517,-9.392453,3.064578,-0.49480084,0.22235495,-0.8173377
-0.6775591,-8.535329,4.72376,0.27977628,0.034208454,-0.061086524
-4.5298295,-9.066842,3.9911342,-0.43860126,-0.042760566,0.593761
-5.0062757,-10.606314,2.8898015,-0.3726278,0.28588495,-0.6817256
-0.7589619,-7.69257,3.7110126,-0.25289822,0.043982297,-0.040317107
-4.453215,-9.038112,3.2225955,-0.7086037,-0.2284636,0.3494149
-5.2600613,-8.89446,2.7126305,0.4886922,0.3200934,-0.4447099
-0.47884035,-7.314286,2.4756045,-0.22968534,0.12339478,-0.02565634
-5.1379566,-9.050082,1.970428,-0.5693264,0.09285152,0.42394048
-3.9360676,-10.0987425,1.673547,0.56199604,0.4972443,-0.689056
-0.21787235,-7.505822,2.657564,0.035430185,-0.012217305,0.2125811
-4.960786,-9.136273,2.4253263,-0.37873647,-0.25900686,0.5180137
-5.233725,-9.7324295,1.6352397,0.23945917,0.172264,-0.6267477
-0.8403648,-8.0684595,2.27928,-0.13439035,-0.04153884,0.2406809
-5.8681884,-8.678981,1.42455,-0.06719518,-0.37384954,0.081855945
-2.9616275,-8.813056,2.5498247,0.44837508,0.43982297,-0.34208453
-0.94331545,-8.420407,2.6024973,-0.3323107,-0.24801129,0.77091193
-8.252813,-10.831368,0.110133275,-0.8356637,-0.1160644,-0.2724459
-2.60968,-8.765172,1.8028339,0.49480084,0.48258355,-0.4007276
0.4213795,-6.8450227,3.3255463,0.30665436,0.14905111,0.5216789
-6.55293,-8.248025,2.719813,-0.007330383,-0.3005457,0.56688297
-3.98874,-9.330204,2.5881321,0.14049901,0.21502456,-0.49602258
-0.5650316,-8.274361,2.3894134,-0.12950343,-0.05131268,0.19058995
-6.3206925,-8.676587,1.8243817,-0.22724187,-0.23457226,0.42760566
-5.602432,-8.678981,2.4588451,0.70249504,0.10262536,-0.61819565
-2.0733786,-9.267955,2.6479871,0.6426302,0.25045475,0.2565634
-4.975151,-8.477868,2.5210943,0.39095375,-0.376293,0.64751714
-8.14268,-8.963891,2.4301147,-0.60231316,0.05009095,-0.5839872
-2.1188686,-8.14268,3.5314474,0.548557,0.16371189,-0.34330627
-4.4915223,-8.063671,3.8857894,-0.13927728,-0.16126843,0.6963864
-7.723695,-7.7691846,2.6312277,0.096516706,-0.09162979,0.112399206
-5.2959743,-6.871359,2.9903579,0.061086524,-0.013439035,-0.22235495
-1.6089035,-9.176975,4.4556093,-0.08307768,0.13316862,-0.017104227
-3.787627,-9.181764,4.333505,0.010995574,-0.036651913,0.20647246
-8.12592,-7.2328835,2.243367,-0.036651913,0.24312437,0.080634214
-4.8841715,-7.1395097,3.8666358,0.27366763,0.4092797,-0.38240165
-1.2401965,-8.295909,4.9799395,0.103847094,0.25900686,0.1685988
-6.069301,-7.350199,2.669535,-0.13316862,0.10629055,0.1966986
-7.410054,-7.9032598,0.9528923,-0.85154617,0.33964106,-0.9944886
-3.514688,-8.279149,3.4476504,1.0506883,0.4092797,0.119729586
-2.7629087,-9.141062,4.501099,0.47158796,-0.35063666,0.63041294
-6.1626754,-6.646304,2.7150247,0.14538592,-0.43127087,0.3652974
-8.236053,-8.520964,2.0733786,-0.6450737,0.204029,-0.7635816
-3.301604,-8.384495,3.241749,0.20280726,0.12705997,-0.16982053
-4.6016555,-8.178593,3.1986535,0.13927728,-0.16249016,0.38728857
-8.269572,-9.066842,0.93613285,-0.9615019,0.034208454,-0.56077427
-3.833117,-7.524976,2.0135236,-0.41050145,-0.012217305,-0.69027776
-3.2249897,-9.586384,0.1364695,-1.8435913,0.07941248,-0.5888741
-3.7421372,-9.785102,-1.8028339,-0.45081854,0.26145032,0.30176744
-2.7269957,-6.7684083,-0.47884035,0.09896017,0.5900958,-0.47769663
-0.92895025,-6.6989765,-1.9369092,-0.30787608,-0.3371976,0.48380527
-4.6040497,-9.574412,-5.559336,-0.032986723,-0.23579398,0.2443461
-2.813187,-8.899248,-3.502717,0.28099802,0.5510005,-0.52656585
-0.7158663,-7.7787614,-2.8562827,0.50823987,0.08552113,0.16737708
-4.0294414,-9.885659,-3.406949,0.32742378,-0.267559,0.2125811
-3.2585084,-9.380483,-3.5314474,-0.05131268,0.09773844,-0.7476991
-0.12449849,-7.524976,-2.504335,-0.14782938,-0.15882497,0.49846604
-4.417302,-8.3150625,-3.0885203,0.22479841,-0.15393804,0.4642576
-4.8865657,-10.529699,-4.0318356,-0.44104472,0.20158553,-0.7464773
-0.2873042,-6.9982514,-2.3822308,0.29810223,0.44226643,-0.22968534
-2.5929205,-9.375694,-3.2273839,-0.20158553,-0.30176744,0.33475417
-4.225766,-10.788273,-5.6886234,0.05497787,0.5534439,-0.893085
-1.067814,-6.181829,-3.0095115,-0.19303341,-0.2406809,0.4202753
-7.1873937,-9.414001,-7.4866686,-0.548557,0.030543262,-0.21013765
-2.4660277,-8.128315,-5.0278234,0.69027776,0.49235737,-0.27122417
-2.1691468,-8.303091,-3.7900212,0.073303826,-0.2565634,0.51923543
-5.5856724,-10.632649,-6.2991447,-0.49357912,-0.13439035,0.047647487
-2.135628,-6.9120603,-4.367024,-0.37384954,0.26633725,-0.21746802
-4.232949,-8.59279,-5.5018754,-0.036651913,-0.37140608,0.36651915
-2.2026656,-7.788338,-4.1491513,0.1441642,0.32253686,-0.51068336
-1.4532804,-8.090008,-4.5178585,0.23701571,-0.13805555,0.4007276
-6.0046577,-10.120291,-6.1890116,0.02687807,0.007330383,0.08674286
-3.13401,-6.931214,-3.7852328,0.25411993,0.63041294,-0.6133087
-0.4357447,-8.463503,-5.3486466,0.037873644,-0.10751228,0.40439278
-3.526659,-11.176133,-5.6000376,-0.44226643,-0.013439035,0.24190263
-2.6408045,-6.7205243,-4.8338933,0.09040806,0.26145032,-0.32253686
-1.3311762,-7.0126166,-4.9296613,-0.061086524,-0.24801129,0.81489426
-5.997475,-10.433931,-6.2967505,-0.04886922,-0.065973446,0.32498032
-1.7669208,-6.4739213,-4.268862,0.32375857,0.6621779,-0.47158796
-2.9975405,-5.8322754,-3.3854012,0.13439035,-0.6072,0.8332202
-5.877765,-10.960655,-5.645528,1.8032742,0.57910025,0.66828656
-3.550601,-7.845799,-2.6192567,1.0433578,-0.15760323,0.24556783
-5.777209,-5.415684,-0.5482722,0.14905111,-0.22724187,1.102001
-7.4746976,-11.44189,-3.5482068,-0.50946164,-0.45081854,0.14660765
-6.0621185,-6.646304,-0.94810385,0.09773844,0.029321533,-0.50335294
-4.582502,-6.6103907,1.5658079,0.08552113,-0.33108896,0.2968805
-10.043676,-11.463438,0.04309563,3.8692205,0.3848451,0.4569272
-5.9878983,-0.91697925,5.1259856,2.0390682,-1.028697,2.0622811
-8.487445,-0.15562311,3.3686419,0.93218035,-0.74036866,0.35063666
-8.288726,-0.02873042,5.243302,0.204029,-0.042760566,-0.36896262
-4.4699745,-2.7389667,7.393295,-0.065973446,-0.034208454,-0.14905111
-6.703765,-3.4332852,6.179435,-0.59498274,-0.30543262,0.15393804
-9.119514,-4.1515455,4.915296,-0.5815437,0.66950834,-0.18936823
-6.6630635,-3.3901896,5.9064956,0.057421334,0.10262536,-0.33108896
-6.0836663,-2.2266076,4.572925,-0.5009095,-0.2883284,0.11362094
-6.4284315,-8.180987,4.7309427,-1.7971655,-0.4447099,0.057421334
-7.513005,-7.7572136,4.225766,-0.34330627,0.04153884,-0.11484267
-3.809175,-4.582502,4.8458643,0.12339478,-0.10995574,-0.087964594
-9.097966,-7.6111674,4.4316673,-1.0189233,-0.15393804,0.37140608
-5.473145,-5.446809,3.8833952,0.58276546,0.48502702,-0.68783426
-2.6360161,-5.7005944,4.960786,0.040317107,-0.013439035,0.105068825
-7.872135,-6.0740895,3.751714,-0.85154617,-0.28099802,0.23945917
-6.8881183,-6.265626,3.2728736,0.05375614,0.35308012,-0.38973203
-3.5793316,-4.5633483,4.489128,0.88331115,0.16371189,0.4288274
-5.6910176,-6.4044895,4.0773253,0.22602014,-0.41538838,0.4092797
-10.326192,-9.868899,1.3144168,-0.04642576,0.030543262,-0.0720821
-5.0637364,-5.554548,3.8738184,0.3885103,0.3726278,-0.3371976
-4.596867,-5.659893,4.8362875,0.41538838,-0.20280726,0.6951646
-11.48738,-8.848969,1.4437037,-0.35918877,0.06352998,-0.22113322
-4.733337,-5.753267,2.930503,0.22479841,0.36774087,-0.2565634
-6.9982514,-6.2752028,4.3766007,-0.3323107,-0.34330627,0.59864795
-9.44752,-7.491457,2.5617957,0.43493605,0.15393804,-0.548557
-4.6279917,-6.0285997,3.6966474,-0.05131268,0.20280726,-0.29932398
-7.711724,-7.249643,3.7708676,-0.31031954,-0.28344148,0.6585127
-7.8769236,-6.5481415,4.024653,-0.47036624,0.028099801,-0.53878313
-2.7485435,-6.7731967,5.104438,0.3555236,0.06963864,0.04153884
-9.006987,-4.8841715,3.6942532,0.31764993,-0.5656612,0.37751472
-5.1571107,-6.081272,5.0637364,0.90285885,0.47891834,-0.49357912
-5.0014873,-3.9671922,5.267244,0.22113322,-0.21746802,0.56688297
-11.623849,-5.0062757,3.560178,-0.1966986,-0.03176499,-0.21991149
-4.2904096,-5.094861,5.523423,0.36285394,0.32498032,-0.34208453
-8.090008,-5.327099,5.1475334,0.7098254,-0.119729586,1.0164797
-6.979098,-4.390966,4.8961425,0.09040806,0.14660765,-0.93218035
-2.8898015,-4.4795513,6.045359,0.19914207,-0.013439035,0.36774087
-8.212111,-5.0062757,5.410896,-0.8588765,0.05009095,-0.009773844
-3.4763808,-4.2305546,5.3845596,0.52778757,0.31398472,-0.018325957
-7.2185183,-6.2392898,5.638345,-0.3481932,-0.064751714,0.344528
-5.9687448,-5.279215,5.7029886,0.19914207,0.17104226,-0.37018433
-4.5298295,-5.877765,6.181829,-0.6401868,-0.20158553,0.4251622
-9.552865,-5.8586116,4.805163,-0.8686504,-0.31520647,-0.30665436
-5.913678,-6.3949127,4.747702,0.15882497,0.19058995,-0.2321288
-2.054225,-5.33907,6.0166287,0.14782938,-0.21991149,0.31520647
-7.529764,-5.961562,5.106832,-0.7623598,-0.21991149,0.20158553
-6.859388,-6.1530986,4.6830587,0.10629055,0.21746802,-0.37507126
-1.9776106,-4.960786,4.7907977,0.52778757,0.1160644,0.17348573
-7.1251445,-6.493075,5.604826,-0.31398472,-0.009773844,0.35185838
-8.255207,-4.7644615,4.3957543,0.52290064,0.16493362,-0.36896262
-2.0709844,-5.2385135,5.3079453,0.45081854,0.02687807,0.0842994
-7.2951326,-6.3063273,5.305551,-0.27488935,-0.12217305,0.3848451
-9.646238,-4.3526587,4.2281604,0.3481932,0.3286455,-0.36041048
-5.023035,-5.7149596,5.401319,0.376293,0.2565634,-0.12705997
-6.6079965,-5.056554,6.2991447,0.30787608,-0.1966986,0.6951646
-10.259154,-3.2728736,4.8267107,0.02443461,-0.20158553,0.073303826
-6.7133417,-3.5817258,6.14831,0.14049901,-0.04153884,-0.02076942
-3.6128504,-3.2632968,7.2472486,0.64996064,0.02321288,0.18448131
-6.873753,-3.3925838,5.923255,-0.061086524,-0.19425514,0.41172317
-8.429984,-2.3702598,6.157887,-0.57910025,-0.061086524,-0.118507855
-7.038953,-2.822764,7.043741,0.081855945,0.15149458,-0.23823744
-3.5649664,-3.371036,6.8809357,0.453262,-0.13316862,0.17592919
-6.215348,-3.454833,6.871359,-0.11728613,0.047647487,0.119729586
-9.02614,-2.0973208,6.203377,0.0036651916,0.12217305,0.008552114
-6.471527,-2.566584,5.6982,0.019547688,0.073303826,-0.26145032
-2.566584,-3.608062,4.0078936,-2.7403414,0.33964106,-0.816116
-8.671799,-10.54167,3.1603463,-2.951701,0.35430184,0.03176499
-3.5769374,-5.746084,2.44448,0.80878556,0.47769663,0.47403142
-7.991845,-7.860164,1.9009962,-0.36896262,-0.7281514,1.0775663
-7.1849995,-7.098808,0.2753332,0.6072,0.5338962,-0.7733554
-5.109226,-4.3861775,1.5634137,-0.057421334,-0.12461651,0.7476991
-9.572019,-9.392453,-0.5793968,-0.22602014,0.080634214,-0.1282817
-5.592855,-4.996699,1.4700398,0.6267477,0.41050145,-0.5742133
-6.090849,-7.374141,2.1978772,0.48380527,-0.002443461,0.6597345
-9.627085,-8.590396,1.388637,-0.21746802,-0.28710666,0.014660766
-6.799533,-5.66947,2.0207062,0.3640757,0.12217305,-0.47158796
-5.133168,-5.5282116,2.6623523,0.5143485,-0.034208454,0.39461896
-8.183381,-11.583148,-1.5442601,-0.28588495,0.009773844,-0.37751472
-4.256891,-6.145916,1.30484,-0.8417723,-0.039095376,-1.0262536
-4.709395,-10.647015,-0.40222588,-1.1362094,0.11728613,0.04153884
-5.614403,-9.730036,-0.031124622,-1.5210545,-0.14660765,0.096516706
-4.975151,-8.858546,0.0,0.34574974,0.43127087,-0.72692966
-3.3039982,-7.711724,-1.8339585,0.04153884,-0.22602014,0.4288274
-7.536947,-9.773131,-3.0454245,-0.06352998,-0.13683382,0.26389378
-4.367024,-9.052477,-0.4165911,0.1001819,0.119729586,-0.79534656
-2.657564,-6.9479733,-1.5466543,-0.112399206,-0.42760566,0.47891834
-8.544906,-12.109872,-1.9800048,0.9211848,0.043982297,0.48380527
-4.39336,-7.240066,0.11971009,1.7568485,0.37507126,0.08674286
-3.074155,-5.554548,2.147599,0.6243043,-0.032986723,0.8038987
-7.821857,-9.588778,1.151611,-0.06352998,0.06963864,0.39461896
-6.6774287,-7.639898,2.3582888,-0.30298916,0.032986723,-0.61453044
-2.9759927,-5.861006,2.956839,0.4251622,0.2968805,-0.20891592
-6.2823853,-7.3071036,1.553837,-0.17104226,-0.28588495,0.7110472
-7.0006456,-9.969456,0.5315128,-0.29443705,0.24312437,-0.7440339
-3.8546648,-5.9687448,1.9895816,0.344528,0.344528,-0.3115413
-5.389348,-7.639898,2.0590134,-0.267559,-0.39584067,0.8588765
-7.4483614,-10.192117,-1.0462662,0.09896017,0.21502456,-0.7440339
-5.0134583,-6.8905125,0.93852705,0.26267207,0.43860126,-0.44104472
-5.1666875,-8.604761,0.04309563,-0.19181168,-0.052534413,0.66950834
-7.953538,-11.765107,-2.1284454,-0.028099801,0.27122417,-0.7415904
-3.41892,-6.2584434,0.16280572,0.344528,0.2284636,0.07819075
-6.196194,-8.516175,0.7206547,-0.4728097,-0.18081611,0.54000485
-7.4387846,-8.444349,-0.7661445,-0.28955013,0.14049901,-0.3359759
-5.379771,-7.3190746,0.49799395,0.019547688,0.13072516,-0.09896017
-5.801151,-7.714118,0.58418524,-0.20891592,-0.2883284,0.5204572
-8.439561,-12.349293,-2.6527755,-0.09896017,0.09896017,-0.65240407
-5.6766524,-7.062895,-0.7182605,-0.54244834,0.34574974,-0.3555236
-3.8474822,-7.038953,-1.3096284,-0.98349303,-0.30909783,0.3005457
-7.884106,-8.808268,-2.3774424,-0.11484267,-0.43004912,0.56688297
-6.019023,-7.807492,-1.8818425,0.5766568,0.548557,-0.6731735
-7.359776,-12.236765,0.521936,2.257758,-0.008552114,-0.5021312
-4.357447,-7.2185183,2.3175871,6.1489697,-0.60231316,1.0922271
-2.885013,-4.237737,5.9184666,0.35185838,-0.752586,0.4605924
-7.967903,-1.6352397,4.9224787,-1.2229522,-0.3213151,-0.1001819
-8.109161,-4.5753193,5.2840033,-1.2754866,0.2883284,-0.6096435
-3.9073372,-7.398083,6.5218053,-0.6621779,0.35918877,-0.47769663
-4.867412,-6.2752028,3.6415808,-0.45814893,-0.41172317,0.21624629
-9.215282,-10.649409,3.679888,-0.99082345,-0.11728613,-0.18325958
-3.1747115,-7.929596,5.085284,-0.41538838,-0.27488935,-0.31887165
-5.6431336,-6.447585,4.7620673,-0.05375614,-0.9896017,0.4801401
-3.5529952,-8.542512,4.3718123,-0.8539896,-0.059864793,0.22724187
-3.454833,-3.3542767,5.523423,-0.30787608,-0.5925393,1.4489723
-8.717288,-6.519411,4.697424,-0.4202753,-0.90041536,1.396438
-4.297592,-6.1243677,4.867412,-0.02076942,0.21746802,0.45937067
-6.588843,-5.2863975,5.1762643,-0.38606682,-0.37751472,1.1545353
-8.176199,-6.0501475,4.699818,0.3921755,0.19914207,-0.66706485
-3.4332852,-2.6503813,6.289568,-0.004886922,-0.057421334,-0.15149458
-8.166622,-5.118803,5.475539,-0.6426302,-0.19181168,0.5717699
-5.518635,-3.98874,6.1100025,0.058643065,0.39584067,-0.8881981
-4.841076,-3.727772,5.6096144,0.5290093,-0.27000242,0.5729916
-11.566388,-6.9479733,4.5920787,-0.1001819,0.22602014,-0.25045475
-4.5322237,-4.5394063,4.733337,0.014660766,0.23579398,-0.45204028
-7.4028716,-4.5082817,3.9456444,-0.50335294,-0.19303341,0.31520647
-9.832987,-6.196194,3.8833952,0.8258898,0.6450737,-0.07941248
-4.3167458,-2.5139117,6.167464,0.19303341,0.15271631,-0.07819075
-7.9511437,-4.596867,4.1706996,-0.34697145,-0.22724187,0.4251622
-6.7492547,-4.7788267,4.132392,0.32253686,0.41050145,-0.6976081
-5.693412,-4.654328,3.9312792,0.14294247,-0.1001819,0.44837508
-9.526528,-5.8107276,4.0557775,-0.0036651916,0.23090707,-0.27366763
-5.7484784,-5.872977,4.345476,-0.50335294,0.09896017,-0.28955013
-8.76996,-5.4420204,3.70383,-0.09040806,-0.2883284,0.35918877
-6.054936,-5.547365,3.4021606,0.44593164,0.7049385,-0.96761054
-4.1706996,-5.145139,4.259285,0.23945917,-0.13561209,0.16737708
-10.840945,-7.07726,2.3798366,0.5815437,0.38973203,-0.37873647
-4.960786,-6.540959,2.7389667,0.4202753,0.9932669,-1.3805555
-3.6966474,-4.9679685,4.984728,-0.46181414,-0.2003638,-0.015882496
-9.876082,-9.454702,-0.40222588,-0.17715092,0.41416663,-0.7134906
-3.2561142,-10.041282,0.7757214,1.073901,1.2571607,-1.4538593
-0.58897364,-8.298303,2.2361844,-0.58032197,-0.37507126,0.010995574
-7.9750857,-10.005369,-2.099715,-0.23335053,0.018325957,0.37018433
-7.9870567,-7.237672,-1.0103531,0.15760323,0.23090707,-0.0036651916
-3.5769374,-8.252813,2.2840683,0.81489426,0.23335053,-0.19181168
-0.9696517,-8.746018,4.5418005,-0.59742624,-0.17837265,-0.5326745
-0.25378537,-10.105926,3.028665,-1.3927728,-0.44959682,-0.3726278
-4.3646297,-8.53054,0.49320555,0.31520647,-0.7464773,0.57543504
-8.7125,-10.831368,-0.47405192,-0.69027776,-0.02443461,-0.12583824
-2.0494366,-10.376471,-0.009576807,-0.5705481,0.2284636,-0.5412266
0.60333884,-10.108319,-0.05746084,-1.0824533,-0.4801401,-0.22724187
-2.80361,-8.123527,0.2801216,1.767844,-0.3885103,0.7318166
-6.1411276,-8.853758,-0.23463176,0.829555,0.23090707,0.12950343
-3.1914709,-8.89446,1.3599066,2.7452285,0.38240165,0.035430185
-2.054225,-9.646238,5.068525,-1.1863003,0.061086524,0.14538592
-5.0158525,-7.5345526,4.1252093,-0.10995574,0.019547688,0.56077427
-6.277597,-6.715736,3.9719806,-0.09896017,0.12583824,-0.2565634
-2.858677,-8.173804,3.9600096,-0.29565877,0.21135938,-0.33108896
-1.6687586,-8.925584,2.7988217,-0.5375614,-0.04642576,0.12950343
-5.6096144,-8.4108305,2.0757728,-0.5656612,0.018325957,0.21502456
-5.1116204,-8.798691,0.93613285,-0.57787853,0.6230826,-0.52290064
-0.6368576,-7.9870567,1.3670892,-0.37140608,0.23457226,-0.23945917
-3.9073372,-9.718064,-1.8339585,-0.7831292,-0.14660765,0.344528
-9.126697,-9.665392,-3.6032736,-0.4007276,0.5326745,-0.34697145
-2.0518308,-9.050082,-2.0614076,0.21013765,0.3933972,-0.11728613
-2.930503,-9.481039,-2.3463178,-0.103847094,-0.29810223,0.4605924
-7.1395097,-8.889671,-1.5777789,-0.7305948,-0.22724187,0.1001819
-3.58412,-9.368511,-2.0949266,0.23090707,0.28710666,-0.5375614
0.31364042,-9.095572,1.127669,0.3005457,-0.20158553,0.33475417
-4.9464207,-9.3661175,-1.2114661,0.8002335,-0.74036866,0.5045747
-6.955156,-10.309433,-1.2521675,0.14660765,-0.2321288,0.062308256
-3.2800562,-8.714894,1.151611,0.21746802,0.042760566,-0.14538592
-1.8650831,-7.759608,2.0829554,0.112399206,-0.16126843,0.015882496
-6.2991447,-8.597578,1.5921441,-0.35308012,-0.24923302,0.35308012
-4.9200845,-9.121908,0.7086837,-0.08674286,0.5742133,-0.46181414
-1.1803415,-6.9958572,1.8483237,-0.10873401,0.058643065,0.21013765
-8.207323,-10.21127,-0.17477672,-0.42149702,0.06352998,0.19058995
-3.3758245,-8.6334915,0.12928689,-0.061086524,0.3200934,-0.31764993
-1.3958195,-7.465121,0.24660277,-0.20769419,-0.54244834,0.1881465
-8.133103,-11.245565,-1.388637,-0.5839872,-0.087964594,-0.21624629
-2.6288335,-10.089166,-0.17717093,-0.10629055,0.30909783,-0.02565634
-1.6208745,-7.7548194,-0.2753332,-0.118507855,-0.5131268,0.32620203
-7.4363904,-10.354922,-1.1659763,0.13439035,-0.095294975,0.15271631
-2.5474305,-9.25359,0.08379706,0.61941737,0.8405506,-0.22968534
-2.942474,-8.243237,-0.7206547,-0.3200934,-0.33841935,0.48502702
-8.367735,-10.177752,-1.5921441,0.021991149,0.13805555,-0.009773844
-3.359065,-9.514558,-0.6775591,-0.002443461,0.18203785,-0.036651913
-4.7907977,-7.383718,-0.51714754,-0.007330383,-0.25167647,0.70371675
-8.341399,-9.921572,-1.460463,-0.63529986,0.47891834,-0.5119051
-2.018312,-10.218452,-0.5626374,-0.3652974,0.41905355,-0.06352998
-1.5155296,-8.379706,-1.2593501,-0.63529986,-0.081855945,0.52778757
-8.429984,-7.9463553,-2.0614076,-0.1966986,-0.39950588,0.34697145
-5.4085016,-8.396465,-3.1555579,0.5021312,0.7501425,-0.54244834
-1.1444284,-8.599973,0.076614454,0.05009095,-0.15149458,0.042760566
-4.0773253,-7.785944,-3.7014358,0.18448131,-0.6719518,0.3494149
-9.907207,-10.2974615,-3.4811692,-0.34330627,0.43860126,-0.46670106
-4.096479,-9.23683,-0.9528923,0.77091193,1.0445796,-0.3005457
-1.4939818,-11.575965,3.7660792,1.2315043,-0.54000485,-0.0842994
-2.8514943,-6.1004257,1.8986019,1.6701056,-1.2327261,0.19303341
-4.450821,-9.871294,3.3973722,-0.55955255,-0.22602014,0.2003638
-7.699753,-7.6255326,1.496376,-0.14660765,-0.16737708,-0.24678956
-3.809175,-7.5800424,3.1507695,0.27366763,0.19425514,-0.13805555
-0.40462008,-9.076419,4.220978,-0.032986723,0.16126843,-0.095294975
-3.4979286,-8.820239,3.4979286,-0.10262536,-0.35063666,0.2284636
-4.6279917,-8.252813,-0.320823,-1.4135422,0.39095375,-0.7452556
-2.9855695,-10.572795,-1.043872,-3.4220672,-0.20525073,-0.56321776
-3.2489316,-9.552865,-2.5594015,0.54244834,-0.047647487,1.1936307
-6.9886746,-12.65575,-6.2823853,-0.84788096,-0.14294247,-0.05497787
-2.6001031,-8.183381,-3.799598,-0.23335053,0.22357668,-0.3213151
-1.5729905,-8.049306,-3.0478187,0.22479841,-0.1881465,0.35185838
-5.159505,-8.961497,-5.1762643,0.344528,-0.2284636,0.39950588
-6.160281,-10.613496,-4.345476,1.2657127,0.29077184,-0.24556783
-4.7884035,-8.166622,0.5530606,1.486846,-0.16737708,0.7452556
-5.183447,-7.69257,-0.2896984,0.79412484,-0.906524,1.9950858
-8.599973,-9.7803135,-0.22026655,0.51068336,-0.18570304,0.32742378
-5.93762,-4.2640734,3.9073372,0.39095375,0.09285152,0.07941248
-6.9958572,-4.237737,4.0653543,-0.39584067,-0.4092797,1.1484267
-11.013328,-8.8777,0.8858546,-0.10629055,-0.09407325,0.07452556
-7.548918,-2.7988217,3.5649664,0.47525316,0.25045475,-0.7770206
-4.5920787,-0.4309563,4.537012,-0.22968534,-0.111177474,0.043982297
-9.378088,-3.8546648,3.0813377,-0.7415904,-0.5412266,0.7831292
-11.939884,-5.521029,0.78529817,-0.3371976,0.7244862,-0.43982297
-7.819463,-2.2936451,3.4524388,-0.087964594,0.3371976,-0.5180137
-6.4523735,-2.1452048,3.074155,0.19181168,-0.2687807,0.625526
-11.832145,-9.442732,0.22266077,-0.30543262,-0.081855945,0.018325957
-8.360553,-4.247314,2.2242134,0.30665436,0.27855456,-0.9211848
-5.0278234,-1.769315,3.6152446,0.50579643,0.21013765,0.12217305
-7.881712,-3.8522706,2.7246015,-0.18448131,-0.30298916,0.74036866
-11.583148,-7.33344,1.5179238,-0.3005457,0.09773844,-0.61819565
-7.240066,-4.189853,2.5833437,-0.2565634,-0.0036651916,-0.22113322
-6.9862804,-3.8163576,2.8060043,-0.9309586,-0.47769663,0.6414085
-10.378864,-7.177817,1.5514427,-0.27000242,-0.37018433,0.18936823
-6.9982514,-3.9695864,3.3159695,-0.204029,0.2724459,-0.48624873
-6.2488666,-4.3287168,3.1531637,0.11728613,-0.3323107,0.7464773
-11.975797,-8.628703,0.61530983,-0.4166101,-0.1001819,0.18936823
-7.5082164,-4.390966,2.27928,0.38362336,0.3286455,-0.6035349
-5.595249,-3.0142999,2.7006595,0.32498032,0.18570304,0.15882497
-9.433155,-4.4436383,2.4540567,0.010995574,-0.3286455,0.61086524
-9.995792,-5.8562174,1.6376339,-0.037873644,0.17348573,-0.8173377
-5.9304376,-3.2561142,2.0350714,-0.09407325,0.3042109,-0.10873401
-9.198523,-5.341464,1.7286136,-0.17592919,-0.03176499,0.52778757
-10.108319,-6.9407907,1.0606314,-0.2602286,0.33841935,-0.5510005
-5.3965306,-1.8962077,1.8267759,0.15027285,-0.058643065,0.032986723
-9.665392,-4.146757,1.0103531,-1.3903292,-0.75625116,0.8552113
-9.639056,-5.48751,2.3870192,-0.85154617,-0.28955013,0.08674286
-6.5720835,-1.8315643,2.3630772,0.16982053,-0.23090707,-0.18448131
-8.453926,-3.7325604,3.7684734,-0.12217305,-0.37873647,0.20647246
-7.9152308,-4.8003745,1.6519991,-0.79412484,-0.18692477,-0.021991149
-7.771579,-3.13401,4.0677485,-0.45448375,0.040317107,-0.06352998
-7.1754227,-0.8475474,2.1859062,-0.29565877,-0.2406809,1.3035865
-10.455479,-3.040636,2.4277205,-0.8943067,-0.6206391,0.9456194