2.2984335,3.4380736,9.114726,-1.3720033,-0.05497787,-0.3408628
1.13964,0.8523358,10.441113,-2.3530529,0.75747293,0.19914207
-2.195483,-3.2968156,7.517793,-2.293188,0.6206391,1.65911
-4.711789,-4.5681367,7.4148426,-1.6554449,0.16737708,1.4294246
-3.7062242,-0.10534488,8.324639,0.95172805,-0.28710666,0.28588495
-4.1395745,-4.144363,8.53054,1.110553,0.26145032,0.18570304
-2.243367,-0.15562311,11.398794,0.74281216,-0.057421334,0.1600467
-5.9759274,-0.60573304,5.2504845,0.07819075,-0.021991149,0.13316862
-6.703765,-3.0885203,7.479486,0.77946407,0.6450737,-0.06352998
-4.8003745,-3.0071173,10.726024,0.893085,0.5180137,-0.35308012
0.055066638,-0.5243302,11.743559,-0.57910025,-0.47525316,0.07574729
-4.0054994,1.2210429,6.0357823,-0.172264,-0.103847094,0.23945917
-5.6790466,-2.7629087,7.240066,0.8332202,0.54244834,-0.18692477
-3.3255463,-2.2649148,11.659762,0.6267477,0.3848451,-0.20769419
-0.3184288,-3.4332852,11.475409,-0.91996306,-0.7538077,0.40439278
-5.4204726,0.545878,4.876989,0.5180137,0.2565634,0.22968534
-6.2823853,-2.779668,7.0724716,0.5681047,0.46181414,-0.34574974
-2.80361,-1.4413095,10.951078,0.2761111,0.12705997,-0.30298916
-1.5131354,-0.51954174,10.426748,-0.61819565,-0.61941737,0.21135938
-5.887342,0.78529817,4.644751,0.6780604,0.22113322,0.18081611
-5.837064,-1.6927006,6.8282633,0.77457714,0.31398472,-0.4092797
-2.7269957,-1.3718776,10.216059,0.9492846,0.0720821,-0.4642576
-2.4372973,-0.8858546,9.904813,-0.29810223,-0.14049901,-0.08307768
-2.5378537,-2.5378537,8.801085,-1.4770721,-0.40194935,0.17837265
-4.608838,-3.3063924,6.615179,-0.13683382,-0.019547688,-0.096516706
-2.7365725,-5.2768207,8.678981,-0.08307768,0.5009095,-0.1563815
0.1316811,-12.284649,12.512098,-2.4459045,-0.21624629,0.43004912
-4.271256,-3.1675289,8.228871,-0.4361578,-0.26511553,-0.17837265
-2.6839,-2.992752,7.6470804,-1.0030408,-0.5705481,-0.019547688
-5.473145,-1.6352397,5.3127337,0.50701815,0.21624629,0.095294975
-4.1539397,-7.381324,7.311892,0.643852,0.53878313,0.02443461
-1.3694834,-7.2807674,9.406818,-0.31398472,-0.47525316,-0.07086037
-3.8857894,-1.6591818,7.275979,-0.42760566,-0.2443461,0.02443461
-5.758055,-3.550601,5.011064,0.28344148,0.30787608,0.14660765
-4.4316673,-6.6486983,8.020576,0.21868975,0.7147123,-0.034208454
-1.2473791,-6.9982514,10.955867,-0.12217305,-0.14782938,-0.13194689
-2.932897,-3.9839516,8.154651,-0.1160644,-0.09407325,-0.4007276
-4.7740383,-0.24899697,10.539276,3.0298917,0.24801129,-0.22357668
-4.6830587,-3.8522706,5.389348,-0.79534656,0.3005457,0.20158553
-2.992752,0.6823475,9.794679,0.6462954,0.080634214,-0.09162979
-4.7907977,0.7158663,6.8881183,-0.037873644,-0.0720821,0.2919936
-6.0501475,-1.5705963,8.324639,0.5216789,0.535118,-0.3481932
-2.9616275,-1.3335704,11.228806,-0.45448375,-0.5876524,0.119729586
-6.007052,1.934515,5.604826,0.6133087,0.12095132,0.13194689
-5.9304376,-0.28491,8.0445175,0.02443461,0.42638394,-0.29810223
-2.954445,0.16759412,10.292673,-0.33108896,-0.22235495,0.081855945
-6.579266,-0.4333505,5.2648497,0.3555236,0.39095375,0.39461896
-6.5864487,-1.340753,7.4962454,0.17470746,0.47891834,-0.21502456
-3.2632968,-1.3263878,11.343728,-0.43371433,-0.3042109,-0.05497787
-4.2185836,2.5187001,6.3589997,-0.13194689,-0.24312437,0.16737708
-7.103596,-1.508347,7.1490865,0.2284636,0.56688297,-0.18570304
-4.132392,-0.8810662,10.084377,0.057421334,0.039095376,-0.2003638
-4.1922474,2.585738,5.849035,-0.23335053,-0.41783184,0.31031954
-7.381324,-1.6543933,6.205771,0.8002335,0.312763,-0.1160644
-4.7788267,1.2306197,8.324639,0.6658431,0.1441642,-0.035430185
-4.2904096,0.7398083,7.120356,-0.0012217305,-0.1001819,0.3555236
-4.307169,0.8571242,8.884883,-0.32498032,0.1441642,-0.17470746
-3.5793316,1.8459295,8.0924015,-0.38728857,-0.40317106,0.33475417
-6.1746464,0.4213795,8.487445,0.453262,0.4813618,-0.012217305
-3.2345665,1.0414777,10.850522,-0.18692477,-0.112399206,0.034208454
-3.6463692,3.3566709,7.369353,-0.1441642,-0.2883284,0.3005457
-7.2807674,-1.4556746,7.16824,0.33964106,0.61819565,-0.089186326
-3.58412,1.0702082,9.967062,-0.02565634,0.20647246,-0.3371976
-1.1827357,2.396596,9.667787,-0.47525316,-0.6719518,0.21502456
-4.0533834,3.8067808,7.201759,0.7330383,-0.0720821,-0.22113322
-6.981492,1.4915876,7.821857,0.42394048,0.8332202,0.48502702
-6.291962,3.6152446,8.62152,-0.20280726,0.3848451,0.45448375
-5.6239796,1.7429788,7.457938,-0.29810223,0.09773844,0.043982297
-3.8187518,4.477157,7.153875,-0.31887165,-0.002443461,0.40439278
-6.457162,1.532289,7.7907324,0.14049901,0.204029,0.11728613
-6.703765,3.4955344,8.384495,0.052534413,-0.33108896,-0.41172317
-3.4883518,6.591237,6.184223,-0.13927728,-0.061086524,0.38240165
-4.5418005,2.6886885,5.695806,0.035430185,0.18570304,0.3042109
-6.1004257,2.2026656,7.654263,-0.77946407,-0.06841691,-0.6792821
-4.608838,4.8722005,7.9104424,-0.3200934,-0.24556783,0.13927728
-3.6248214,3.857059,5.705383,-0.5558874,-0.004886922,0.41416663
-5.6335564,1.7621324,9.488221,0.1282817,-0.31031954,-0.38362336
-4.232949,4.144363,7.9272017,0.25289822,-0.22235495,0.009773844
-4.1060557,2.0614076,7.089231,-0.42271876,0.04886922,0.18081611
-3.1866825,2.8275523,4.9895163,-2.2101104,0.21868975,0.14172074
-3.4141316,1.067814,8.966286,-0.6597345,-0.1001819,-0.27488935
-5.446809,4.6112323,7.249643,-0.7293731,-0.012217305,0.17959438
-4.9224787,-0.33518824,10.048465,1.7751744,0.453262,-0.3640757
-1.9536686,-0.78769237,10.070012,-0.036651913,-0.14660765,-0.029321533
-4.450821,3.5625722,7.795521,0.5729916,0.20525073,0.18325958
-6.167464,-2.540248,9.085996,0.41905355,0.47891834,-0.21624629
-2.5474305,-1.7836803,10.259154,-0.7110472,-0.1685988,0.035430185
-4.0078936,0.06464344,6.7588315,-0.33353242,0.0,0.38362336
-4.865018,-1.6639702,9.923966,0.17837265,0.25534168,-0.29565877
-2.171541,0.7398083,10.354922,-0.06719518,-0.27366763,0.080634214
-4.63278,0.4189853,6.7827735,0.3359759,0.047647487,0.17715092
-4.5441947,-4.745308,8.9758625,-0.25167647,0.43982297,-0.2883284
-1.2401965,1.13964,10.927136,0.07574729,-0.3213151,0.06963864
-4.1276035,-0.2705448,6.9144545,-0.4129449,-0.0720821,0.5546656
-5.2480903,-1.4317327,7.690176,0.40561453,0.26145032,-0.105068825
-3.6296098,-0.29688102,10.335769,0.61208695,0.17348573,-0.31887165
-4.175488,0.19871874,9.208099,1.0238101,-0.1966986,-0.267559
-2.566584,2.8203697,7.615956,-0.9126327,-0.84299403,-0.030543262
-2.0566192,3.4093432,9.445126,-1.4123205,-0.5815437,0.3323107
-2.0254946,1.2138603,9.095572,0.41905355,0.07086037,0.41905355
-2.2385786,-5.463568,9.785102,-0.57787853,0.30176744,-0.09285152
-0.2753332,-1.4867992,10.3453455,-0.23945917,-0.41416663,0.344528
-3.9217024,-1.091756,6.861782,0.0842994,0.12217305,0.042760566
-2.657564,-5.351041,9.67018,0.13194689,0.54733527,-0.21624629
-0.22505496,-3.3423057,11.307815,-0.5876524,-0.46181414,0.16126843
-3.8833952,-1.4748282,6.801927,0.087964594,-0.03176499,0.1160644
-5.1020436,-4.201824,6.943185,0.2443461,0.48991394,-0.061086524
-0.6464345,-5.2840033,11.652579,-0.41905355,-0.15027285,0.096516706
-2.7389667,-1.1300632,7.117962,-0.30176744,-0.2687807,0.1685988
-4.9655743,-2.291251,7.2185183,0.35430184,0.2003638,0.065973446
-3.9552212,-5.475539,8.686164,0.38362336,0.55955255,-0.27488935
-0.29448682,-2.3535004,10.821792,-0.44104472,-0.37751472,0.16126843
-2.9496565,1.1683705,7.5225816,0.065973446,-0.22479841,0.19792034
-5.1547165,-3.8307228,7.1969705,0.89552844,0.5338962,-0.17592919
-3.301604,3.1172507,8.520964,2.39337,0.015882496,-0.50823987
-3.1172507,-1.0103531,8.3390045,-0.32498032,-0.087964594,0.02687807
-2.6144683,-0.1388637,10.749966,0.21746802,0.07941248,-0.07452556
-4.4101195,-1.6065093,7.4603324,0.3286455,0.05375614,0.11484267
-3.0238767,2.1978772,9.662998,-0.37507126,-0.1001819,-0.1563815
-3.7181952,1.7645266,8.1642275,0.14538592,0.172264,0.12095132
-5.530606,-0.9672575,8.985439,0.105068825,0.3213151,-0.37507126
-2.2577322,1.70946,10.682928,-0.15271631,-0.26267207,-0.12095132
-3.9935284,-1.376666,5.695806,-0.75747293,0.07574729,0.37507126
-5.887342,0.842759,8.511387,0.57910025,0.42760566,-0.22235495
-2.5115175,0.7230489,10.680533,-0.45814893,-0.39706242,-0.087964594
-3.620033,3.25372,6.1890116,0.56199604,0.089186326,0.17715092
-6.2967505,-0.4405331,8.961497,0.57910025,0.30787608,-0.20525073
-2.5210943,1.4915876,11.238382,-0.35308012,-0.2565634,-0.15149458
-3.2728736,3.751714,6.205771,-0.034208454,-0.0842994,0.21624629
-5.4779334,0.7110779,7.785944,0.67073005,0.3323107,0.007330383
-3.4237084,-0.45010993,10.867282,0.5412266,0.10140363,-0.3042109
-4.122815,2.492364,8.00621,-0.12339478,-0.24190263,-0.07574729
-4.5394063,4.6591167,8.614338,-0.06841691,-0.3371976,0.29077184
-2.8060043,1.9656396,8.604761,0.22235495,-0.26633725,0.103847094
-1.5155296,0.79248077,8.1402855,-0.28588495,-0.23090707,0.27977628
-2.72939,1.1827357,8.942344,-0.11362094,0.3481932,0.05009095
-0.14844051,-1.9033904,11.334151,-0.7696902,0.06719518,-0.034208454
-2.0159178,1.8650831,8.394072,-0.21135938,-0.20891592,0.18692477
-4.2880154,-0.4165911,7.836222,-0.09407325,0.37751472,-0.037873644
-0.6967127,-2.408567,11.765107,-0.13439035,0.14782938,-0.06963864
-0.6703765,-0.48841715,9.92636,-0.6768387,-0.31887165,0.13072516
-4.0342298,0.89303726,6.9360023,0.23945917,-0.034208454,0.0036651916
-3.6774938,-1.1563994,9.452309,0.40194935,0.54733527,-0.11728613
-0.2896984,-1.3239936,11.432313,-0.004886922,-0.26389378,-0.13194689
-1.7166426,1.4508862,8.080431,-0.24556783,-0.312763,0.13194689
-3.6822822,-1.685518,7.752425,-0.23457226,0.5021312,-0.41172317
-3.2225955,-1.0103531,8.588001,-0.21380283,0.3213151,-0.689056
-3.205836,-2.8874073,8.868123,-0.3811799,0.16126843,0.2602286
-4.201824,-3.098097,8.549694,-0.2602286,0.11362094,-0.036651913
-3.8738184,-4.3766007,9.248801,-0.20525073,0.25900686,0.2284636
-5.4922986,-4.9464207,7.2089415,0.6169739,0.47891834,-0.1563815
-2.8754363,-2.336741,10.929531,0.35430184,0.07941248,-0.2687807
-2.336741,0.61291564,8.834604,-0.41172317,-0.48380527,0.17837265
-5.925649,-2.2984335,6.955156,0.53878313,0.34330627,0.09407325
-3.6655228,-3.016694,10.362105,0.05497787,0.15760323,-0.3213151
-2.552219,-1.2856863,8.664616,-0.657291,-0.52534413,0.095294975
-5.662287,-2.2290018,6.483498,0.39461896,-0.017104227,0.18570304
-3.265691,-2.954445,9.92636,0.21746802,0.15393804,-0.27855456
-1.7741034,-1.2808979,9.52174,-0.6401868,-0.5729916,0.039095376
-4.817134,0.31124622,5.5880666,0.59864795,-0.008552114,0.3567453
-4.6519337,-2.765303,9.466674,0.43127087,0.625526,-0.2932153
-2.0757728,-1.4915876,10.613496,-0.7476991,-0.59864795,0.018325957
-4.76925,0.23942018,6.069301,0.52534413,-0.04153884,0.23090707
-5.3127337,-2.743755,8.020576,0.30787608,0.548557,-0.28710666
-1.9153614,-1.0390835,10.955867,-0.29077184,-0.43004912,-0.059864793
-4.4723687,-0.29688102,6.409278,0.007330383,-0.04886922,0.35430184
-6.361394,-2.7629087,7.4268136,0.42271876,0.5864306,-0.15027285
-2.7964275,-1.115698,10.565612,-0.09896017,-0.056199603,-0.09773844
-3.739743,1.1444284,7.2304893,-0.22235495,-0.22968534,0.2932153
-6.0477533,-1.922544,8.111555,0.5864306,0.30176744,-0.13316862
-3.3087866,-2.1212628,10.259154,0.019547688,0.07941248,-0.20647246
-2.4037786,0.6703765,9.062054,-0.5204572,-0.54733527,0.073303826
-4.9703627,-1.8626889,8.50181,1.613906,0.23457226,-0.2883284
-4.036624,3.928885,8.26239,1.9645426,-0.02443461,-0.23579398
-3.122039,1.9297266,7.8050976,-1.5931365,-0.07574729,0.2443461
-6.83784,0.4285621,8.1402855,-0.45570546,0.20280726,-0.4801401
-2.2840683,0.079008654,10.996569,-0.48991394,-0.12705997,0.009773844
-2.6192567,3.6272156,7.9272017,-0.37018433,-0.31887165,0.30176744
-7.4363904,1.376666,6.397307,0.30298916,0.43982297,-0.07696902
-3.1364043,-0.38307226,11.44189,-0.1160644,-0.0842994,-0.25167647
-2.9233203,2.9640217,8.130709,-0.66339964,-0.3213151,0.20891592
-6.2129536,1.8746599,5.619191,0.9932669,0.37384954,0.04520403
-3.5697548,0.81402856,10.072407,0.4801401,0.05375614,-0.2284636
-2.4660277,3.0238767,8.676587,-1.1435398,-0.4569272,0.19914207
-6.1123967,0.6775591,6.232107,0.89675015,0.45937067,0.04886922
-4.146757,1.2808979,10.0748005,0.7770206,0.23335053,-0.29932398
-1.9129672,2.0207062,9.888053,-0.95172805,-0.6206391,0.20280726
-7.2065473,0.15322891,6.5601125,0.3200934,0.39461896,0.09040806
-5.535394,1.1252748,9.179369,0.7281514,0.1001819,-0.39095375
-4.8482585,-0.8499416,9.390059,-0.74036866,-0.44104472,0.16982053
-3.6104562,2.1380222,8.942344,-1.1594223,-0.4129449,0.24678956
-1.9919758,-0.11492168,7.821857,-0.29565877,-0.5656612,0.38606682
-4.0438066,-2.0039468,8.884883,0.4166101,0.79168135,-0.15271631
-0.8643068,-3.7804444,11.908759,0.23701571,0.112399206,-0.064751714
-0.521936,1.2401965,10.658986,-0.15271631,-0.5815437,0.2846632
-4.9200845,0.011971008,6.0884547,0.6096435,0.41905355,0.015882496
-1.8076223,-0.7398083,10.9103775,0.33964106,0.43004912,-0.2406809
0.6607997,1.7860745,11.140221,-0.48747048,-0.5693264,0.13927728
-5.1140146,1.3144168,5.2169657,0.48258355,0.20525073,0.0720821
-2.4109612,0.10295067,10.096349,0.54367006,0.3555236,-0.22357668
0.9720459,0.830788,12.61026,-1.1081096,-0.79901177,0.17715092
-3.8379054,3.5697548,5.4803276,0.31887165,-0.13316862,0.1160644
-4.3263226,0.20111294,8.966286,0.52778757,0.8185594,-0.19058995
-0.17956513,-0.6895301,12.571953,-0.2321288,0.14538592,-0.112399206
-0.44532153,2.2984335,10.879252,-0.55833083,-0.82344633,0.172264
-4.9200845,2.0709844,5.2528787,1.1459832,0.15882497,-0.039095376
-3.4165258,0.8283938,10.398018,0.10995574,0.5119051,-0.09162979
-2.315193,1.8507179,8.025364,-0.17715092,-0.05497787,0.06719518
-3.0334535,0.4309563,9.136273,-2.6145031,-0.16982053,-0.21135938
-3.1747115,-1.3599066,7.07726,-1.2571607,-0.9016371,-0.030543262
-1.5059528,-3.064578,9.868899,-0.53878313,-0.035430185,0.040317107
-2.1763294,-2.980781,7.81228,0.61453044,0.017104227,-0.065973446
-2.2337902,-4.402937,9.148245,0.548557,0.6218608,-0.16615535
0.25139117,-4.235343,10.8624935,-0.34208453,-0.6267477,0.20647246
-3.5936968,-0.320823,7.2209125,0.31764993,-0.09773844,0.12095132
-3.5889084,-3.821146,7.422025,0.3481932,0.7086037,-0.040317107
0.4261679,-5.887342,11.044453,-0.27366763,0.09285152,-0.118507855
-1.0845734,-1.8219875,9.445126,-0.2565634,-0.516792,0.14660765
-4.9440265,-2.8060043,6.540959,0.6169739,0.42149702,0.018325957
-2.3798366,-3.7924154,8.312668,0.3323107,0.6401868,-0.19303341
0.1316811,-4.417302,11.303026,-0.09407325,-0.27977628,0.16493362
-2.9759927,0.7398083,7.1634517,-0.0720821,-0.2846632,0.15515977
-4.771644,-0.32321724,6.5026517,0.83077675,0.7293731,-0.07696902
-3.205836,-5.681441,8.248025,-0.27366763,0.3042109,-0.06841691
-4.8003745,3.9240966,10.675745,2.4275784,0.65484756,-0.12339478
-5.094861,-0.34715924,8.949526,-0.7134906,0.312763,-0.18081611
-6.9503675,-0.6464345,5.887342,1.1325442,0.36163223,-0.32986724
-4.3837833,-1.4413095,10.065224,-0.02076942,0.17104226,-0.37140608
-2.4875755,2.9592333,8.3821,-0.19792034,-0.24923302,0.17837265
-6.5625067,-0.20590134,6.4068837,0.59986967,0.42638394,0.15393804
-5.66947,-0.62488663,9.868899,0.34574974,0.3323107,-0.3115413
-2.9951463,0.8643068,9.844957,-0.84665924,-0.44226643,-0.064751714
-6.217742,-0.31364042,6.2105594,0.7623598,0.38362336,0.2773328
-5.2840033,-1.2162545,9.660604,0.31887165,0.19058995,-0.39584067
-2.3415294,1.42455,9.97185,-0.84788096,-0.54367006,0.05131268
-5.815516,0.10055647,6.1100025,0.030543262,-0.02321288,0.27977628
-6.777985,-2.327164,7.7667904,0.44104472,0.5363397,-0.29443705
-3.004723,0.4261679,10.19451,-0.53023106,-0.19181168,-0.09040806
-3.8355112,0.45010993,8.118738,-0.017104227,-0.15393804,0.16982053
-6.114791,0.36870706,8.7125,0.7110472,0.1563815,0.4092797
-6.1411276,-0.49320555,8.317456,-0.47769663,0.61941737,0.67073005
-5.29358,-0.557849,7.3789296,-1.1630874,0.073303826,-0.018325957
-5.8634,0.033518825,6.967127,0.94806284,-0.16615535,0.13561209
-5.595249,-0.35913026,7.491457,0.29443705,0.058643065,0.27488935
-5.9041014,0.016759412,8.360553,0.07696902,-0.22724187,-0.33475417
-4.7548847,3.016694,7.019799,0.52656585,-0.10873401,-0.17470746
-4.5034933,0.023942016,7.9607205,-0.07574729,0.08674286,0.4972443
-7.8529816,-1.5514427,8.389283,-0.042760566,-0.21380283,-0.52778757
-4.331111,2.801216,7.03177,0.48380527,-0.04886922,0.12583824
-4.829105,-0.045489833,7.3549876,0.061086524,0.13194689,0.5497787
-6.8929067,-1.079785,8.408437,-0.040317107,-0.13805555,-0.45570546
-4.24492,2.4372973,7.374141,0.22602014,-0.039095376,0.04153884
-5.1810527,0.15322891,7.273585,0.0720821,0.16615535,0.49357912
-6.8282633,-0.20829555,8.157045,-0.2406809,-0.09896017,-0.52778757
-4.5274353,3.028665,6.9144545,0.05131268,-0.07941248,0.17348573
-5.2744265,-0.5243302,7.8625584,0.30176744,0.10873401,0.22357668
-5.662287,-1.9321208,9.41879,-0.3726278,-0.1966986,-0.516792
-4.819528,0.7254431,8.880095,-0.25045475,-0.38973203,-0.5448918
-4.0174704,1.6496049,8.291121,0.42271876,-0.3921755,-0.38606682
-4.8626237,-0.39264908,9.303867,-0.2406809,-0.1563815,0.1282817
-4.63278,5.1786585,5.853823,0.93828905,0.13316862,-0.04520403
-2.743755,2.2960393,9.392453,-0.4813618,-0.05375614,-0.10262536
-3.9983168,1.1324574,7.5201874,0.5009095,-0.22357668,0.27855456
-6.1938,-1.5825673,7.4244194,0.4972443,0.57787853,-0.19181168
-3.3399115,-0.25617957,10.350134,-0.06841691,-0.13439035,-0.064751714
-3.5051112,3.1196449,7.6829934,-0.49357912,-0.21991149,0.18203785
-7.091625,-0.4165911,6.3422403,-0.065973446,0.5338962,-0.3885103
-3.2273839,1.2210429,10.833763,0.376293,-0.058643065,-0.34208453
-3.3877954,2.1452048,7.6351094,-0.675617,-0.25900686,0.32620203
-6.8929067,-0.62249243,7.33344,0.49968776,0.3933972,-0.17715092
-3.3806129,0.8643068,10.699687,0.18570304,-0.019547688,-0.22724187
-2.992752,2.4157495,8.090008,-0.6585127,-0.43127087,0.39950588
-5.0158525,-0.15322891,6.5577183,0.6780604,0.31887165,0.22357668
-4.5202527,-0.7374141,10.024523,0.062308256,0.030543262,-0.49357912
-2.303222,5.2026005,9.933543,0.1685988,-0.3286455,0.15515977
-5.020641,0.79008657,6.0645127,0.18448131,0.15271631,0.29443705
-5.5377884,-0.7182605,8.576031,-0.39706242,0.267559,-0.16493362
-3.5338416,-4.5896845,8.145074,-0.8210029,-0.39461896,0.2406809
-3.2489316,1.769315,9.713276,1.5699236,0.057421334,-0.064751714
-5.485116,-0.78529817,7.40766,0.548557,0.2724459,0.16982053
-4.072537,-1.055843,10.053253,0.37384954,0.33353242,-0.39706242
-1.7070658,0.92176765,9.088389,-0.39584067,-0.4092797,0.064751714
-5.1475334,-1.7525556,6.519411,0.22968534,0.15271631,0.15393804
-4.5896845,-2.1092918,9.636662,0.5705481,0.38973203,-0.4007276
-1.4891934,1.5011644,9.885659,-0.74281216,-0.58276546,0.13561209
-5.21936,-0.8762778,6.3111157,0.2321288,0.21746802,0.36163223
-5.8801594,-2.5785553,9.129091,0.5766568,0.3848451,-0.59498274
-0.9768343,0.20590134,10.972627,-0.6976081,-0.60231316,-0.11484267
-5.29358,0.0023942017,6.9623384,0.3652974,0.3555236,0.29565877
-5.686229,-1.5298948,8.956709,0.49113566,0.43249258,-0.32986724
-2.719813,-3.0693667,10.824186,-1.065349,-0.42149702,-0.043982297
-2.6886885,1.3503298,7.16824,-0.16982053,-0.3286455,0.32375857
-5.116409,0.45010993,5.8442464,2.5583036,0.57787853,-0.21135938
-4.6782703,-1.8962077,6.5960255,-1.5845845,-0.0036651916,-0.29810223
-7.608773,0.4189853,8.963891,0.10873401,0.5290093,0.065973446
-5.8466406,0.37110126,8.367735,-0.54367006,0.34330627,0.37384954
-5.386954,0.7374141,8.161834,-0.47403142,-0.119729586,-0.22357668
-5.8346696,-1.0965444,9.002198,0.38240165,-0.14172074,0.23701571
-5.2720323,1.4317327,7.026982,0.72082096,0.0842994,-0.06963864
-6.1866174,-1.1563994,9.5385,0.1563815,0.028099801,0.30176744
-6.9599442,-3.8235402,6.667852,-0.42638394,-0.17592919,-0.5009095
-5.475539,1.6998832,8.307879,-0.061086524,-0.1966986,-0.204029
-3.3375173,2.44448,6.10282,-0.061086524,-0.021991149,0.33353242
-5.9519854,-1.8842367,7.429208,0.46303585,0.17959438,0.08307768
-6.7971387,1.5131354,8.774749,-0.15760323,-0.12339478,-0.2003638
-3.8307228,1.400608,6.5457473,-0.17592919,0.021991149,0.4251622
-6.8929067,-0.79248077,8.635885,0.36285394,0.11362094,-0.2321288
-6.2728086,1.2330139,8.3629465,-0.018325957,-0.2003638,-0.2602286
-3.5865142,2.9113493,7.067683,-0.18325958,-0.0720821,0.36041048
-4.9583917,2.1523874,7.651869,0.86132,0.28710666,0.32253686
-7.16824,1.2234371,8.791509,-0.057421334,-0.1441642,-0.32742378
-3.8402996,3.311181,6.435614,-0.25534168,-0.030543262,0.3286455
-6.1123967,-1.4293385,7.824251,0.34208453,0.22479841,0.54367006
-7.21373,-0.8619126,8.540117,-0.6914995,0.028099801,-0.53878313
-5.849035,0.5602432,7.7907324,0.77946407,0.13683382,0.3213151
-5.5497594,0.34476504,6.715736,0.021991149,0.10751228,0.13316862
-6.9048777,0.5554548,8.23366,0.056199603,0.12461651,0.23823744
-4.855441,0.78050977,6.3829417,0.37018433,0.030543262,0.087964594
-6.069301,0.18674773,8.00621,0.17470746,0.2125811,0.25534168
-6.5385647,0.48841715,8.336611,-0.13927728,-0.12950343,-0.63285637
-5.1547165,4.0054994,6.5625067,0.07941248,0.010995574,0.11484267
-6.4643445,0.2825158,7.575254,0.010995574,0.15393804,0.3555236
-6.8545995,-0.7350199,7.4507556,-0.16371189,-0.080634214,-0.5876524
-4.3382936,3.7445314,6.9527617,-0.061086524,0.007330383,0.017104227
-5.8634,0.11492168,7.275979,0.030543262,0.15149458,0.30787608
-7.0341644,0.79966336,8.432379,-0.15027285,-0.062308256,-0.54367006
-4.110844,2.8514943,7.1227503,0.010995574,-0.24923302,0.05375614
-4.951209,1.2449849,8.367735,0.2968805,-0.0061086523,0.09285152
-6.0118403,-0.7541735,9.109938,0.46303585,-0.43127087,-0.06841691
-4.5753193,-1.5490485,5.2744265,-0.34330627,-0.3640757,0.04642576
-3.229778,-1.8986019,6.5744777,-4.194201,-0.48258355,0.5497787
-5.7843914,2.2002714,7.627927,0.14905111,0.3652974,-0.06841691
-2.8491,-3.679888,9.753978,-0.032986723,-0.058643065,-0.008552114
-5.305551,-3.3446999,5.638345,-0.6072,0.07574729,0.35918877
-6.967127,-4.0533834,7.2328835,0.18325958,0.61208695,-0.2406809
-2.813187,-1.7932571,11.216835,0.27488935,0.07086037,-0.2003638
-4.110844,-0.51714754,7.1514807,-0.33964106,-0.22602014,0.43982297
-7.098808,-4.0054994,6.4020953,0.18325958,0.40439278,-0.10873401
-3.5793316,-2.7724855,11.15698,-0.047647487,0.04520403,-0.20769419
-3.2944214,-0.8738836,8.090008,-0.36896262,-0.26511553,0.312763
-7.285556,-3.643975,6.8186865,0.6719518,0.22602014,0.04886922
-3.8738184,-2.6408045,10.790668,0.21502456,0.18692477,-0.27000242
-3.1172507,-1.3503298,8.784326,-0.57543504,-0.5363397,0.24190263
-6.14831,-1.5610195,5.6096144,0.4654793,0.23701571,0.172264
-4.1946416,-2.3750482,9.722853,0.28221974,0.23823744,-0.376293
-2.8323407,-0.581791,9.866506,-0.5888741,-0.6230826,0.081855945
-5.602432,-0.320823,4.9895163,0.31887165,0.07941248,0.14905111
-6.55293,-4.0892963,7.711724,0.14172074,0.6291912,-0.30665436
-2.1212628,-0.9864111,10.9343195,-0.40561453,-0.39950588,0.081855945
-5.446809,-0.30885202,5.8083334,1.097114,0.02565634,0.008552114
-7.0126166,3.9959226,8.231265,0.5864306,0.7049385,0.47403142
-7.0485296,1.0319009,8.389283,-0.9651671,0.12583824,0.33108896
-5.422867,0.46208093,7.797915,-0.6035349,0.09407325,0.035430185
-5.592855,0.09816227,7.606379,0.35063666,-0.012217305,0.3115413
-6.567295,-0.79487497,8.327033,0.6939429,0.062308256,0.05009095
-4.6710877,2.2744915,6.8665705,0.43860126,0.103847094,-0.21746802
-5.4899044,1.1468226,7.1706343,0.3042109,0.0842994,0.36285394
-7.062895,-3.9911342,8.477868,-0.08307768,0.08674286,-0.059864793
-6.184223,1.7645266,6.9647326,0.013439035,-0.21624629,-0.61941737
-5.094861,3.4356794,6.447585,0.14538592,0.19425514,0.38362336
-6.4020953,0.60573304,7.6231384,-0.22968534,0.21746802,0.37995818
-7.0461354,-3.0813377,8.109161,-0.22357668,-0.19547687,-0.28955013
-5.568913,2.384625,6.495469,-0.037873644,-0.058643065,-0.34697145
-5.374983,4.7548847,6.789956,0.118507855,0.17592919,0.43860126
-6.8186865,-0.059855044,7.73806,-0.26389378,0.12461651,0.33108896
-6.742072,-3.13401,7.9607205,-0.2919936,-0.16126843,-0.38240165
-5.877765,1.7884687,7.690176,0.06719518,-0.12950343,-0.32986724
-4.4795513,3.940856,6.5840545,-0.06719518,-0.095294975,0.30787608
-5.461174,-0.24660277,6.495469,-0.12461651,0.21868975,0.2968805
-6.0501475,-2.9472623,8.0684595,0.548557,0.096516706,-0.3200934
-4.225766,0.581791,7.445967,-0.032986723,-0.25045475,-0.8686504
-6.2392898,0.581791,9.229648,0.062308256,-0.49602258,-0.52412236
-5.533,-3.643975,8.588001,0.80878556,-0.6072,-0.0036651916
-3.572149,-0.28491,8.408437,-1.1850786,-0.07819075,0.44837508
-5.2528787,1.5346833,8.461109,0.95417154,0.16737708,0.062308256
-3.2106245,3.3207579,8.652645,-1.378112,-0.27488935,0.28710666
-6.540959,1.4053963,6.447585,1.0384709,0.376293,-0.07452556
-3.7205894,4.367024,9.931149,0.70616025,0.1160644,-0.30909783
-2.0685902,7.1754227,9.136273,0.26633725,-0.50335294,0.30298916
-5.6886234,-0.22266077,6.1411276,0.3359759,0.37873647,0.15760323
-4.5777135,3.6822822,8.556877,0.87109387,0.2932153,-0.3005457
-2.4037786,4.745308,9.43076,-0.49602258,-0.4605924,0.28344148
-5.884948,-1.460463,5.875371,0.20525073,0.33108896,0.21746802
-5.9064956,2.6312277,8.063671,0.60231316,0.37873647,-0.49968776
-2.195483,3.2848446,10.759542,-0.7965683,-0.57910025,0.18570304
-4.687847,3.107674,5.5521536,0.16371189,0.061086524,0.4007276
-6.9240313,0.18914193,7.3190746,-0.057421334,0.31642818,-0.3323107
-3.8857894,2.1763294,10.0987425,0.8772025,0.089186326,-0.4166101
-4.771644,2.5689783,8.123527,0.17592919,-0.43982297,0.13927728
-4.0653543,4.1252093,7.7787614,0.35918877,0.08552113,0.10995574
-4.1395745,5.6551046,6.7109475,-0.42760566,-0.1685988,0.2846632
-3.1603463,3.6272156,8.714894,-0.25289822,-0.31642818,0.2919936
-4.7884035,3.7565024,5.046977,0.50946164,0.27122417,0.040317107
-2.767697,3.4596214,8.954314,0.2321288,-0.02321288,0.029321533
-2.566584,4.6279917,8.561666,-0.5558874,-0.30909783,0.16126843
-4.6040497,2.9017725,5.2983685,0.18325958,0.15149458,-0.0036651916
-4.630386,2.7820623,8.346188,0.058643065,0.4202753,-0.32253686
-1.3000516,4.283227,10.2495775,-1.1154399,-0.43860126,0.06841691
-3.4763808,3.2225955,7.089231,-0.61941737,-0.33353242,0.17470746
-5.829881,2.2098482,5.353435,0.6450737,0.36896262,-0.02565634
-3.3901896,2.5809495,9.44752,-0.014660766,0.50579643,-0.43004912
-2.1140802,1.4293385,8.829816,-0.22235495,-0.2406809,0.034208454
-3.4715924,5.0374002,6.5744777,-0.25167647,-0.39950588,0.07574729
-3.7181952,-0.8834604,9.902418,-2.7501154,0.029321533,-0.63041294
-4.072537,-3.2561142,7.489063,-0.7244862,-0.06841691,0.087964594
-3.9863458,-3.6535518,8.683769,-0.34208453,0.32375857,-0.080634214
-4.189853,-3.5649664,7.8386164,0.41416663,-0.17104226,0.18448131
-3.4284968,-4.3502645,7.967903,-0.48502702,0.014660766,0.30787608
-3.8235402,-5.6646814,7.7189064,0.22479841,0.3555236,-0.14660765
-1.5131354,-5.403713,10.67814,-0.45814893,-0.31520647,0.062308256
-5.6527104,-1.7788919,5.1810527,0.21746802,-0.002443461,0.18081611
-6.3901243,-5.4444146,6.6654577,0.26511553,0.49968776,-0.17959438
-1.9009962,-3.8379054,11.27669,-0.3652974,-0.21135938,-0.012217305
-3.9839516,-0.15562311,6.6103907,-0.13194689,-0.3640757,0.3555236
-5.9687448,-4.050989,6.471527,0.6267477,0.42760566,-0.17592919
-1.8770541,-4.805163,10.867282,-0.22602014,-0.081855945,-0.10995574
-4.132392,-0.7589619,6.227319,-0.07941248,-0.31520647,0.36285394
-6.3326635,-4.7022123,6.715736,0.7012733,0.38973203,-0.111177474
-2.0039468,-2.60968,11.116279,-0.21868975,-0.11484267,-0.043982297
-4.867412,-1.376666,7.103596,0.112399206,-0.02687807,0.25045475
-6.033388,-3.6152446,7.165846,0.34574974,0.41172317,-0.16615535
-2.3654714,-2.9640217,10.955867,-0.5363397,-0.17470746,-0.1966986
-3.4452562,-0.076614454,7.5944076,-0.2003638,-0.29565877,0.26511553
-5.5138464,-2.4133554,6.5936313,0.4288274,0.28588495,-0.7415904
-3.8953662,-2.1811178,9.205706,-1.1032226,-0.44593164,0.19792034
-2.5809495,-4.4125137,8.487445,-0.35430184,-0.42638394,0.27000242
-2.0350714,-5.6886234,8.061277,-0.5009095,-0.3811799,0.12583824
-3.265691,-1.769315,6.83784,0.8185594,0.5412266,0.22479841
-0.81881696,-6.9024835,9.095572,0.31031954,-0.32620203,0.15027285
-3.466804,-1.043872,7.656657,0.5705481,-0.26511553,0.095294975
-3.4931402,-4.189853,7.587225,0.38362336,0.49846604,-0.06719518
-0.7422025,-4.6591167,10.589554,0.10995574,-0.15149458,0.009773844
-3.5290532,-1.2449849,7.445967,0.23335053,-0.22968534,0.1282817
-4.8985367,-4.0533834,7.0126166,0.5534439,0.7476991,-0.09773844
-0.79248077,-5.159505,11.252748,-0.22479841,-0.25411993,0.1282817
-3.8618474,-2.9113493,7.4507556,-0.05497787,-0.22113322,0.010995574
-4.1419687,-4.1683054,7.668628,0.30787608,0.5681047,-0.3640757
-1.0319009,-5.614403,11.528081,-0.28099802,-0.17959438,-0.16126843
-3.8043866,-1.0486604,6.7444663,-0.26145032,-0.30665436,0.13927728
-4.939238,-0.011971008,7.252037,1.6505579,0.5925393,-0.35430184
-1.8459295,0.095768064,9.830592,0.75502944,0.07452556,-1.2596041
-5.3199162,-4.8626237,8.772355,-0.3494149,0.3640757,0.6377433
-4.321534,-1.496376,8.228871,-0.2687807,0.0,0.2406809
-4.687847,0.7685388,8.336611,1.4660766,0.32253686,-0.05375614
-4.3766007,-1.5777789,8.1402855,0.28344148,0.064751714,0.040317107
-4.256891,-0.40701428,9.818622,0.47525316,0.25289822,-0.17715092
-2.908955,3.6224272,8.872911,-0.09407325,-0.35308012,0.23090707
-5.717354,0.4237737,6.801927,0.6084218,0.21380283,0.27000242
-4.63278,-1.7429788,8.882488,0.6218608,0.25778514,-0.4166101
-2.3104045,3.5769374,8.805874,-0.16126843,-0.40683624,0.02687807
-5.3965306,0.90021986,6.1650696,0.35185838,0.2284636,0.312763
-4.608838,-1.5921441,9.947908,0.3408628,0.21135938,-0.46181414
-2.657564,2.291251,9.813833,-0.54611355,-0.5204572,0.09285152
-6.337452,0.074220255,5.109226,0.08307768,0.17470746,0.31642818
-5.3127337,-1.0869676,8.111555,0.79534656,0.6243043,-0.47525316
-1.5753847,-0.4237737,12.569559,-0.82344633,-0.5546656,-0.002443461
-5.4539914,0.6368576,4.177882,-0.13805555,-0.012217305,0.34574974
-6.9862804,-1.7070658,7.144298,0.45570546,0.68416905,-0.40194935
-3.4213142,-2.8323407,11.908759,-0.49357912,-0.3200934,-0.17837265
-3.1172507,2.1859062,8.3629465,-0.79412484,-0.6536258,0.02321288
-5.813122,0.035913024,6.493075,0.28710666,0.04886922,0.030543262
-5.0900726,-0.641646,9.452309,-0.30665436,0.081855945,0.18325958
-5.872977,-1.7166426,5.647922,0.15882497,0.0012217305,-0.6059783
-5.6886234,3.4524388,8.329428,0.65484756,0.4642576,0.72326446
-6.0262055,-0.4285621,7.8984714,-0.24556783,0.2125811,0.6719518
-5.568913,-0.20590134,5.949591,-0.019547688,0.10751228,0.008552114
-7.1395097,-1.8435353,8.774749,-0.31031954,-0.1441642,-0.39706242
-4.8147397,3.098097,8.001422,0.18570304,-0.2565634,0.29443705
-6.2009826,0.16759412,6.145916,0.38362336,0.23945917,0.38973203
-6.8043213,-1.484405,8.293514,0.028099801,-0.24190263,-0.6401868
-4.173094,3.596091,8.312668,0.02565634,-0.09040806,0.31887165
-6.528988,-0.37110126,7.371747,0.25289822,0.32986724,0.45081854
-7.0844426,-0.60094464,7.479486,-0.009773844,-0.2443461,-0.72204274
-3.608062,1.7118542,8.248025,-0.064751714,-0.059864793,0.39950588
-5.5617304,-0.82599956,6.9168487,-0.2883284,0.312763,0.45937067
-7.687782,-4.6686935,6.919243,-0.12583824,-0.12339478,-0.77457714
-4.747702,1.6184803,8.597578,-0.21380283,-0.21746802,-0.20280726
-4.0294414,2.4971523,6.847417,-0.11728613,0.21991149,0.65484756
-6.045359,-2.5737667,7.6590514,0.43982297,0.14172074,-0.1160644
-6.3542113,-2.3511062,7.9990277,-0.4007276,-0.22235495,-0.82711154
-4.582502,1.7238252,8.358158,0.1966986,-0.2919936,-0.31398472
-4.9081135,1.6496049,9.102755,1.1667526,-0.33108896,-0.26389378
-4.771644,0.37110126,8.683769,-0.41538838,0.22602014,0.6047566
-2.9376855,-1.508347,7.6470804,-1.0079277,-0.02687807,0.4129449
-7.699753,0.32561144,7.7572136,0.40561453,0.39584067,-0.44226643
-2.906561,1.5011644,9.6845455,0.52656585,-0.07452556,-0.19303341
-3.1986535,3.751714,7.630321,-0.7476991,-0.6291912,0.63407815
-6.0285997,1.70946,5.121197,0.41050145,0.19303341,0.16126843
-3.4476504,1.5155296,10.067618,1.047023,0.32375857,-0.5216789
-1.9488802,3.8379054,9.9790325,-0.73548174,-0.73426,0.4361578
-5.899313,1.1827357,5.3678,0.1563815,0.13561209,0.26267207
-6.2249246,-0.47644615,8.9998045,0.5925393,0.52290064,-0.56688297
-1.5993267,3.466804,10.728417,-0.77946407,-0.5558874,0.118507855
-5.6407394,0.6584055,5.3223104,-0.22235495,0.07941248,0.46303585
-7.177817,-0.8403648,7.2113357,0.4728097,0.59131753,-0.6719518
-2.8107927,1.3670892,11.197681,-0.45570546,-0.14660765,-0.22602014
-5.159505,0.7589619,5.8083334,-0.25534168,-0.10751228,0.6817256
-8.722076,-3.0071173,6.157887,0.3848451,0.6133087,-0.516792
-4.1036615,0.7254431,10.888829,0.36896262,0.12705997,-0.35796702
-3.3662477,4.0773253,7.417237,-0.9456194,-0.5314528,0.5143485
-6.05733,-0.521936,7.2424603,0.5009095,0.28710666,-0.204029
-5.511452,1.460463,8.987833,0.19425514,-0.18570304,-0.39706242
-4.0821137,0.7110779,8.722076,-0.19425514,-0.07819075,0.6169739
-5.2169657,-2.9137435,6.5026517,-1.6994271,0.002443461,0.04153884
-2.8179753,-2.3798366,11.511322,-0.073303826,0.034208454,0.03176499
-5.1547165,0.1604115,5.604826,-0.43004912,-0.20158553,0.3921755
-8.090008,-1.8148049,5.755661,0.3200934,0.48502702,-0.2687807
-3.2441432,-3.6415808,11.654974,0.06719518,0.20647246,-0.13561209
-4.6351743,-0.4213795,7.0461354,-0.46670106,-0.3408628,0.453262
-7.9487495,-2.930503,5.793968,0.2321288,0.38728857,-0.15027285
-3.7708676,-2.6408045,11.15698,0.4166101,0.30909783,-0.20891592
-4.630386,0.33758244,7.699753,-0.5558874,-0.23457226,0.49602258
-8.128315,-3.2154129,6.2225304,0.2883284,0.5864306,-0.35918877
-3.4691982,-2.4157495,11.291056,-0.38728857,-0.059864793,-0.12339478
-4.4484267,1.0390835,6.991069,-0.3640757,-0.24556783,0.42394048
-7.529764,-2.3702598,6.919243,0.516792,0.52778757,-0.12461651
-3.3039982,-2.966416,11.908759,-0.052534413,-0.11362094,-0.10995574
-3.3279405,1.0869676,9.0716305,-0.6609562,-0.8063421,0.19914207
-5.3965306,-1.0654198,6.126762,0.4801401,0.36651915,-0.37995818
-4.594473,0.9624691,8.159439,0.26267207,-0.06719518,-0.21868975
-6.8929067,-2.6408045,8.279149,-1.4135422,0.36041048,-0.02687807
-4.4556093,1.6543933,8.590396,0.41416663,-0.0036651916,0.6401868
-5.614403,2.3343468,6.88333,-0.12950343,0.23335053,-0.02076942
-5.485116,-1.5370775,6.715736,-0.09896017,0.08307768,0.25045475
-5.2385135,0.7445967,7.6111674,-0.14294247,0.05375614,-0.20891592
-3.775656,4.3526587,5.461174,0.8222246,0.204029,0.7098254
-6.227319,-1.6496049,7.9272017,0.0061086523,0.17592919,0.28588495
-6.5601125,0.92176765,9.030929,-0.11484267,-0.16249016,-0.5925393
-3.5769374,2.6048915,6.5385647,0.41050145,0.04153884,0.5888741
-6.0166287,-3.8977604,7.9966335,-0.3640757,0.062308256,-0.17715092
-6.7588315,0.050278235,8.911219,-0.2883284,-0.16982053,-0.50579643
-3.9264908,4.132392,6.114791,0.7501425,-0.019547688,0.5009095
-6.64391,-0.82121116,7.740454,0.31764993,0.13194689,0.34208453
-6.528988,0.4429273,8.264784,-0.017104227,-0.119729586,-0.52412236
-4.1946416,1.6017209,6.8522053,0.71837753,-0.039095376,0.5326745
-6.505046,-4.4795513,7.6710224,0.3359759,0.14049901,0.2724459
-6.694188,-0.2753332,8.48984,-0.6267477,-0.16615535,-0.6462954
-4.036624,3.7900212,7.16824,-0.58276546,-0.17715092,0.004886922
-5.8945246,0.62009823,9.797073,0.96761054,-0.46181414,-0.61941737
-5.056554,1.283292,8.817844,1.5283848,-0.44593164,-0.21380283
-4.855441,1.8794483,8.3150625,-1.6371188,0.24312437,0.5693264
-3.9480386,3.9743748,9.208099,1.9682078,0.37140608,-0.21868975
-4.225766,0.39504328,5.2145715,-0.5742133,-0.13072516,0.38728857
-5.803545,1.4221559,8.607155,0.25778514,0.47158796,-0.31398472
-2.7700913,2.9999347,11.616667,0.25900686,0.05131268,-0.065973446
-3.655946,3.0693667,6.471527,-0.72204274,-0.46792278,0.2846632
-7.417237,0.78769237,6.811504,0.8454375,0.77091193,-0.1563815
-3.8881836,3.6511576,10.462662,0.15149458,0.17348573,-0.19181168
-3.323152,3.4332852,6.811504,-0.31520647,-0.4092797,0.267559
-5.9759274,2.3678656,4.6040497,0.31887165,0.204029,0.05497787
-5.518635,2.980781,9.090784,0.25900686,0.5546656,-0.4728097
-2.1978772,2.7461493,10.477027,-0.5131268,-0.56688297,0.21868975
-5.2504845,3.4237084,4.606444,0.16615535,0.073303826,0.17348573
-5.8203044,1.4053963,7.943961,-0.13439035,0.3042109,-0.61941737
-4.120421,2.5905263,8.856153,-0.096516706,0.07452556,-0.3494149
-4.7309427,1.1779473,8.317456,-0.03176499,0.010995574,0.5522222
-3.6248214,1.2090719,9.452309,-0.4813618,-0.27977628,-0.2003638
-6.0645127,-0.58897364,4.618415,0.2125811,0.12461651,0.111177474
-5.6646814,1.7884687,8.748413,1.1276573,0.43127087,-0.6743952
-1.970428,1.4676456,11.59033,-0.43004912,-0.59498274,0.17715092
-4.9416323,2.3104045,5.209783,0.3200934,0.039095376,0.4129449
-7.275979,-0.7134721,6.9767036,0.14172074,0.7305948,-0.5326745
-2.6408045,-0.2681506,11.654974,-0.35185838,-0.26145032,0.007330383
-5.887342,1.1851299,3.8833952,0.057421334,-0.07941248,0.49846604
-7.019799,0.10295067,6.157887,0.79534656,0.6658431,-0.119729586
-3.9815574,-2.1523874,10.702082,-0.47525316,0.1685988,-0.172264
-2.8682537,4.0701427,8.848969,-0.14294247,-0.752586,0.5815437
-6.2009826,1.163582,7.565677,1.5381587,-0.24556783,-0.36041048
-5.6215854,3.1124623,7.85777,0.6731735,-0.55955255,-0.2602286
-5.0134583,4.3382936,6.979098,-0.41783184,0.7440339,-0.43004912
-5.813122,2.6168625,5.81791,1.0800097,0.13194689,0.36163223
-8.494628,1.0845734,6.409278,1.2986995,0.47769663,-0.3213151
-2.0231004,3.3638535,13.15135,-0.48502702,-0.47769663,0.04642576
-3.514688,4.402937,5.4779334,-0.21991149,-0.5009095,0.53878313
-8.279149,-0.8882488,6.26802,-0.21380283,0.65484756,-0.38362336
-5.2744265,1.1468226,9.32781,0.39461896,0.22113322,-0.4373795
-2.7030537,4.357447,9.203311,-0.8038987,-0.548557,0.12339478
-5.494693,2.956839,4.7979803,0.34697145,0.1282817,0.45570546
-7.019799,0.51235914,6.5385647,0.1685988,0.22968534,-0.45937067
-5.45878,4.6351743,7.620744,-0.10751228,-0.26267207,-0.034208454
-5.6527104,-1.13964,7.1371155,-0.9663888,0.056199603,0.21991149
-4.8386817,2.873042,7.565677,1.3878858,0.19058995,-0.017104227
-4.831499,2.1619642,8.798691,-0.5717699,0.119729586,-0.33475417
-3.5529952,1.0366893,9.97185,0.065973446,-0.12461651,0.23945917
-5.391742,-0.48841715,6.1123967,-0.42271876,-0.013439035,0.096516706
-8.7053175,-2.3989902,6.9958572,0.59742624,0.39706242,-0.21135938
-4.5896845,-0.24899697,11.085154,0.13194689,-0.08674286,-0.23579398
-3.0454245,1.6256629,9.172187,-0.9407325,-0.6609562,0.22235495
-6.1650696,2.3415294,4.2664676,0.7305948,-0.021991149,0.376293
-8.444349,-0.7469909,7.129933,0.5717699,0.6389651,-0.2125811
-3.3566709,0.7254431,10.682928,-0.018325957,0.0,0.05375614
-2.8993783,3.0071173,7.4866686,0.002443461,-0.4801401,0.14660765
-5.2049947,2.432509,6.6989765,0.3371976,0.09040806,0.17837265
-5.770026,1.7741034,11.066,-0.98715824,0.15149458,0.41905355
-4.7500963,-1.0342951,8.66701,-0.53878313,-0.032986723,0.42271876
-5.758055,-1.0773908,9.165004,0.02565634,-0.007330383,0.096516706
-4.1491513,-0.35673606,6.5265937,0.34574974,0.111177474,0.04642576
-6.208165,-1.0175357,8.118738,-0.20525073,0.10629055,-0.004886922
-6.217742,0.1388637,8.054094,-0.03176499,-0.18203785,-0.3726278
-3.8786068,3.5122938,7.702147,-0.05497787,-0.014660766,0.042760566
-5.5258174,0.12689269,7.503428,-0.08552113,0.2565634,0.643852
-6.4858923,-2.1739352,8.312668,0.23335053,0.073303826,0.18692477
-5.650316,-3.1962593,8.662222,-0.29443705,-0.19058995,-0.61208695
-4.6782703,1.1563994,8.528147,0.6450737,-0.28588495,-0.5644395
-4.8003745,3.8546648,6.8809357,-0.23945917,0.0036651916,0.058643065
-5.5760956,2.4372973,7.156269,0.09162979,0.18936823,0.44348818
-5.8203044,-0.4309563,8.178593,0.065973446,0.16249016,0.3726278
-6.033388,-4.5537715,8.954314,0.073303826,0.057421334,-0.11484267
-4.259285,0.58897364,7.443573,-0.20769419,-0.27366763,-0.79290307
-4.8745947,0.39504328,8.578424,-0.5644395,-0.52778757,-0.95539325
-6.1219735,-5.085284,9.703699,0.49968776,0.12095132,0.019547688
-3.8618474,0.82360536,5.5282116,1.2156218,0.0061086523,0.48624873
-4.644751,3.5649664,8.080431,1.1826351,0.3652974,0.15882497
-5.3486466,-0.22984336,8.291121,-0.52534413,0.08552113,0.16493362
-5.556942,0.6512229,8.106767,-0.38606682,0.010995574,0.39706242
-4.4340615,3.1244333,9.066842,-0.766025,-0.06352998,-0.11484267
-5.9663506,-0.5386954,6.9360023,-1.5540411,-0.19547687,-0.036651913
-7.0581064,-1.661576,7.398083,0.61941737,0.38362336,-0.19058995
-4.5058875,3.8905778,9.773131,-0.10140363,-0.0061086523,0.032986723
-4.8003745,3.6942532,6.2368956,0.015882496,-0.2443461,0.4605924
-7.192182,0.5746084,5.923255,-0.5681047,0.44348818,-0.44104472
-4.6806645,2.9352913,9.720459,0.67073005,0.10995574,-0.41538838
-3.7684734,2.6719291,8.525752,-0.9651671,-0.46303585,0.18325958
-6.3781533,0.06703765,5.2241483,0.2602286,0.17959438,0.21135938
-6.4068837,1.553837,7.501034,0.48502702,0.3359759,-0.44348818
-3.323152,4.0940847,10.692505,-0.19425514,-0.3042109,0.10262536
-5.257667,4.8338933,5.731719,0.064751714,-0.21991149,0.44348818
-7.8505874,0.1412579,6.5385647,-0.035430185,0.46303585,-0.40683624
-4.757279,2.8179753,9.581595,0.4886922,-0.07696902,-0.059864793
-3.8857894,3.071761,7.551312,-0.6072,-0.38728857,0.17837265
-5.770026,1.3862427,5.3366756,0.09407325,-0.02687807,-0.19058995
-5.9807158,3.5410242,6.4068837,-0.17715092,-0.12461651,-0.09162979
-6.2608376,0.93373865,8.0445175,-0.77213365,0.34330627,0.66828656
-4.9559975,1.4389153,6.8785415,-0.5876524,0.25778514,0.46303585
-4.8482585,-0.31603462,6.9527617,-0.44104472,-0.04886922,0.18448131
-6.0764837,-0.30406362,8.046912,0.35430184,0.11484267,-0.05131268
-5.707777,2.719813,8.274361,-0.49113566,-0.14172074,-0.19914207
-4.697424,1.364695,6.1004257,0.29077184,0.20647246,0.4373795
-6.9599442,-1.151611,8.293514,0.19792034,0.11728613,0.11484267
-6.6846113,1.910573,8.149862,-0.33353242,-0.31887165,-0.61575216
-4.1276035,6.229713,6.4978633,0.16493362,-0.07574729,0.17837265
-5.971139,1.4772224,7.493851,-0.2321288,0.22968534,0.49480084
-6.564901,-3.1723173,8.676587,0.09773844,-0.07452556,-0.13072516
-6.3422403,1.8602947,7.6710224,0.007330383,-0.22235495,-0.5338962
-3.9001546,3.5242648,6.766014,0.21746802,0.02076942,0.3640757
-5.7149596,-0.18914193,7.285556,-0.10995574,0.32986724,0.37873647
-6.7731967,-2.0590134,8.269572,-0.007330383,-0.09162979,-0.40439278
-5.2959743,3.1986535,7.381324,-0.07941248,-0.26145032,-0.22968534
-4.1611223,3.9073372,5.9160724,0.13316862,0.16371189,0.3933972
-6.256049,0.272939,8.128315,0.061086524,0.3371976,0.3885103
-6.2847795,-1.2330139,8.925584,-0.11362094,-0.26145032,-0.46670106
-5.66947,3.6631286,7.493851,-0.118507855,-0.19792034,-0.23579398
-4.3718123,3.0095115,6.8210807,0.2687807,0.111177474,0.344528
-6.090849,0.48123455,7.599196,-0.06841691,0.29565877,0.21991149
-6.9647326,-0.6991069,8.406042,-0.14294247,-0.2724459,-0.5412266
-4.486734,5.7867856,6.9527617,-0.10262536,-0.20891592,-0.27366763
-4.663905,4.3406878,6.2225304,0.29077184,0.06719518,0.26633725
-5.3678,2.1787236,8.128315,0.33475417,-0.16493362,-0.23701571
-5.245696,1.6663644,8.925584,0.5900958,-0.080634214,-0.25167647
-4.9895163,1.4796166,7.1754227,0.32253686,0.172264,0.18570304
-3.347094,4.3358994,6.6726403,-1.7018706,-0.06841691,-0.021991149
-6.227319,3.1627405,4.9224787,1.3878858,0.25534168,0.11484267
-4.477157,1.8938135,8.0684595,0.09162979,0.10873401,-0.45570546
-2.8107927,1.6400281,10.560823,-0.5864306,-0.5766568,0.46670106
-7.0700774,-0.15801731,4.3861775,0.43371433,0.30543262,0.018325957
-5.0302176,1.4437037,10.223241,0.5021312,0.2443461,-0.41538838
-2.8921957,2.885013,7.8146744,-1.0164797,-0.59742624,0.18448131
-6.825869,0.78529817,4.8841715,0.6243043,0.3848451,0.1160644
-6.445191,1.2162545,8.12592,0.9089675,0.37507126,-0.4202753
-3.7110126,2.3247697,9.787497,-0.61575216,-0.22235495,-0.02076942
-5.3199162,4.0677485,4.831499,0.6401868,-0.034208454,0.39706242
-8.147469,-0.47644615,6.007052,-0.02443461,0.5131268,-0.26389378
-5.3247046,3.3135753,9.361329,0.4801401,0.02321288,-0.32742378
-2.4540567,3.6176388,9.928755,-0.99082345,-0.6414085,0.057421334
-5.279215,2.2936451,5.4420204,-0.37751472,-0.10995574,0.3359759
-5.777209,-5.6359506,6.8162923,-0.9309586,0.057421334,-0.27488935
-4.0773253,-1.7166426,8.932767,-1.0861185,-0.18203785,0.09773844
-4.0318356,0.9911995,8.099585,0.41783184,-0.02687807,0.07452556
-6.64391,-1.055843,6.1219735,-0.12339478,0.204029,-0.029321533
-4.0318356,-3.086126,9.526528,0.27366763,0.1966986,-0.37018433
-2.6144683,-2.0398598,10.338163,-0.7489208,-0.39461896,0.034208454
-5.765238,-0.20829555,5.923255,0.30909783,0.06963864,0.29443705
-6.931214,-3.9743748,6.847417,0.15271631,0.3885103,-0.32253686
-3.4979286,-3.4620156,11.554418,-0.22235495,-0.09040806,-0.17715092
-4.292804,0.91697925,7.00304,-0.32253686,-0.35796702,0.35918877
-6.38773,-2.657564,6.4020953,0.6414085,0.27855456,0.02687807
-4.1539397,-1.7310078,10.642226,0.66706485,0.35308012,-0.34574974
-2.5354595,-1.3359646,9.928755,-1.1191051,-0.5338962,0.06963864
-5.827487,1.0175357,6.3182983,0.15027285,0.1563815,0.29810223
-6.777985,-2.9640217,7.8410106,0.45937067,0.56199604,-0.29932398
-2.9137435,-3.1842883,11.575965,-0.86132,-0.50579643,-0.21502456
-4.6279917,0.4381389,5.9783216,-0.22602014,-0.1563815,0.4728097
-6.8186865,-3.454833,4.745308,0.7305948,0.41416663,0.11484267
-4.5058875,1.4987702,8.367735,1.4672983,0.47158796,-0.66950834
-4.24492,-1.3431472,6.0597243,-1.0250319,0.25167647,-1.0421361
-7.1945763,-6.5002575,7.2568254,-0.3652974,0.12339478,-0.7244862
-4.525041,-0.7637503,7.8505874,2.9981265,0.02321288,1.0201449
-5.305551,-0.17956513,7.515399,0.48502702,0.06719518,0.21991149
-5.0302176,0.91937345,8.884883,0.33841935,0.15271631,0.36896262
-5.7963624,1.151611,7.7213006,0.014660766,0.2761111,0.6365216
-6.117185,1.1228806,9.382876,-0.17104226,-0.06719518,0.31520647
-4.072537,0.62967503,6.835446,-0.08552113,0.019547688,-0.02443461
-4.9344497,1.7932571,6.208165,0.6462954,0.31031954,0.20280726
-6.3661823,0.047884032,7.501034,0.47403142,0.16982053,0.4092797
-7.1754227,2.8682537,8.791509,-0.7012733,-0.2773328,-0.28955013
-3.5458126,2.2481554,6.4667387,0.20280726,-0.04520403,0.25045475
-6.742072,0.021547815,7.735666,0.42760566,0.3640757,0.31031954
-7.103596,1.9416976,7.6973586,-0.58032197,-0.18692477,-0.36041048
-4.24492,2.0231004,6.600814,-0.028099801,0.18081611,0.32498032
-6.71813,-2.1643584,8.293514,0.19303341,0.17592919,0.14172074
-6.6965823,2.267309,7.7093296,-0.24190263,-0.26389378,-0.41172317
-3.9815574,4.197036,6.1195793,-0.07574729,-0.13805555,0.0
-6.7947445,-0.878672,7.1347213,0.3726278,0.2406809,-0.47769663
-5.595249,-1.4437037,8.212111,-1.3060299,-0.45081854,-1.1154399
-5.925649,-6.823475,8.075643,0.2932153,-0.3213151,0.05497787
-3.5553896,-3.4859576,6.8067155,0.07819075,-0.11728613,0.516792
-4.642357,-0.45968673,7.4004774,0.99082345,0.119729586,0.43004912
-5.032612,-0.7110779,7.7428484,0.27977628,-0.02076942,0.49357912
-5.379771,3.6822822,8.295909,2.1025982,0.15149458,0.4251622
-3.0119057,-0.34476504,8.595184,0.4886922,-0.012217305,-0.12705997
-5.7867856,1.0941502,5.4204726,-0.64751714,0.081855945,0.09896017
-6.3182983,-1.0175357,8.540117,0.79045963,0.37384954,-0.3811799
-2.5785553,1.7956513,11.133038,-1.0629056,-0.1966986,-0.015882496
-5.1379566,2.0685902,5.6096144,-0.06963864,0.040317107,0.53023106
-6.8306575,-0.24420857,7.7787614,0.45204028,0.4251622,-0.50335294
-2.954445,1.1683705,11.939884,-0.6719518,-0.1881465,-0.10751228
-4.9655743,3.6607344,5.7029886,0.2846632,0.06841691,0.79168135
-8.449138,-2.0614076,5.291186,0.16371189,0.5876524,-0.1160644
-4.8722005,0.8331822,10.642226,0.13683382,0.034208454,-0.22602014
-4.0462008,1.6160861,6.7253127,-1.210735,-0.3567453,0.44715336
-8.635885,-1.7812861,5.267244,0.3921755,0.5742133,-0.073303826
-5.449203,0.3878607,9.586384,0.12095132,-0.02321288,-0.35430184
-3.9193082,2.2098482,9.045294,-0.9126327,-0.204029,0.3494149
-7.654263,-1.8555063,5.518635,0.45814893,0.05497787,-0.042760566
-7.144298,1.0510546,7.3525934,0.105068825,0.065973446,-0.13805555
-4.915296,0.91937345,6.351817,-0.4288274,-0.061086524,-0.21991149
-6.4308257,-1.0486604,9.244013,0.45814893,-0.12339478,-0.0720821
-6.114791,0.29209262,7.6829934,0.48624873,0.43004912,0.8197812
-4.4244847,1.436521,4.8937483,-0.24801129,0.1685988,0.3726278
-6.3446345,1.8770541,9.081207,-0.49113566,0.27855456,0.37751472
-6.766014,0.50757074,8.3629465,-0.44959682,-0.31887165,-0.19058995
-4.1180267,2.7724855,6.8450227,0.14172074,-0.27977628,-0.22968534
-3.8426938,1.400608,6.279991,-0.22724187,0.16126843,0.3652974
-6.9719152,-2.2505496,9.11712,-0.15393804,-0.17715092,-0.31642818
-6.5026517,3.6224272,9.069236,0.15271631,-0.39706242,-0.22235495
-3.1244333,3.7014358,6.244078,-0.24678956,0.073303826,0.29077184
-6.4044895,0.2873042,8.24563,0.41905355,0.3115413,0.2773328
-7.1131735,1.3934253,8.075643,-0.22357668,-0.17470746,-0.53878313
-3.6463692,4.197036,6.991069,-0.5534439,-0.1563815,0.017104227
-4.4125137,0.79966336,6.691794,-0.012217305,0.3005457,0.48747048
-6.9599442,-3.301604,8.588001,0.0842994,-0.06963864,-0.43127087
-3.845088,0.7422025,9.109938,0.089186326,-0.52412236,-0.48624873
-5.614403,0.60573304,9.581595,0.75869465,-0.34574974,-0.7501425
-4.2401314,3.3782187,6.4619503,-0.2919936,0.06841691,0.625526
-4.582502,1.5011644,7.323863,0.7318166,0.15149458,0.38728857
-4.3646297,5.949591,9.682152,1.1484267,-0.119729586,0.035430185
-3.9935284,3.3542767,6.6103907,0.010995574,0.012217305,0.50579643
-6.6606693,0.6991069,5.590461,-0.7122689,0.28710666,-0.29932398
-3.4620156,2.1547816,10.905589,0.02076942,-0.05375614,-0.5119051
-3.3446999,3.502717,5.559336,-0.2724459,-0.1685988,0.3481932
-6.1770406,1.1947067,5.9902925,0.103847094,0.36163223,-0.056199603
-4.1539397,3.2824504,9.378088,0.3371976,-0.040317107,-0.312763
-3.667917,3.277662,5.995081,-0.019547688,0.02687807,0.3555236
-6.5098343,2.3774424,5.66947,0.036651913,0.29443705,-0.002443461
-5.0278234,2.2481554,9.579201,0.829555,0.14049901,-0.38606682
-2.480393,5.3127337,9.861717,-0.5729916,-0.4886922,0.16737708
-4.9655743,1.9009962,5.425261,-0.073303826,0.04886922,0.058643065
-6.4380083,-0.34237084,8.030152,0.39828414,0.43860126,-0.35308012
-3.4380736,4.8698063,10.115502,0.3811799,-0.24312437,-0.12705997
-5.5258174,2.099715,9.078813,-3.010344,0.14294247,-0.17837265
-4.4364557,-0.090979666,7.410054,-1.6982054,-0.25534168,0.10751228
-3.2632968,-3.727772,7.431602,-0.8417723,-0.2687807,-0.008552114
-5.6982,-4.9344497,5.9759274,0.5852089,0.11484267,0.073303826
-3.2130187,-2.9017725,11.085154,0.03176499,0.22479841,-0.20891592
-2.956839,-3.6511576,7.8050976,-1.6920967,-0.58032197,0.27977628
-6.9838862,-4.1659107,4.711789,0.5681047,0.28710666,-0.09773844
-4.951209,-4.1946416,10.010158,0.47036624,0.43860126,-0.25167647
-2.0039468,-5.171476,11.200075,-0.7440339,-0.41538838,-0.05131268
-5.5042696,-2.4827871,5.8346696,-0.13927728,-0.04886922,0.25534168
-7.132327,-1.9919758,6.5098343,0.66828656,0.49968776,-0.28099802
-3.8307228,-6.279991,11.010934,-0.43493605,0.15271631,-0.035430185
-2.4971523,-0.46208093,7.750031,-0.9309586,-0.60231316,0.14905111
-5.971139,3.3925838,4.1826706,3.676187,0.6976081,-0.39095375
-7.505822,-2.5833437,13.764266,-0.95905846,0.30543262,-0.7147123
-5.327099,4.0438066,7.1395097,-0.17837265,0.039095376,0.28588495
-4.757279,1.2737153,9.763555,-0.09407325,0.28099802,0.4605924
-5.9687448,0.050278235,7.8793178,-0.24801129,0.035430185,0.22479841
-3.6846764,1.8459295,6.955156,0.1160644,-0.18692477,-0.09407325
-3.9863458,2.8634653,6.1626754,0.080634214,0.20891592,0.24678956
-5.6000376,0.17477672,7.3047094,-0.19303341,0.3481932,0.48991394
-5.741296,1.6041151,6.835446,-0.13316862,0.36651915,0.44104472
-6.5337763,-0.05267244,7.93199,-0.09407325,0.30543262,0.47036624
-6.215348,-0.6943185,8.408437,-0.096516706,0.14538592,0.0061086523
-2.9879637,2.0374656,7.431602,-0.65240407,-0.72692966,-1.6432275
-3.8762126,-6.88333,6.6893997,-3.9779544,0.3115413,-2.6340508
-3.2992098,-9.16261,4.584896,-0.4642576,0.11362094,-0.5131268
-2.8083985,-7.687782,4.984728,-0.548557,-0.40683624,0.36041048
-2.1428106,-7.5968018,6.131551,0.032986723,-0.41783184,-0.096516706
-1.5107412,-9.095572,6.469133,1.500285,-0.3213151,-0.5155703
-3.4237084,0.45729253,10.125079,3.3524284,-0.2761111,-1.1496484
-1.2785037,2.540248,7.7093296,1.7666223,-1.1777482,-0.4801401
5.5162406,1.7046716,7.395689,0.5155703,-1.4660766,-0.31398472
2.9879637,5.0637364,8.403648,-0.112399206,-0.22113322,-0.57910025
2.2505496,5.327099,7.501034,0.52412236,-0.081855945,0.25167647
2.3582888,5.9280434,7.565677,-0.05131268,0.12950343,0.028099801
2.3056161,5.861006,7.144298,-0.061086524,0.0720821,0.06841691
1.8746599,5.209783,7.48188,-0.18936823,0.008552114,-0.030543262
1.9752164,4.879383,7.9008656,-0.2125811,-0.29443705,-0.03176499
3.1890767,5.8226986,7.61835,0.15515977,-0.064751714,0.057421334
2.5929205,4.1946416,7.132327,-0.35308012,0.41050145,0.09285152
2.731784,5.3318872,7.3669586,0.021991149,0.081855945,0.04886922