2.2170308,-1.3383588,9.485827,-0.06352998,-0.0061086523,-0.030543262
2.1787236,-1.043872,9.3661175,0.05131268,-0.009773844,-0.09896017
2.6479871,-2.1140802,9.361329,-0.13194689,-0.08307768,-0.28221974
1.9081788,-1.7381904,10.06283,-1.314582,-0.23945917,-0.47525316
3.6822822,-5.542577,8.820239,-2.3151793,-0.79901177,-0.5314528
7.422025,-6.1100025,4.5034933,-1.073901,-0.043982297,-1.7592919
5.379771,-2.5929205,4.618415,0.5363397,0.8772025,-1.5234979
5.9304376,-1.1540052,6.861782,0.344528,0.3323107,-0.57543504
5.140351,-2.4588451,8.037335,0.5815437,0.14294247,-0.112399206
5.861006,-0.37110126,8.154651,-0.21502456,0.057421334,-0.0061086523
7.03177,-1.9129672,6.445191,0.6646214,-0.19058995,0.5131268
2.0015526,-0.557849,8.159439,-0.7415904,0.3933972,-1.0494665
9.368511,-4.098873,8.360553,0.26633725,-0.59131753,0.5534439
2.1164744,0.14604631,8.231265,-0.63529986,0.17348573,-0.7489208
12.65575,-2.695871,5.8801594,0.3213151,-0.28710666,0.28588495
2.3008277,-0.6943185,8.250419,-0.70371675,-0.0012217305,-0.19058995
11.027693,-0.9624691,7.275979,-0.23090707,0.057421334,-0.22724187
3.9145198,-2.456451,7.905654,-0.33475417,-0.2284636,0.32498032
7.955932,-2.1140802,5.851429,-0.09407325,0.24190263,-0.7293731
9.92636,-1.3838485,6.7253127,0.3652974,-0.3115413,0.66828656
4.0414124,-1.3455414,6.5984197,-0.5143485,0.408058,-0.6243043
9.593566,-3.5769374,6.5816603,-0.27855456,-0.1600467,0.2773328
5.7748146,-2.3008277,5.5497594,0.73426,-0.02687807,-0.09285152
8.446744,-2.3223755,7.0844426,0.88453287,-0.004886922,-0.11728613
5.3199162,-1.1013328,7.0341644,0.7684685,-0.21991149,0.6988298
4.1252093,-0.49320555,7.457938,-0.6084218,0.2321288,-0.55833083
12.313379,-3.157952,4.4675803,0.16982053,-0.24923302,0.14905111
3.052607,-1.5155296,7.4387846,-0.5729916,-0.009773844,0.0720821
9.816227,-1.934515,5.815516,-0.12461651,0.3885103,-0.37018433
3.7708676,-0.90500826,7.726089,0.18203785,-0.2321288,0.5363397
5.8801594,-0.47165772,5.8346696,-0.073303826,0.32498032,-0.8417723
10.524911,-3.4356794,6.7851677,0.021991149,-0.5644395,0.9211848
2.480393,0.89543146,6.5122285,-0.22968534,0.35185838,-0.5290093
11.070788,-0.81402856,6.0046577,0.040317107,0.096516706,-0.34330627
3.3877954,-1.6136919,7.2807674,0.118507855,-0.2883284,0.3286455
7.8649526,-0.47884035,5.2504845,-0.13561209,0.45081854,-0.80878556
11.147403,-2.8419175,5.9519854,-0.009773844,-0.43982297,0.8784242
3.3159695,0.9672575,6.0956373,-0.19303341,0.27977628,-0.44348818
14.027628,-3.9815574,4.7740383,0.408058,-0.28221974,0.018325957
5.1140146,-1.9919758,5.758055,0.15271631,-0.09162979,0.22968534
7.098808,-0.545878,6.5241995,0.98715824,0.16615535,-0.49235737
8.396465,-5.2265425,5.341464,-1.2999213,0.15882497,0.39461896
5.947197,-0.61530983,7.132327,0.7257079,0.49602258,0.12583824
12.35887,-2.0566192,6.0405707,0.10751228,-0.28099802,0.22479841
2.408567,-0.2681506,7.8170686,-0.42638394,0.16249016,0.32253686
9.428367,-0.06943185,6.3230867,-0.04153884,0.13194689,-0.39706242
5.5760956,-2.6623523,6.706159,0.3359759,-0.68294734,0.68416905
3.5410242,-1.0342951,6.7851677,-0.38728857,0.42760566,-0.55955255
12.713211,-2.4468741,4.936844,-0.07941248,-0.20525073,0.16371189
4.4364557,-2.4037786,8.204929,0.23823744,-0.4642576,0.19914207
8.176199,-0.20350714,6.5744777,0.07819075,0.13194689,-0.61575216
8.602366,-0.89543146,6.4068837,0.29443705,-0.19425514,0.6963864
3.1794999,-0.830788,7.728483,-0.7012733,0.3200934,-0.35918877
10.747571,-0.34476504,6.457162,-0.02076942,0.09162979,-0.07452556
5.602432,-0.9696517,6.6726403,0.043982297,-0.059864793,0.42271876
7.0485296,0.47165772,6.0405707,0.21135938,-0.059864793,-0.34574974
7.7069354,-0.31364042,6.9743094,-0.087964594,0.039095376,-0.04153884
7.441179,0.10055647,5.997475,-0.27122417,0.2125811,-0.15393804
10.072407,-1.0175357,5.0014873,1.2730432,-0.30298916,0.35308012
3.2944214,2.1260512,7.3789296,-0.34697145,0.30176744,-0.15027285
9.873688,0.4405331,5.6551046,0.06963864,0.095294975,-0.16737708
5.57849,1.3311762,7.1059904,-0.12339478,-0.017104227,0.30543262
7.455544,0.5722142,4.996699,0.12583824,0.06963864,-0.84788096
9.035717,0.89782566,5.901707,0.5314528,-0.23335053,0.7623598
3.0358477,2.815581,6.655881,-0.25900686,0.23579398,-0.204029
9.543288,1.340753,5.386954,0.57787853,-0.019547688,-0.30787608
5.6359506,0.557849,6.9000893,-0.18203785,-0.062308256,0.3115413
6.8569937,1.5993267,5.195418,-0.2932153,0.344528,-0.6719518
12.758701,-1.8986019,4.4005427,-0.0012217305,-0.3200934,0.55955255
5.2863975,-0.29209262,5.81791,-0.1966986,0.035430185,0.1160644
9.3182335,0.093373865,6.1770406,-0.41783184,0.06963864,-0.25411993
8.018182,-1.1540052,7.465121,0.21135938,0.08552113,0.26389378
7.48188,1.0965444,6.033388,0.1685988,0.8038987,-0.81489426
8.020576,0.3854665,6.303933,0.44959682,0.24312437,-0.14294247
6.169858,3.1723173,6.4188547,-0.21746802,0.064751714,-0.1001819
6.6295447,4.1419687,5.6670756,0.096516706,0.3115413,-0.38728857
7.66384,2.2864625,6.157887,-1.0067059,-0.007330383,0.4813618
4.9823337,0.91697925,7.177817,0.017104227,0.028099801,0.15271631
7.505822,0.47405192,5.8203044,-1.391551,0.48991394,-0.11484267
8.4587145,0.28491,6.9719152,-0.02076942,-0.119729586,0.46792278
2.4181437,-0.20111294,8.207323,0.019547688,-0.073303826,0.0
8.202535,2.0111294,7.551312,-0.2687807,0.29810223,-0.35796702
5.7628436,-0.9696517,6.093243,0.2968805,-0.48258355,0.49113566
2.5929205,0.59136784,8.911219,-0.3323107,0.2687807,-0.3359759
9.856929,2.4827871,7.065289,0.36651915,0.0720821,-0.2773328
5.245696,-1.1683705,6.421249,0.10140363,-0.41905355,0.5876524
5.17387,0.79487497,7.1059904,-0.11362094,0.2687807,-0.40683624
12.164939,-1.1683705,4.6232033,0.07574729,-0.3921755,0.27977628
5.434838,-0.1436521,7.501034,0.15271631,-0.1685988,0.25045475
7.21373,0.94810385,6.2632318,-0.21135938,0.29932398,-0.5216789
10.802638,-1.0319009,5.1786585,0.047647487,-0.30543262,0.3213151
5.415684,-0.06943185,7.0581064,0.2565634,-0.018325957,0.20647246
6.775591,0.79248077,7.132327,0.6768387,0.10140363,-0.22235495
7.9631147,0.7158663,6.646304,0.6426302,0.032986723,0.04642576
4.450821,0.9744401,9.062054,-0.54000485,0.112399206,-0.059864793
9.138668,3.229778,4.5992613,0.11362094,0.009773844,-0.16371189
7.1107793,-0.2633622,5.90889,0.12461651,-0.2443461,0.52778757
4.891354,2.528277,6.825869,-0.18325958,0.4166101,-0.5534439
11.408371,0.59136784,4.024653,-0.36285394,-0.16737708,0.15882497
5.7963624,0.7278373,7.0006456,0.22602014,-0.27855456,0.21868975
4.2880154,1.4149733,8.176199,-0.19181168,0.33108896,-0.38606682
11.520899,-0.39504328,3.727772,-0.004886922,-0.2883284,0.2284636
5.415684,1.1324574,7.038953,0.2761111,-0.20158553,0.21380283
6.64391,1.6448165,7.4507556,-0.50579643,0.3323107,-0.68416905
11.394006,-0.59136784,4.367024,0.28344148,-0.017104227,0.042760566
5.6551046,0.93134445,7.1131735,0.019547688,-0.096516706,0.31887165
4.5058875,2.0326772,7.8865004,-0.0842994,0.21868975,-0.45448375
7.3909006,1.6879122,4.0821137,-0.675617,-0.3371976,0.72326446
9.0237465,-1.9081788,7.240066,-1.2901474,-0.8356637,-0.47158796
9.607931,-2.4660277,5.195418,-0.61575216,-0.26145032,-0.44104472
7.687782,-0.92655605,4.4819455,0.05131268,-0.17348573,-0.6047566
13.831304,-1.2186487,3.7684734,1.4355333,0.19303341,0.8222246
4.450821,3.9097314,2.5617957,0.75747293,-0.017104227,-0.26511553
12.569559,-2.3295584,5.5737014,-0.87598073,0.0842994,-0.36163223
6.256049,1.9752164,2.837129,0.13316862,0.4886922,0.6536258
6.229713,0.7565677,3.6894648,0.26633725,-0.16982053,-1.1178834
15.105019,-2.3870192,6.3350577,0.047647487,0.14172074,0.52412236
3.5817258,2.873042,2.6743233,-0.25289822,0.25534168,0.23090707
8.494628,1.9967642,4.915296,0.10629055,-0.48991394,-1.0091494
12.469003,-1.9177556,5.2840033,-0.16371189,0.16249016,0.9773844
3.8905778,1.6376339,3.4404678,-0.17592919,0.34330627,0.07941248
10.376471,0.8331822,5.0541596,0.38606682,-0.29565877,-0.8356637
12.162544,-2.9855695,5.801151,-0.5925393,0.30298916,0.8258898
5.825093,1.2354081,2.6982653,0.11362094,-0.04642576,-0.6035349
12.86644,-4.7668557,5.439626,-0.035430185,-0.118507855,0.14172074
5.877765,0.10534488,3.739743,-0.4642576,0.12950343,0.28344148
8.279149,0.9911995,4.3023806,0.02443461,-0.19547687,-0.2687807
9.150639,-0.016759412,4.8123455,-0.50823987,0.08307768,-0.07086037
7.299921,2.6791117,3.4739866,0.11484267,-0.13194689,-0.7440339
13.575124,-6.9048777,4.685453,-0.70738196,-0.02687807,0.6365216
4.5394063,1.055843,4.486734,0.5705481,0.09896017,0.12095132
8.791509,-0.23463176,4.620809,0.64751714,-0.04642576,-0.77457714
11.556811,0.4309563,4.220978,0.58032197,-0.037873644,0.8368854
5.829881,2.9376855,3.1866825,0.02443461,-0.13683382,-0.45937067
10.927136,-2.8682537,6.493075,-0.16493362,-0.0036651916,-0.6230826
7.8170686,1.1611878,3.7421372,0.4728097,0.35796702,0.7110472
6.191406,1.6783354,3.8426938,0.04520403,-0.17715092,-0.625526
12.703634,-0.8882488,5.839458,-0.039095376,0.1160644,0.49846604
4.4005427,3.040636,3.5194764,-0.26389378,0.24190263,-0.13194689
9.615114,0.5602432,5.3606176,0.3042109,-0.07452556,-0.52778757
9.457097,-0.8882488,4.2401314,-1.4196508,-0.059864793,-0.11362094
8.451532,-0.6440403,4.158728,0.13439035,-0.015882496,-0.06719518
9.976639,0.0047884034,5.722142,1.6542231,-0.19303341,-0.33353242
7.1107793,0.7230489,2.956839,0.45570546,0.19547687,0.40561453
9.095572,1.7238252,4.235343,0.26267207,-0.51068336,-1.5748106
9.694122,-0.37588966,4.927267,-0.15760323,0.39461896,1.4782939
5.020641,2.743755,2.4229321,0.36651915,-0.20891592,-0.46181414
13.12262,-4.426879,7.699753,-0.20891592,-0.20647246,-0.2406809
5.6766524,1.1468226,3.1723173,-0.8564331,0.41172317,0.38606682
9.3661175,-0.1340753,4.9176903,0.4202753,-0.33964106,-0.8588765
11.669339,-2.657564,5.961562,-0.1001819,0.19181168,1.4306464
5.6551046,-0.20111294,2.3654714,0.073303826,-0.052534413,-0.64751714
14.970943,-2.8060043,7.0581064,0.02076942,-0.08552113,0.675617
3.632004,1.6783354,2.837129,-0.5681047,0.31642818,-0.03176499
11.370064,0.6823475,5.171476,0.6792821,-0.30543262,-0.4569272
6.5026517,2.4372973,3.2632968,-0.31520647,0.22235495,0.84665924
8.583213,2.1092918,4.187459,-0.09162979,-0.13927728,-0.79168135
10.807426,-1.4341269,4.2161894,-0.19303341,-0.12583824,0.43127087
8.990228,-0.9504981,4.9176903,-0.48502702,-0.040317107,-0.103847094
7.383718,-1.6017209,5.829881,0.90285885,0.3200934,-1.0201449
13.357251,-1.9800048,4.31914,-0.7367035,0.02321288,1.1081096
5.315128,1.436521,2.4995465,0.45814893,-0.013439035,-0.6084218
14.793773,-5.2385135,5.5258174,0.14782938,-0.17715092,0.2724459
4.4699745,-1.0845734,3.2872388,-0.2602286,0.5326745,0.50701815
10.627861,2.2098482,4.4436383,0.95294976,-0.33353242,-0.96761054
11.314998,0.29927522,4.453215,-0.009773844,0.14660765,1.1227703
6.045359,2.0374656,2.813187,-0.10262536,-0.07086037,-1.1191051
13.816938,-3.1555579,6.9647326,-0.10140363,0.07574729,0.87109387
4.9081135,3.3758245,2.0925324,-0.04520403,-0.096516706,-0.58032197
13.532028,-3.0358477,6.0477533,-0.08674286,0.089186326,-0.26389378
5.365406,-0.10534488,3.0334535,-0.52290064,0.118507855,0.6719518
8.887277,1.4748282,5.3318872,0.4972443,-0.1563815,-0.829555
7.1849995,1.9752164,3.5649664,-0.31764993,0.4972443,0.93218035
6.5720835,-0.8283938,3.739743,0.02443461,-0.25045475,-0.57543504
14.875175,-2.5115175,6.6415157,-0.19425514,-0.12339478,0.6450737
4.132392,2.135628,3.0262709,0.17592919,0.172264,-0.13683382
11.398794,1.376666,5.583278,0.15027285,-0.19303341,-0.23701571
8.678981,-0.36631286,4.4196963,-0.267559,0.073303826,0.12217305
8.418014,-0.28491,4.24492,-0.14049901,-0.07452556,0.064751714
10.510546,-2.870648,3.110068,2.7171285,0.20891592,0.2125811
9.648633,-0.08619126,4.9919105,-0.9615019,-0.38240165,-0.5412266
6.9240313,0.5267244,2.4420857,-0.5522222,-0.035430185,0.3286455
9.785102,-0.0023942017,4.5418005,-0.24923302,-0.06963864,-1.0482447
7.9104424,0.5746084,4.3742065,-0.31398472,0.013439035,0.8698721
7.00304,1.8914193,3.4739866,-0.34574974,0.019547688,-1.0946705
13.115437,-8.734048,6.658275,-0.63529986,-0.30909783,1.6346754
4.6232033,-2.4037786,3.8115692,-0.84665924,0.18325958,0.3555236
11.9135475,-1.9440918,5.365406,0.54244834,-0.1966986,-0.63285637
6.2512608,0.6703765,5.5880666,-0.096516706,0.2919936,0.33841935
8.070854,1.1109096,4.345476,0.034208454,-0.061086524,-1.1691961
11.286267,-1.30484,4.9823337,-0.22968534,-0.06352998,1.0763446
5.6000376,4.0198646,3.2130187,0.63529986,0.034208454,-0.6976081
13.792996,-9.988609,8.171411,-0.72326446,-0.118507855,0.9272934
7.8769236,-2.1763294,4.853047,-0.2761111,-0.12095132,0.33108896
8.358158,-0.89064306,4.3837833,0.51068336,-0.012217305,-0.029321533
9.497798,-0.079008654,4.7884035,1.0384709,-0.33108896,-0.20769419
6.9886746,1.7310078,3.550601,-1.0152581,0.25045475,0.68294734
5.911284,2.8299465,3.169923,0.71593404,0.05497787,-0.98471475
13.613431,-5.6670756,7.098808,0.9272934,-0.039095376,0.31887165
5.133168,-1.673547,4.9775453,-0.6560693,0.27977628,0.31398472
10.783484,1.5155296,4.060566,0.07941248,-0.36285394,-1.2938126
11.719617,1.3599066,4.5082817,0.2003638,0.015882496,1.1557571
3.8714242,4.39336,1.4772224,0.26145032,0.09896017,-0.13439035
12.452243,-0.076614454,6.7205243,0.14782938,-0.05497787,-0.36163223
6.3542113,0.8379706,4.2999864,-0.22968534,0.25900686,0.657291
6.3685765,1.2282255,1.9991584,0.42394048,-0.33353242,-0.9615019
14.425065,-3.3877954,6.9647326,-0.4569272,-0.14172074,0.28099802
6.4380083,-0.90021986,3.1603463,-0.6230826,0.2406809,0.112399206
9.548077,0.22266077,4.024653,-0.46792278,-0.23579398,-0.16249016
9.890448,0.5363012,3.289633,-0.6658431,-0.31642818,-0.22113322
8.0445175,-0.6967127,3.2609026,-0.3371976,0.035430185,0.44104472
9.129091,1.5634137,3.6248214,-0.05375614,0.06352998,-0.47647488
13.309367,-2.420538,4.5561657,0.002443461,-0.037873644,0.7648033
6.6846113,-0.11492168,2.5330653,-0.5180137,0.31764993,0.25289822
11.209652,0.29927522,4.084508,0.6927212,-0.052534413,-0.3005457
7.4148426,1.8028339,3.70383,0.34208453,0.44226643,0.7281514
6.5984197,4.5274353,3.2369606,0.4251622,-0.13439035,-0.7110472
12.492945,-5.5737014,6.0716953,-0.030543262,0.3848451,1.2400564
6.5385647,-1.6208745,3.7181952,-0.4813618,0.07941248,0.5571091
9.40203,-2.0949266,5.6000376,-0.09285152,0.007330383,-0.2565634
9.0716305,2.0254946,4.292804,-0.26389378,0.22602014,0.9492846
5.0134583,3.5817258,1.9057846,0.38240165,0.012217305,-0.38973203
11.633426,-3.9336734,4.8578353,0.4813618,-0.28099802,0.119729586
7.809886,-1.6639702,4.560954,0.22968534,-0.09285152,0.10262536
9.890448,-2.0494366,6.5625067,0.66706485,-0.2932153,-0.4642576
12.706028,-9.785102,8.37013,-0.4569272,0.5510005,1.3817772
4.187459,4.9943047,1.3215994,0.22968534,0.18570304,-0.35063666
11.820174,1.5682021,5.1906295,0.35918877,-0.19303341,-0.41416663
6.9599442,0.8738836,3.6487634,-0.37384954,0.32620203,0.5216789
7.505822,0.1412579,4.5178585,0.1282817,-0.43371433,-0.72692966
12.157756,-2.1787236,6.184223,0.89919364,-0.014660766,0.88453287
3.9193082,3.3423057,2.2505496,-0.43493605,0.17592919,-0.47036624
10.955867,1.2976574,5.7484784,0.44715336,-0.073303826,-0.26389378
6.6774287,1.5682021,3.8714242,-0.18325958,0.36163223,0.5644395
7.338228,0.40701428,3.6535518,-0.17959438,-0.28710666,-0.91629785
11.293449,-4.2281604,7.216124,-0.32620203,0.25045475,0.9016371
7.7332716,-1.1779473,4.8243165,1.1533136,0.2565634,-0.089186326
9.078813,1.5921441,6.505046,2.6645942,0.41538838,-0.75625116
4.486734,9.28232,1.2761095,1.9144517,0.3213151,-1.6884315
6.0621185,4.936844,2.4827871,-0.50946164,0.31398472,-0.28344148
5.118803,8.1642275,4.357447,0.68661255,0.61453044,0.54000485
4.5322237,6.14831,1.9991584,-0.48380527,0.0036651916,-0.7684685
7.8027034,5.556942,4.027047,-0.047647487,0.07819075,0.34697145
1.6663644,9.435549,4.3718123,-0.4813618,-0.06352998,-0.059864793
7.371747,10.532093,3.2968156,-0.30543262,0.065973446,-0.22235495
3.1675289,8.9758625,3.3997664,0.52656585,0.25411993,0.4373795
5.719748,5.875371,4.285621,-0.36285394,-0.2125811,-0.72204274
5.6646814,4.4125137,7.237672,0.4373795,0.267559,0.7672467
3.6774938,7.21373,4.0797195,-0.52290064,-0.4373795,-0.63407815
9.983821,4.1299977,3.4380736,-0.12950343,-0.080634214,0.0842994
4.1036615,5.935226,4.189853,0.07086037,0.043982297,-0.03176499
6.131551,7.091625,3.4500446,0.27000242,0.018325957,0.19425514
5.5880666,6.033388,3.5242648,-0.23457226,-0.057421334,-0.08307768
4.283227,7.3909006,4.7500963,-1.8985692,-0.3042109,-0.16371189
7.5920134,2.219425,4.477157,2.1600194,-0.111177474,0.43004912
3.3279405,6.2464724,4.8267107,-0.11728613,-0.080634214,-0.16982053
7.065289,9.13388,3.3782187,0.7134906,0.08674286,-0.16371189
4.3358994,5.583278,4.5633483,-0.25778514,0.08552113,0.4361578
7.405266,5.614403,4.280833,-0.6401868,-0.2565634,-0.17104226
6.4763155,5.815516,5.777209,0.75502944,0.12217305,0.21746802
4.096479,6.5840545,4.280833,0.14538592,-0.02443461,-0.0720821
8.109161,7.524976,2.6743233,-0.002443461,-0.002443461,0.008552114
4.0916905,7.0102224,4.0821137,0.32375857,0.05497787,0.21868975
6.8545995,5.473145,2.873042,0.11484267,-0.25411993,-0.49357912
6.7324953,5.197812,5.4420204,-0.06841691,0.41050145,0.8026769
3.289633,6.2464724,4.745308,-0.4166101,0.07941248,-0.18325958
7.8865004,8.09719,3.4380736,-0.21868975,-0.002443461,-0.08674286
4.24492,6.945579,4.474763,0.25167647,0.17959438,0.25778514
5.93762,6.2728086,3.799598,-0.26633725,-0.06719518,-0.2003638
5.57849,6.1123967,4.745308,-1.1997393,-0.013439035,0.25900686
7.314286,3.9121256,5.9998693,-2.7085764,-0.3042109,-0.41050145
5.353435,1.7812861,5.6335564,2.3738225,-0.5705481,0.5021312
7.5441294,4.606444,4.6255975,-0.5656612,-0.19792034,-0.11728613
7.1083846,4.0557775,6.3206925,0.25778514,0.80878556,0.9407325
3.550601,5.2241483,2.9041667,-0.548557,0.040317107,-0.344528
9.212888,5.614403,5.1642933,-0.1441642,0.14538592,-0.3115413
4.829105,5.6790466,5.571307,-0.2761111,0.23090707,0.17470746
7.467515,4.1515455,5.3701944,-0.021991149,-0.1441642,-0.57787853
4.865018,6.6846113,4.24492,0.453262,0.39095375,1.1032226
3.9432502,4.9464207,4.0342298,0.44837508,-0.32253686,-0.23701571
11.331757,2.0733786,6.9623384,0.09162979,-0.22357668,0.21991149
4.5753193,4.1012673,6.0980315,-0.26633725,0.25778514,0.20158553
8.049306,2.8395233,5.7365074,0.19425514,-0.376293,-0.60231316
8.015787,3.181894,6.0262055,0.31642818,0.2932153,0.84299403
3.7493198,5.5282116,4.247314,-0.54000485,-0.10140363,-0.4202753
10.036493,0.9528923,7.144298,-0.04153884,-0.19181168,0.13805555
5.9304376,3.1387985,5.8322754,-0.21380283,0.02076942,-0.25289822
7.1490865,4.1611223,6.457162,-0.02687807,-0.034208454,-0.5522222
5.389348,3.7948096,6.921637,0.44715336,0.28344148,0.7012733
4.2161894,4.5992613,3.7253778,-0.25900686,-0.267559,-0.5815437
6.775591,2.0590134,7.9367785,0.7415904,0.2919936,1.2046263
1.6376339,6.5984197,5.5138464,-0.5876524,0.37995818,-0.37873647
8.049306,7.062895,5.813122,0.6609562,0.27488935,-0.27122417
4.7165775,5.544971,6.315904,0.45448375,0.1160644,0.5412266
6.1219735,3.169923,6.6510925,-0.53878313,-0.118507855,-0.6731735
6.1219735,4.6255975,7.4004774,0.6084218,0.38362336,0.95417154
1.6831238,7.252037,5.118803,-0.48258355,-0.059864793,-0.5522222
9.095572,4.608838,5.9064956,0.03176499,0.05497787,-0.14049901
4.309563,3.2489316,6.2943563,0.25167647,-0.18570304,0.3213151
7.285556,4.489128,6.2967505,-0.40439278,-0.2406809,-0.6230826
5.0876784,5.1666875,6.129156,0.26511553,0.28710666,0.86620694
5.068525,2.980781,6.4140663,0.0012217305,-0.089186326,-0.09896017
6.1890116,4.144363,6.0477533,-0.15882497,-0.0842994,0.21746802
7.675811,4.8243165,4.6160207,1.1753048,-0.21624629,0.6230826
3.8307228,6.703765,3.0142999,-1.0067059,-0.042760566,-0.46914452
9.43076,2.5905263,7.4962454,-0.5216789,0.0012217305,-0.43127087
3.2585084,4.5034933,7.8386164,-0.48380527,0.50701815,0.2003638
7.750031,3.952827,7.551312,0.19425514,-0.23823744,-0.5815437
4.146757,4.498705,6.3470287,-0.43493605,0.06841691,0.53023106
6.706159,4.0677485,7.587225,0.9932669,-0.6927212,-0.6462954
6.6510925,4.0438066,5.767632,-0.2284636,0.49235737,0.6035349
2.1332338,5.2528787,3.952827,-0.63407815,-0.24923302,-0.4654793
10.596737,2.9233203,8.595184,-0.080634214,0.22479841,0.5681047
2.60968,2.9376855,5.0062757,0.2003638,0.06352998,0.007330383
8.456321,5.3965306,7.2544312,-0.17470746,-0.23090707,-0.29932398
3.6224272,4.7524905,6.4164605,-0.56199604,0.22968534,0.31031954
6.5720835,2.6312277,6.4404025,0.61208695,-0.7489208,-0.6059783
5.5282116,4.5394063,5.109226,0.49235737,0.4129449,1.1447614
3.4237084,2.822764,3.6152446,0.6169739,-0.41172317,-0.50579643
10.876859,1.4867992,7.3525934,-0.22235495,-0.096516706,0.4166101
3.7588966,3.2872388,5.580884,-0.4166101,0.22724187,0.07696902
5.781997,4.050989,5.801151,0.25411993,-0.16249016,-0.2968805
8.422802,3.0573955,5.6335564,-1.0238101,-0.089186326,0.008552114
3.9121256,3.775656,5.0158525,0.015882496,-0.12705997,-0.25289822
9.701305,3.7373488,6.9240313,-0.28344148,-0.02076942,-0.31520647
4.43885,3.7349546,6.6510925,-0.44593164,0.07819075,0.0842994
7.2233067,4.414908,6.4643445,-0.23945917,-0.05497787,-0.43982297
4.3119574,3.7205894,5.434838,0.16126843,0.059864793,0.91751957
6.445191,1.376666,6.801927,0.119729586,-0.8038987,-0.453262
8.762778,1.340753,6.4068837,0.84788096,0.49235737,0.9236283
3.5769374,4.879383,4.8099513,-0.5143485,-0.089186326,-0.32620203
8.626308,5.461174,6.50744,0.039095376,0.24190263,-0.3848451
5.9519854,2.4875755,5.7867856,-0.59986967,0.021991149,0.119729586
7.489063,3.7612908,5.837064,-0.23090707,-0.3286455,-0.7098254
6.05733,4.1802764,6.6175733,0.44226643,0.40683624,1.1533136
3.1004913,3.8953662,3.8762126,-0.38606682,-0.35185838,-0.8026769
13.148955,-3.1531637,9.313444,-0.43371433,0.2932153,0.2602286
2.1739352,3.9432502,6.495469,-0.2125811,0.21746802,0.09285152
6.6367273,6.6606693,6.157887,-0.26633725,0.19792034,-0.3481932
6.2752028,3.4883518,7.1466923,-0.20647246,-0.004886922,-0.02687807
5.9448028,2.7700913,8.597578,-2.2296581,-0.064751714,-0.3481932
7.7428484,-4.7740383,7.2304893,-0.2284636,-0.07452556,-0.07574729
8.346188,0.44771573,5.509058,0.5290093,0.4007276,-0.29443705
4.2161894,-3.5218706,8.291121,0.20647246,-0.60231316,0.88697636
4.3023806,-2.0446482,8.099585,-0.9016371,0.21868975,-0.9944886
8.063671,-5.719748,8.259995,-0.47891834,-0.27977628,0.643852
2.1092918,-1.1994951,8.403648,-1.677436,0.16249016,-0.65240407
10.771513,-1.6496049,6.303933,1.0726794,-0.111177474,-0.02687807
3.643975,-3.0023289,7.45315,1.0983357,-0.3555236,0.17104226
8.552089,-2.5450363,6.351817,0.14294247,0.17104226,-0.46792278
3.277662,-2.4708161,7.3310456,0.5448918,-0.12461651,0.58276546
5.3965306,-4.223372,8.209718,-0.48380527,0.47403142,-0.75625116
8.939949,-6.1938,8.121132,-0.6243043,-0.41172317,0.6035349
1.7836803,-1.6400281,7.4842744,-0.12461651,0.21380283,-0.2919936
7.965509,0.4189853,7.1634517,0.49602258,0.03176499,-0.3323107
4.987122,-2.3870192,7.1107793,0.035430185,0.02076942,0.31642818
6.55293,-2.4875755,7.153875,-0.41172317,0.2443461,-0.043982297
6.6965823,-3.5410242,6.4380083,-2.3408356,0.059864793,0.1441642
3.3614593,-6.409278,5.57849,-0.36651915,0.02076942,0.27488935
6.7372837,-4.699818,5.0302176,-0.53878313,0.27000242,-0.5155703
4.4843397,-7.261614,5.9064956,-0.09773844,-0.69027776,0.6927212
2.8083985,-6.0740895,6.054936,-0.42271876,0.5510005,-0.56688297
9.7563715,-7.026982,6.2728086,0.30176744,-0.32498032,0.29443705
1.4221559,-6.045359,5.849035,-0.26267207,0.16371189,-0.07452556
7.740454,-5.3941364,5.616797,-0.017104227,0.096516706,-0.23335053
3.5362358,-4.924873,5.7365074,0.22357668,-0.4129449,0.41783184
3.8905778,-7.2927384,4.7548847,-0.42760566,0.5705481,-0.43127087
9.478644,-9.445126,5.509058,-0.18081611,-0.61208695,0.5656612
1.5251064,-5.7724204,4.7141833,-0.058643065,0.13805555,-0.172264
7.836222,-4.4220905,5.2624555,0.7098254,0.12461651,-0.10995574
2.9735985,-4.285621,5.0302176,0.007330383,-0.37751472,0.39828414
3.881001,-5.6551046,4.9583917,-0.039095376,0.50823987,-0.5045747
11.492168,-8.683769,5.3606176,0.625526,-0.6010914,0.05131268
5.020641,-6.2368956,4.24492,0.22357668,0.0,-0.036651913
6.2967505,-4.331111,7.5920134,1.8887954,0.12950343,-0.07086037
5.767632,-6.26802,6.3302693,-1.3390167,-0.1282817,0.05131268
5.734113,-1.6591818,8.51857,2.1783454,0.4972443,0.24801129
2.6479871,-3.016694,7.2831616,-0.86620694,0.02321288,-0.28221974
9.291897,-2.2337902,7.1395097,0.4373795,-0.28710666,0.21013765
2.0470424,-2.0685902,7.503428,0.4007276,-0.13439035,0.08552113
7.0365586,-0.34476504,7.1945763,0.66706485,0.0842994,-0.028099801
3.3925838,-2.3199813,7.771579,0.2687807,-0.08674286,0.3213151
6.691794,-2.1739352,6.021417,-0.17348573,0.24312437,-0.061086524
6.555324,-4.292804,8.207323,-1.2168436,-0.4361578,0.67073005
1.5011644,-2.815581,7.848193,-0.058643065,0.09040806,-0.32742378
9.035717,-1.5801731,6.9862804,0.40194935,-0.13561209,-0.065973446
3.502717,-2.303222,6.2512608,0.70616025,-0.021991149,0.24556783
6.3949127,-3.5362358,6.469133,-0.32498032,0.31642818,-0.41538838
6.229713,-5.3821654,8.030152,-0.5742133,-0.27366763,0.5900958
2.9616275,-3.9719806,7.52737,-0.548557,0.30909783,-0.52290064
9.562442,-3.5553896,7.6590514,0.41416663,-0.1441642,0.0842994
3.5242648,-3.7660792,6.397307,0.52656585,-0.111177474,0.087964594
5.657499,-3.6008794,6.667852,-0.16737708,0.10995574,-0.118507855
5.767632,-3.0550013,7.441179,-1.6187929,0.081855945,0.056199603
4.0078936,-6.9886746,6.045359,-0.548557,0.03176499,0.3640757
6.8402343,-5.767632,5.17387,-0.5314528,0.32620203,-0.27977628
8.003817,-9.533711,4.8817773,-0.9224065,-0.61453044,0.44104472
2.2960393,-6.825869,5.4085016,-0.5729916,0.4447099,-0.17837265
6.945579,-5.0661306,6.1866174,0.36896262,0.13561209,-0.1160644
3.7086184,-6.0621185,4.644751,0.28099802,-0.21013765,0.061086524
5.044583,-6.129156,4.939238,-0.1160644,0.48502702,-0.2968805
7.043741,-6.979098,6.5241995,0.80878556,-0.25900686,0.17470746
2.552219,-6.4140663,5.451597,-0.35063666,0.018325957,-0.010995574
6.5146227,-5.1690817,6.1243677,1.3610078,0.02076942,-0.13805555
5.7843914,-4.759673,7.0581064,-0.013439035,-0.02687807,0.15393804
3.311181,-6.7564373,7.433996,0.03176499,0.18325958,-0.08552113
7.297527,-4.6399627,5.985504,0.43371433,-0.09407325,0.002443461
5.3725886,-5.8634,6.0046577,0.04153884,-0.24678956,0.05009095
4.8338933,-4.390966,6.411672,0.5155703,0.34208453,-0.042760566
4.879383,-4.1946416,7.132327,-0.30909783,0.07452556,0.030543262
6.5385647,-3.2106245,7.7787614,1.1410962,0.1600467,0.21868975
2.0159178,-2.6240451,8.932767,-0.5729916,0.21868975,-0.51923543
7.85777,-0.8331822,8.540117,1.1911873,0.008552114,-0.23335053
2.9496565,-2.7509377,8.075643,-0.30298916,-0.018325957,0.05497787
5.683835,-2.3463178,7.0485296,-0.5705481,0.33841935,-0.32742378
6.603208,-3.7948096,7.9702973,-0.3567453,-0.27488935,0.5155703
2.2098482,-2.9855695,8.317456,0.2321288,0.10262536,-0.2687807
6.9383965,-0.78290397,7.1490865,0.28221974,-0.032986723,-0.14172074
3.4476504,-3.074155,8.037335,-0.25900686,-0.04153884,0.087964594
5.923255,-2.7940333,8.202535,-0.47769663,0.2724459,-0.27122417
6.363788,-3.8642416,7.6015906,-0.013439035,-0.4129449,0.36774087
2.7269957,-2.896984,7.819463,0.02443461,0.009773844,-0.02687807
7.5848308,-2.4732103,7.0365586,0.7098254,-0.38362336,0.45570546
2.9640217,-4.5753193,7.141904,0.408058,-0.49113566,0.032986723
7.8625584,-2.4468741,6.0884547,-0.5900958,0.1685988,-0.17348573
8.078036,-5.779603,6.069301,-1.3316863,-0.08674286,0.39095375
5.094861,-4.876989,6.6750345,-0.04886922,0.312763,-0.057421334
6.483498,-6.2871737,6.6750345,-1.7018706,0.3567453,0.06841691
5.29358,-7.654263,5.159505,0.1966986,-0.18692477,0.46792278
2.6671407,-6.8929067,6.3949127,0.18325958,0.16615535,-0.15882497
8.858546,-6.919243,5.29358,0.5045747,-0.2761111,0.3200934
3.5913026,-6.6846113,5.2744265,-0.015882496,-0.119729586,0.0012217305
6.9719152,-5.674258,5.4061074,-0.58032197,0.32498032,0.062308256
5.535394,-7.6470804,6.0477533,0.042760566,-0.33841935,0.30909783
3.7349546,-7.2544312,5.6766524,-0.5155703,0.4361578,-0.26267207
9.030929,-7.491457,4.7500963,0.54733527,-0.24801129,0.103847094
3.359065,-7.6734166,4.9200845,0.21624629,-0.059864793,-0.014660766
4.8243165,-5.0637364,5.0374002,-0.02076942,0.3652974,-0.15515977
5.0517654,-7.2711906,5.2241483,-0.0012217305,-0.33841935,0.29443705
2.5258827,-7.920019,5.717354,-0.06352998,0.4288274,-0.16371189
6.7109475,-6.090849,6.2105594,0.18692477,0.021991149,-0.02565634
3.6846764,-6.7372837,5.556942,0.018325957,-0.064751714,0.0061086523
5.386954,-6.033388,6.0381765,-0.021991149,0.1685988,-0.02321288
5.2145715,-6.567295,6.021417,-0.09040806,-0.0720821,0.06719518
4.232949,-6.009446,5.2480903,-1.3353515,0.7330383,0.22479841
4.096479,-8.418014,4.465186,-0.007330383,0.09896017,0.31764993
2.2936451,-9.32781,3.8738184,0.6976081,-0.17715092,-0.267559
6.3709707,-5.2169657,6.021417,0.47891834,-0.10995574,-0.0720821
3.8833952,-7.275979,5.9639564,0.36041048,0.14294247,-0.037873644
4.259285,-4.951209,8.236053,-0.7110472,0.39706242,-0.2443461
3.0071173,-6.5337763,7.177817,0.09040806,-0.2883284,0.17837265
3.5745432,-6.528988,6.9743094,-1.2095132,0.4288274,-0.22479841
3.1914709,-5.695806,7.513005,0.39706242,-0.3005457,0.1441642
2.4181437,-6.7324953,6.066907,0.02687807,0.2443461,-0.312763
5.1642933,-4.915296,6.8067155,0.5888741,-0.33108896,0.118507855
1.6759412,-6.105214,6.8067155,0.065973446,0.19181168,-0.23945917
7.441179,-5.1475334,7.529764,0.30909783,-0.15515977,0.21991149
3.2824504,-6.184223,6.991069,0.02321288,-0.06963864,-0.07452556
5.9424086,-3.9001546,6.979098,0.004886922,0.12583824,-0.04642576
4.2640734,-5.9400144,7.9846625,0.36774087,-0.38240165,0.17959438
3.4739866,-5.0781016,7.043741,0.20280726,0.1563815,-0.172264
6.3087215,-3.727772,7.321469,0.25778514,-0.16982053,0.25900686
3.466804,-5.4300494,7.3406224,-0.23701571,-0.10629055,-0.02321288
6.315904,-3.502717,7.6734166,-0.36651915,0.15027285,0.0036651916
2.870648,-5.427655,8.678981,-0.17104226,-0.17470746,0.11728613
3.9456444,-3.845088,7.967903,-0.105068825,0.27122417,-0.24190263
5.171476,-4.5154643,6.801927,-1.1960741,0.02443461,0.26511553
5.1762643,-6.2392898,6.081272,-1.0152581,0.16493362,0.052534413
4.6279917,-9.411607,4.6902413,-0.47403142,-0.1563815,0.31398472
2.6886885,-4.7620673,6.933608,0.08307768,0.48258355,-0.09407325
6.2967505,-6.0022635,6.078878,1.3573426,-0.2321288,0.07696902
2.5953147,-6.0836663,6.619968,-0.13561209,-0.05009095,-0.14294247
4.4915223,-3.9576154,8.422802,1.0836749,0.36285394,-0.036651913
3.3662477,-5.568913,8.23366,-0.49846604,-0.35308012,0.21746802
2.0446482,-5.106832,7.505822,-0.07941248,0.204029,-0.24923302
7.3765354,-3.53863,7.773973,0.27855456,-0.056199603,0.13439035
2.0518308,-4.960786,7.309498,-0.25045475,-0.05009095,-0.095294975
4.1419687,-5.161899,8.449138,-0.23457226,0.45204028,-0.23701571
5.686229,-3.9312792,7.5704656,0.3494149,-0.3640757,0.12339478
2.8275523,-4.3239284,7.5201874,-0.13683382,0.04153884,-0.062308256
6.4906807,-3.1196449,8.106767,-0.24190263,0.04520403,0.10751228
3.1004913,-4.7381253,8.09719,0.10751228,-0.1441642,0.06719518
4.3957543,-2.348712,5.710171,-0.26267207,-0.07086037,-0.6768387
6.325481,-4.0797195,3.6870706,0.6536258,-0.54733527,-0.21380283
7.2783732,-4.996699,7.4004774,-1.1924089,-0.81122905,-0.4813618
5.8921304,-3.8546648,6.244078,-0.1685988,-0.344528,-0.72204274
7.041347,1.0366893,5.255273,3.040887,-0.30298916,-0.17104226
7.5345526,-3.25372,5.6096144,-0.037873644,-0.02076942,-0.30665436
6.5577183,-2.6599581,5.8586116,0.88331115,0.030543262,1.0225884
5.9687448,-1.1875241,4.5322237,0.021991149,-0.1441642,-0.47525316
11.283873,-5.767632,8.784326,-0.81122905,0.07086037,1.0225884
3.1675289,0.40701428,4.19943,-1.2351695,0.48502702,-0.17104226
10.82658,-7.7189064,8.892065,0.28710666,0.07574729,0.24556783
4.2042184,-3.478775,6.7731967,-1.097114,0.4288274,0.4972443
8.374918,-6.981492,8.918402,-0.04886922,-0.22602014,-0.83077675
5.604826,-1.1133038,6.789956,-0.29443705,0.28344148,0.9272934
6.1530986,1.9895816,4.9176903,0.8698721,-0.18203785,-1.3451253
9.773131,-4.8602295,8.101978,-0.002443461,0.080634214,1.1606439
3.2800562,0.7685388,4.675876,-0.05497787,0.13683382,-0.39828414
8.578424,-3.9576154,8.755595,0.96761054,-0.065973446,-0.267559
3.8019924,-3.157952,6.6654577,-0.6646214,0.27366763,0.3652974
7.03177,-3.6583402,8.432379,0.9651671,-0.13805555,-0.87964594
5.0613422,-1.5059528,7.6470804,-0.3042109,0.22479841,0.81000733
4.996699,-1.5466543,6.253655,0.12095132,0.028099801,-0.08552113
7.0126166,-2.4277205,7.2711906,-0.17592919,-0.064751714,-0.013439035
5.130774,-1.0151415,6.143522,-0.27488935,-0.17592919,-0.34574974
6.9503675,0.51475334,6.8881183,0.15393804,-0.08674286,0.21135938
8.221688,-1.8650831,7.8266454,-0.44715336,0.04886922,-0.10751228
4.687847,1.5897499,4.570531,-0.17959438,0.33353242,0.41416663
6.241684,-0.06464344,5.559336,0.057421334,-0.41905355,-0.6585127
10.041282,-4.5394063,10.266336,0.0842994,0.09773844,0.6805039
3.5482068,0.16759412,6.5601125,-0.8539896,0.39461896,-0.26633725
7.264008,-2.8802247,7.8769236,1.3475688,-0.09285152,-0.48747048
6.5361705,-1.8004397,8.286332,-0.12217305,0.062308256,0.70249504
3.4524388,1.3575124,5.463568,-0.0036651916,0.2687807,-0.28099802
7.795521,-2.2936451,7.536947,0.6597345,-0.15271631,-0.4605924
4.7644615,-1.0127473,8.331821,0.034208454,0.07941248,0.77213365
3.7708676,1.2761095,4.8147397,0.080634214,0.02321288,-0.6035349
8.178593,-2.4779987,8.552089,0.37995818,-0.13194689,-0.19792034
3.7972038,-1.0223241,7.836222,-0.34330627,0.29565877,0.6010914
5.6766524,-0.7015011,5.671864,-0.44715336,-0.119729586,-0.8173377
9.916783,-5.973533,10.070012,-0.13194689,-0.11362094,0.8552113
3.2585084,-1.1611878,5.9902925,-0.5558874,0.23945917,0.039095376
7.311892,-2.1212628,7.445967,1.0812315,-0.17959438,-0.105068825
5.693412,0.16998832,7.8912888,0.19792034,-0.06963864,0.081855945
6.279991,-0.60812724,7.711724,-0.16737708,0.1160644,0.11484267
5.884948,0.34476504,6.0836663,0.37873647,-0.43127087,-0.82833326
10.7116585,-6.136339,11.724405,-0.14782938,-0.13927728,0.22602014
3.8905778,0.1340753,6.579266,-0.22724187,0.37140608,0.3213151
5.93762,0.79487497,6.244078,-0.062308256,-0.267559,-0.9370673
10.3214035,-9.636662,10.6877165,-0.49480084,0.065973446,1.0054842
3.7421372,-0.4165911,6.220136,-0.111177474,0.14538592,0.25289822
7.48188,-1.3838485,6.895301,-0.13072516,-0.2565634,-0.77091193
10.204087,-5.8562174,10.400413,-0.2125811,-0.032986723,0.5546656
3.6942532,1.5897499,5.425261,0.009773844,0.035430185,0.2321288
6.907272,-0.36152446,6.9168487,0.17837265,-0.25778514,-0.6059783
9.275137,-3.098097,9.083601,-0.27488935,-0.05131268,0.48380527
4.414908,0.93852705,6.5720835,0.061086524,0.06841691,0.112399206
8.070854,0.9864111,6.6989765,0.02321288,-0.28710666,-0.59864795
7.429208,-1.271321,7.941567,-0.54000485,0.11728613,0.35308012
6.457162,-1.0055647,6.9527617,-0.2968805,0.040317107,-0.073303826
6.8522053,-0.7589619,7.5201874,0.61941737,-0.20280726,-0.52290064
7.4746976,-1.5251064,8.554482,0.27000242,0.31764993,0.87109387
4.0581717,0.055066638,6.885724,-0.55955255,0.24923302,0.13072516
8.329428,-0.6919243,6.967127,0.6218608,-0.08674286,-0.4886922
7.065289,-0.1604115,7.177817,0.16615535,0.21502456,0.7098254
5.08289,3.5482068,4.039018,0.22113322,0.09773844,-0.48747048
9.150639,2.1260512,7.4627266,0.38240165,-0.3848451,-0.3481932
6.457162,1.6543933,6.6965823,0.44837508,0.38240165,0.5925393
4.3861775,3.809175,3.7110126,-0.86376345,-0.018325957,-0.28588495
7.66384,1.9560628,7.101202,0.9089675,-0.010995574,-0.22357668
5.449203,1.484405,7.129933,0.080634214,0.36774087,0.7257079
5.33907,4.405331,4.1036615,0.33964106,-0.11484267,-0.6817256
8.099585,1.1803415,7.2711906,0.4129449,0.09896017,0.089186326
7.132327,0.25378537,5.5880666,0.017104227,0.112399206,-0.10629055
6.706159,1.8890251,8.736442,0.71959925,-0.2406809,0.19792034
7.1107793,0.48362875,5.080496,-0.9126327,0.6133087,-0.31764993
7.1826053,1.412579,6.9407907,-0.9932669,-0.27122417,-0.2968805
6.4068837,0.5363012,5.461174,-0.75136423,-0.19914207,0.009773844
8.599973,-0.7206547,7.4387846,0.019547688,-0.4801401,-0.6206391
6.6750345,-0.12689269,7.204153,0.0720821,0.3115413,0.81489426
5.9400144,1.4652514,4.620809,-0.28221974,-0.15393804,-0.70005155
11.051635,-5.207389,7.836222,0.2687807,-0.14294247,0.26511553
5.243302,-0.90500826,5.533,-0.59864795,0.05497787,0.065973446
8.7125,-2.0326772,7.764396,-0.29443705,-0.41905355,-0.7367035
6.1411276,0.49320555,6.5457473,-0.3213151,0.4373795,0.77091193
5.7029886,3.5194764,3.7445314,0.79412484,0.009773844,-0.5216789
9.864111,-7.0724716,10.117896,-0.32253686,0.22968534,0.7611381
4.9224787,-3.1962593,6.2704144,-0.3921755,0.039095376,0.065973446
9.425972,0.8355764,6.7205243,-0.013439035,-0.25289822,-0.63163465
5.4779334,0.9624691,5.437232,-0.25411993,0.36285394,0.39461896
6.045359,2.1523874,4.271256,0.5876524,-0.1001819,-0.6133087
10.606314,-9.543288,9.382876,-0.2687807,-0.028099801,0.7489208
5.899313,-4.498705,6.7827735,-0.47403142,-0.09040806,0.009773844
7.489063,-1.9177556,6.5265937,-0.02565634,-0.009773844,0.13072516
6.7444663,0.076614454,6.181829,0.9211848,-0.1563815,-0.38362336
8.676587,-3.3375173,8.779537,0.3042109,0.38362336,0.9431759
4.915296,2.992752,4.4101195,-0.31520647,0.14172074,-0.21380283
9.31105,-0.19393034,6.519411,0.9639453,-0.14660765,-0.5314528
6.3302693,2.5378537,5.401319,0.35185838,0.21991149,0.30909783
5.0541596,2.9472623,3.1268275,0.37751472,-0.10751228,-0.7501425
10.386047,-5.935226,10.412383,0.26633725,0.14172074,0.8772025
4.6375685,-0.24420857,6.6774287,-0.4605924,0.21013765,0.009773844
8.568848,-1.0821792,6.909666,-0.27488935,-0.40317106,-0.7855727
7.9272017,-0.81163436,7.3166804,0.21502456,0.2846632,0.94806284
4.829105,2.9472623,5.391742,-0.002443461,0.14049901,-0.19425514
9.215282,-5.4779334,8.437167,-0.18692477,-0.2284636,-0.087964594
5.2361193,0.24181437,7.0844426,0.27977628,0.24923302,0.98471475
7.1730285,-3.2680852,8.664616,1.8350391,-0.2883284,0.6768387
7.884106,1.0582372,6.5146227,-0.039095376,-0.017104227,-1.4147639
7.1275387,3.4284968,5.305551,-0.20525073,-0.04520403,-0.63529986
6.2249246,3.6870706,7.1514807,1.3671165,0.24556783,0.5742133
4.8817773,5.7484784,6.6103907,-0.24678956,-0.10751228,-0.48380527
10.967838,0.31364042,3.169923,-0.59498274,-0.02443461,0.3115413
6.0860605,1.8124107,5.889736,0.6072,-0.004886922,0.02687807
9.102755,4.0892963,4.331111,0.029321533,0.36651915,-0.25900686
5.097255,5.5760956,6.9024835,0.010995574,-0.030543262,0.36896262
5.7029886,4.3622355,5.7963624,-0.8772025,-0.3200934,-0.8258898
11.992557,-1.067814,2.7988217,-0.7965683,-0.43860126,0.44715336
5.695806,-0.079008654,6.117185,0.6817256,-0.030543262,0.061086524
10.304645,4.1156325,2.7509377,0.43493605,0.3200934,-0.2284636
5.9567738,3.8426938,6.5960255,0.70616025,0.10629055,0.41050145
6.081272,1.7860745,5.4899044,-0.51923543,-0.14538592,-0.34697145
12.914324,-0.49320555,3.2680852,-0.37384954,-0.16371189,0.6010914
6.8545995,-1.328782,5.2145715,-0.02321288,-0.013439035,-0.20158553
10.110714,2.528277,3.5529952,0.54000485,0.10995574,-0.43860126
7.7667904,3.5649664,5.995081,-0.21991149,0.112399206,0.23335053
6.9240313,2.3008277,4.8362875,0.19792034,-0.040317107,-0.23090707
9.018958,2.4396915,4.8961425,0.4728097,-0.16737708,-0.14049901
7.7787614,2.7246015,5.5497594,0.6230826,0.14905111,0.535118
4.3406878,2.9161377,4.237737,-0.6243043,-0.22357668,-0.013439035
10.477027,4.0557775,3.5362358,-0.31764993,0.08307768,-0.31642818
6.009446,3.9983168,5.3582234,0.5497787,0.26145032,0.12705997
5.5737014,4.5872903,5.5617304,-0.41416663,-0.16615535,-0.344528
10.9822035,2.9281087,4.343082,-0.32253686,-0.042760566,-0.07941248
5.78918,4.259285,5.8466406,0.02443461,0.1441642,0.089186326
5.3079453,2.2122424,6.789956,-0.081855945,0.030543262,-0.44715336
10.66138,3.608062,4.7788267,-0.1563815,0.07086037,0.034208454
5.4061074,3.442862,5.7508726,0.40194935,0.09040806,0.13194689
6.9383965,3.0190883,5.9639564,-0.2761111,0.21624629,0.037873644
8.576031,-0.06703765,6.691794,-1.033584,0.35063666,0.48380527
7.345411,0.8331822,5.4300494,-1.4648548,-0.17715092,-0.376293
13.153744,-5.4061074,4.2904096,-0.71959925,-0.047647487,0.61208695
6.0501475,0.05746084,4.6136265,0.17959438,-0.16249016,0.32253686
9.212888,0.25617957,4.606444,-0.14660765,0.1282817,-1.1081096
9.909601,-2.8275523,7.489063,-0.5534439,-0.007330383,0.9285152
4.4101195,-1.1851299,5.6766524,0.3885103,-0.019547688,0.06352998
10.053253,-2.1643584,5.109226,0.15271631,-0.057421334,-0.5448918
5.2145715,0.045489833,6.6750345,0.408058,0.17715092,0.26511553
5.21936,-1.5179238,6.1076083,-0.34330627,0.1600467,-0.7440339
12.10269,-5.604826,6.555324,-0.007330383,-0.16249016,0.63041294
4.223372,-0.5626374,6.2345014,0.3494149,0.119729586,0.04886922
8.9758625,-3.5218706,4.8722005,0.61575216,-0.10629055,-0.39095375
6.14831,-0.46926352,6.4380083,0.27855456,0.095294975,0.6585127
5.1355624,-0.49081135,5.398925,-0.56688297,0.118507855,-0.7171558
12.409147,-6.8881183,6.0238113,-0.7171558,-0.31031954,0.7696902
5.2648497,-2.9783869,5.74369,0.1282817,0.061086524,0.20647246
8.403648,-1.2976574,4.9703627,0.8210029,-0.11484267,-0.39950588
9.016563,-3.7181952,5.741296,-0.21991149,-0.10262536,0.009773844
6.95755,-1.7357962,4.7429137,0.41783184,-0.10140363,-0.12583824
11.99495,-4.9703627,6.7564373,-0.08307768,0.07819075,0.09285152
6.7372837,-0.8403648,5.035006,-1.0995574,0.0842994,0.4202753
8.034941,0.17956513,4.8602295,0.040317107,-0.15515977,-0.7293731
8.106767,-2.9735985,7.541735,0.27488935,0.28344148,0.7244862
5.0278234,-0.21068975,5.5976434,0.02321288,0.24190263,-0.09040806
8.204929,-2.3918076,5.5018754,0.47403142,-0.1282817,-0.35796702
7.1849995,-0.25378537,6.4858923,-0.039095376,0.13439035,0.9016371
6.143522,1.436521,5.997475,-0.1881465,0.10262536,-0.87109387
12.11466,-4.9057193,6.5481415,-0.095294975,-0.07941248,0.66828656
5.793968,-4.984728,6.43322,-0.19547687,-0.61453044,0.6072
9.227253,-3.1411927,5.506664,0.5705481,0.02687807,-0.5314528
4.7381253,-1.3239936,6.3589997,0.29077184,0.27488935,0.5338962
6.6989765,-1.673547,5.121197,-0.15271631,0.1441642,-0.40439278
11.587936,-5.755661,5.463568,-0.087964594,0.05009095,0.50823987
5.849035,-1.8890251,5.0637364,-0.13805555,0.105068825,0.1441642
8.264784,-1.8914193,6.0142345,0.31031954,0.095294975,-0.33841935
8.425196,-3.0238767,5.9926867,-0.82344633,0.028099801,0.11484267
8.690952,-2.932897,4.8267107,-1.5735888,-0.172264,-0.10140363
5.058948,-4.8003745,4.4220905,-0.16249016,-0.172264,0.8943067
8.746018,-1.448492,4.0078936,0.21624629,0.11728613,-0.93218035
8.734048,-3.0190883,5.542577,0.7611381,-0.24678956,1.0384709
5.363012,-1.1085154,5.434838,-0.5338962,0.29077184,-0.40194935
13.132196,-8.104373,4.8027687,-0.18692477,-0.20158553,0.61208695
3.632004,0.50757074,5.475539,-0.04153884,0.06719518,-0.08307768
9.844957,-2.9975405,4.0342298,0.44226643,0.02076942,-0.2932153
5.4324436,-2.171541,4.9775453,0.25900686,-0.04153884,0.68661255
8.255207,-3.964798,3.229778,0.33964106,0.39706242,-0.97127575
10.383653,-8.4826565,4.5657425,-0.9602802,-0.22235495,0.9957104
3.0262709,2.2457612,5.6431336,-0.86498517,0.3371976,-0.47403142
8.401254,-3.5458126,5.6527104,0.7110472,0.13316862,-0.32498032
5.9041014,-5.118803,6.727707,-0.59620446,-0.23945917,0.9370673
5.377377,0.81402856,4.2066126,-0.12461651,0.23823744,-0.48502702
11.827356,-4.673482,5.245696,0.47403142,-0.19425514,-0.064751714
4.951209,-3.359065,5.6431336,0.07086037,-0.1685988,0.1282817
9.346964,-3.560178,4.2999864,0.28344148,-0.13683382,-0.4288274
6.337452,-2.5498247,4.999093,0.40194935,-0.172264,0.83199847
5.209783,-1.8555063,4.9464207,0.6133087,0.24190263,-0.3371976
7.5680714,-4.237737,4.7668557,0.6805039,-0.02565634,-0.047647487
8.094796,-1.3359646,5.6910176,0.59986967,-0.009773844,-0.3213151
10.512939,-5.2744265,6.244078,-0.38606682,-0.015882496,0.5180137
3.1675289,-1.9560628,4.134786,-0.27488935,0.15760323,0.062308256
9.655815,-2.2361844,4.453215,0.9896017,-0.089186326,-0.2773328
6.2249246,-3.2369606,5.535394,-0.95417154,0.009773844,0.4361578
8.511387,-3.5482068,4.3167458,0.172264,0.16126843,-0.75869465
11.33894,-9.935937,5.1906295,-0.9334021,-0.3555236,1.1239921
3.110068,0.050278235,5.566519,-0.19303341,0.02565634,0.25534168
9.131485,-4.10845,4.1419687,0.95294976,-0.103847094,-0.46181414
5.719748,-1.8698715,5.104438,-0.13439035,-0.047647487,0.47158796
5.020641,-0.088585466,4.1276035,-0.1441642,0.3408628,-0.89675015
13.6254015,-7.7572136,5.7604494,-0.2932153,-0.27366763,-0.13805555
4.4196963,-4.9464207,4.096479,-0.874759,-0.1881465,0.6377433
10.022128,-4.2185836,3.9911342,1.5198327,-0.064751714,-0.50335294
6.8186865,-0.23223756,5.403713,1.1667526,0.10751228,0.893085
4.8147397,-1.103727,4.2281604,-0.66828656,0.32620203,-0.5155703
12.275072,-6.3182983,5.2265425,0.8588765,-0.057421334,-0.38362336
5.1786585,-4.5681367,4.486734,-0.7892379,-0.105068825,0.86742866
7.819463,-1.0127473,4.39336,-0.14905111,0.21868975,-0.97494096
13.318944,-7.4842744,5.9902925,-1.0616838,-0.27977628,0.38606682
3.3159695,1.3359646,3.833117,0.02443461,0.31398472,-0.14172074
10.218452,-3.2034419,5.386954,0.83077675,-0.12339478,-0.41538838
6.3182983,-3.2321723,4.7429137,-0.47525316,-0.014660766,0.4447099
4.9559975,1.6208745,4.0653543,-0.21013765,0.13805555,-0.6365216
12.873623,-9.758766,4.948815,-0.72326446,-0.3726278,0.37507126
5.3845596,-4.2544966,4.525041,-0.63041294,-0.08674286,0.56199604
8.236053,-2.408567,4.177882,0.39461896,0.061086524,-0.12461651
8.121132,-3.4093432,3.9456444,-0.0842994,-0.028099801,-0.08552113
8.178593,-1.2354081,5.5976434,0.9957104,0.6988298,-0.40439278
4.819528,-0.21547815,4.345476,1.0665708,0.23823744,0.6792821
9.13388,-4.771644,3.7373488,-0.24801129,-0.39584067,-0.71593404
12.825739,-6.196194,6.1530986,-0.035430185,-0.36774087,0.6560693
3.8163576,0.05267244,5.233725,0.09896017,0.36163223,0.2846632
8.623915,-2.315193,5.770026,0.12217305,-0.20891592,-0.5558874
8.312668,-12.708423,8.798691,-2.769663,0.45814893,1.704314
10.572795,-10.608707,4.9296613,-0.56199604,-0.07941248,1.1276573
7.6135616,-1.9776106,5.741296,-0.5693264,-0.04886922,-0.20525073
5.2385135,0.320823,4.594473,1.2767084,0.13439035,-0.49235737
8.480263,-1.6424223,5.094861,0.8784242,-0.14538592,-0.5729916
8.7532015,-1.982399,6.0381765,0.3371976,0.05497787,1.0763446
4.8243165,0.9624691,2.942474,0.61941737,0.018325957,-0.4202753
9.114726,-0.5506664,6.5625067,0.119729586,-0.13561209,-0.5180137
6.265626,-2.1499932,6.172252,-0.013439035,0.16982053,0.92485
4.2042184,0.51714754,3.7373488,0.57543504,0.037873644,-0.46914452
9.593566,-1.922544,7.050924,0.4092797,-0.10262536,-0.52290064
6.519411,-1.9177556,5.791574,0.42149702,0.07574729,0.6206391
5.374983,0.2681506,3.7588966,-0.111177474,-0.04886922,-0.3371976
8.243237,-1.5586253,5.449203,0.07696902,-0.12950343,-0.28955013
8.446744,-2.942474,5.6431336,0.17715092,0.042760566,0.13805555
9.239224,-2.4732103,6.3542113,0.3921755,0.13439035,-0.111177474
5.631162,-0.82121116,8.324639,0.3726278,0.92485,0.41538838
2.980781,0.45010993,4.560954,-0.25045475,0.0842994,0.28588495
7.965509,0.45729253,6.801927,0.89675015,-0.25289822,-0.18936823
7.5201874,0.90261406,8.166622,-0.062308256,0.30665436,1.0067059
3.5051112,3.2609026,3.6966474,-0.18692477,0.0061086523,-0.28710666
9.11712,-1.8267759,6.9479733,0.48991394,-0.43493605,-0.344528
5.923255,0.641646,8.310274,-0.27977628,0.3567453,0.9602802
4.1419687,-0.09816227,5.8083334,-0.018325957,0.06841691,0.36774087
9.234436,-1.4676456,6.4140663,0.24556783,-0.4251622,-0.6084218
10.718841,-6.6534867,8.990228,-1.0458013,-0.111177474,0.59986967
4.0078936,-1.2617443,5.116409,-0.25900686,0.057421334,0.4642576
8.856153,-2.834735,6.6367273,0.71593404,-0.2883284,-0.7086037
9.988609,-4.7644615,7.4842744,-0.22724187,-0.19792034,0.30543262
8.992621,-2.6312277,5.140351,0.007330383,-0.30298916,-0.13194689
5.746084,-1.1827357,6.6965823,0.004886922,0.10751228,0.50946164
5.2169657,-0.079008654,3.9504328,0.3408628,-0.047647487,-0.204029
9.212888,-2.0015526,6.315904,-0.13194689,-0.23090707,-0.040317107
8.1163435,-1.9033904,5.7748146,-1.0164797,0.059864793,-0.36774087
7.433996,-1.6280571,6.5984197,-1.033584,-0.17715092,-0.13561209
6.7947445,-2.2625206,7.0940194,-0.68539083,-0.31520647,0.10262536