-4.3358994,0.90021986,8.082825,-0.028099801,0.1881465,0.07574729
-4.9081135,-0.05746084,9.313444,-1.0885619,0.50946164,-0.43249258
-4.996699,0.48602295,7.4627266,0.13683382,0.26511553,0.13072516
-5.6239796,0.94092125,6.4380083,0.2125811,0.012217305,0.052534413
-4.6112323,1.1372458,7.6590514,-0.49113566,0.16371189,-0.018325957
-6.505046,1.1611878,6.787562,0.5546656,0.32498032,0.32253686
-7.201759,1.0390835,6.7564373,0.058643065,0.36651915,0.035430185
-6.2847795,1.3694834,6.253655,0.111177474,-0.18203785,0.32620203
-6.2488666,1.2354081,8.3868885,0.22968534,-0.13927728,0.16982053
-6.3470287,1.7286136,7.273585,-0.13805555,0.052534413,0.0720821
-6.540959,1.9512744,6.5960255,0.18692477,0.014660766,0.014660766
-5.9998693,0.91219085,7.103596,-0.14905111,-0.2003638,0.10629055
-6.1985884,1.8411411,7.5920134,0.17592919,-0.12461651,0.14905111
-5.377377,3.2154129,7.491457,-0.39461896,0.19914207,-0.052534413
-8.62152,-0.8379706,6.64391,-1.3121386,1.6664404,0.8588765
-8.8777,0.3854665,4.3382936,-0.59742624,0.06352998,0.65484756
-7.603985,0.2777274,4.3358994,0.11362094,-0.20647246,0.6805039
-8.075643,4.003105,5.813122,0.24556783,-0.43127087,0.6646214
-6.787562,1.6208745,6.483498,0.28099802,-0.34330627,0.344528
-6.83784,2.5594015,6.133945,1.4624114,0.08307768,-0.19303341
-7.9487495,6.706159,4.6495395,0.8381071,0.09162979,0.42394048
-6.3901243,3.4644098,5.2241483,-0.20769419,-0.1881465,-0.14294247
-7.78355,4.4340615,5.2863975,-0.2003638,0.035430185,0.1966986
-7.026982,3.821146,4.8985367,-0.376293,0.10873401,0.18570304
-6.363788,4.201824,4.6830587,0.25289822,0.24678956,-0.035430185
-7.302315,2.9592333,4.853047,-0.15515977,-0.052534413,-0.27366763
-6.83784,5.104438,4.9655743,0.49357912,0.22479841,0.18936823
-6.7708025,4.7381253,4.819528,-0.22968534,-0.16249016,-0.08552113
-7.5561004,3.466804,4.7022123,0.36285394,0.14172074,0.12217305
-6.787562,4.015076,5.080496,0.48502702,-0.05375614,-0.18081611
-7.141904,4.345476,4.3718123,-0.20647246,0.18325958,-0.09773844
-7.833828,3.5098996,4.465186,0.059864793,0.1600467,0.42271876
-6.567295,5.6120086,3.0909145,0.29810223,0.037873644,0.30176744
-7.0820484,5.45878,3.7373488,0.5338962,-0.10629055,-0.07941248
-7.1466923,4.960786,4.1012673,-0.6047566,0.04642576,-0.02321288
-7.189788,3.9911342,3.1124623,-0.080634214,-0.009773844,-0.12095132
-7.40766,5.5856724,3.904943,0.3213151,0.059864793,0.087964594
-7.311892,4.88896,4.134786,-0.014660766,-0.09896017,-0.16371189
-7.728483,5.2169657,3.3135753,-0.30543262,-0.035430185,0.10751228
-6.325481,5.185841,4.122815,0.16126843,0.118507855,0.009773844
-7.4268136,4.675876,3.9217024,-0.4569272,-0.028099801,-0.096516706
-5.9878983,3.1675289,2.3702598,-0.408058,0.029321533,-0.42271876
-8.073248,-1.0103531,7.3525934,-3.7555995,-0.21135938,-1.2253957
-8.937555,-2.7102363,6.95755,-0.40683624,-0.119729586,0.06352998
-6.7588315,-0.9935937,6.6079965,-0.015882496,0.004886922,0.1282817
-8.635885,0.8643068,5.0254292,0.874759,0.09407325,0.12217305
-7.517793,0.63206923,6.203377,0.79534656,0.05375614,-0.057421334
-7.8912888,0.2896984,4.9679685,-0.111177474,0.06719518,0.02687807
-7.3765354,1.2210429,5.449203,0.44104472,0.19914207,0.08552113
-7.374141,1.2641385,5.207389,0.5925393,-0.17348573,-0.3371976
-8.655039,0.80205756,5.6120086,0.07941248,0.33475417,0.35796702
-7.2951326,1.0223241,3.7205894,-0.2406809,-0.11728613,-0.20280726
-8.947132,0.8451532,6.4380083,-0.2406809,0.22113322,0.112399206
-6.979098,2.2744915,4.4125137,0.548557,0.10751228,0.16126843
-9.224859,0.6967127,5.6886234,-0.8979719,-0.064751714,0.02076942
-8.14268,1.8626889,4.5537715,-0.111177474,0.030543262,0.0720821
-8.056489,0.6943185,4.685453,-0.48380527,-0.096516706,0.028099801
-7.9511437,1.1803415,5.9663506,0.75869465,-0.13072516,-0.4654793
-7.8410106,2.5617957,4.55856,0.3848451,0.14660765,0.31642818
-7.9870567,1.8531121,4.1395745,0.5864306,-0.18448131,-0.35185838
-8.094796,2.27928,5.6527104,-0.16371189,0.26633725,0.3213151
-7.69257,1.0414777,4.5633483,-0.26145032,-0.002443461,-0.13194689
-8.611943,0.6991069,5.5282116,-0.1282817,0.095294975,0.034208454
-7.0724716,2.585738,3.9264908,0.7684685,-0.017104227,-0.059864793
-9.392453,1.7836803,5.2528787,-0.040317107,0.08552113,0.0061086523
-7.4363904,1.5682021,3.916914,-0.47158796,0.036651913,0.16982053
-8.772355,0.47884035,7.2544312,0.68661255,-0.41538838,-0.48747048
-7.606379,2.6862943,4.173094,0.3005457,0.017104227,0.002443461
-8.415619,1.7525556,4.357447,0.07819075,-0.12095132,-0.040317107
-8.765172,1.9991584,5.097255,-0.3555236,-0.11484267,-0.06963864
-7.716512,2.5881321,3.9145198,-0.043982297,0.1160644,0.06352998
-8.281544,1.412579,6.2249246,-0.04886922,-0.034208454,-0.021991149
-8.401254,1.2641385,3.8594532,0.0036651916,0.05497787,0.15882497
-7.8625584,1.4317327,4.6255975,0.10873401,-0.18325958,-0.065973446
-9.131485,1.733402,5.0541596,0.3567453,0.1600467,0.20280726
-7.9942393,2.3798366,2.834735,0.21868975,0.0720821,-0.008552114
-9.466674,1.6519991,5.2121773,-0.23579398,0.06963864,0.021991149
-7.656657,3.3782187,3.0478187,0.2968805,-0.015882496,0.028099801
-9.720459,1.2976574,5.4300494,-0.8576548,0.089186326,0.1001819
-7.565677,1.5346833,2.6120741,-0.7110472,-0.02321288,-0.09407325
-8.817844,1.0941502,4.8506527,0.1001819,0.1685988,0.10140363
-8.295909,0.6488287,3.9025488,-0.4813618,-0.040317107,0.010995574
-7.8984714,0.90979666,6.0884547,-0.5204572,0.24312437,0.047647487
-8.461109,1.2593501,4.4364557,-0.07819075,0.28099802,0.052534413
-8.817844,0.11971009,3.7325604,-0.91629785,-0.26145032,-0.11728613
-8.051701,0.7015011,5.628768,-0.18325958,0.30176744,0.089186326
-8.767567,0.009576807,3.1747115,-0.3933972,-0.16615535,-0.032986723
-8.056489,-0.1388637,6.007052,0.19792034,0.16249016,0.002443461
-8.908825,0.20829555,2.6120741,-0.2724459,-0.043982297,-0.0036651916
-8.185776,-0.22026655,6.0764837,0.07696902,-0.10140363,-0.028099801
-8.760384,0.4309563,3.7421372,-0.058643065,0.24190263,0.1160644
-8.264784,0.45729253,4.5896845,-0.12705997,-0.22602014,-0.13194689
-8.288726,0.023942016,5.1259856,0.12950343,0.18325958,0.040317107
-8.552089,-0.5386954,3.2106245,-0.50823987,-0.12950343,-0.073303826
-8.659827,-0.49081135,5.777209,0.07452556,0.081855945,0.021991149
-8.6334915,0.50278234,3.1244333,-0.22968534,0.20769419,0.09162979
-8.274361,-0.019153614,5.758055,0.105068825,-0.23090707,-0.07086037
-8.149862,-0.110133275,4.7620673,0.22235495,0.22479841,0.12583824
-8.39886,-0.37349546,3.6990416,-0.3494149,-0.1600467,-0.052534413
-7.548918,1.3623008,6.291962,-0.47036624,-0.13683382,-0.28955013
-9.600749,0.20111294,5.3438582,2.2516494,-0.7049385,-0.8588765
-7.192182,1.4628572,5.0876784,0.33964106,0.34574974,0.39706242
-7.905654,0.9911995,4.7788267,-0.63285637,0.50946164,0.172264
-9.313444,2.4492683,3.0550013,0.5839872,0.04886922,0.0842994
-8.214506,2.1739352,3.821146,-0.7440339,-0.13805555,0.0036651916
-8.078036,1.3192052,4.4005427,-0.75869465,-0.12461651,-0.009773844
-7.714118,3.1794999,4.88896,0.47647488,0.21135938,0.04886922
-8.444349,1.9919758,3.7732618,0.3921755,0.14172074,-0.23090707
-7.9487495,3.5649664,3.3446999,-0.08307768,0.32742378,0.34574974
-8.755595,3.5697548,2.930503,0.008552114,-0.13805555,-0.25900686
-8.956709,3.6511576,2.1811178,0.15393804,0.039095376,0.002443461
-7.639898,3.7229836,2.9017725,-0.6536258,-0.004886922,-0.061086524
-9.085996,2.7006595,3.335123,-0.3213151,-0.037873644,-0.1282817
-8.128315,3.3327289,2.6839,-0.06352998,0.13439035,0.12461651
-7.9702973,3.7708676,3.5051112,0.42271876,-0.12339478,-0.27000242
-9.25359,2.1619642,3.229778,-0.095294975,-0.07696902,0.058643065
-7.5561004,3.241749,3.5194764,-0.23701571,-0.095294975,0.06841691
-9.153033,2.171541,3.3877954,0.02443461,-0.12705997,-0.25411993
-8.128315,2.861071,4.232949,-0.13072516,0.07696902,0.18936823
-8.4587145,2.468422,3.8522706,0.05131268,-0.059864793,-0.09285152
-8.307879,2.779668,3.8402996,0.15760323,0.007330383,-0.0036651916
-8.571242,2.6240451,3.193865,0.081855945,0.05009095,0.014660766
-8.441956,2.5570073,3.7301662,0.10629055,-0.0061086523,0.0
-8.42759,2.743755,3.5051112,-0.05375614,0.036651913,0.02443461
-8.544906,2.7581203,3.430891,0.008552114,-0.008552114,0.015882496
-8.451532,2.777274,3.442862,-0.019547688,-0.008552114,0.008552114
-8.439561,2.942474,3.7708676,-0.0036651916,-0.014660766,0.007330383
-8.429984,2.7844565,3.2968156,-0.59864795,-0.31887165,-0.14294247
-8.3390045,2.171541,4.572925,0.14782938,-0.15760323,0.028099801
-8.422802,2.2050598,4.6806645,-0.19914207,0.1001819,0.056199603
-8.080431,1.5586253,4.4939165,-0.23945917,0.02076942,0.118507855
-8.384495,2.2122424,4.7070007,0.29077184,-0.035430185,0.013439035
-8.47308,1.2210429,4.4795513,-0.49113566,-0.030543262,0.05497787
-7.8505874,2.0925324,4.7500963,0.018325957,0.0012217305,0.012217305
-8.480263,2.243367,4.5920787,0.07941248,0.02443461,-0.07941248
-9.040505,2.1045034,4.1156325,-0.54733527,-0.017104227,0.12461651
-6.9024835,2.6527755,5.3965306,-0.99082345,0.06719518,0.30543262
-7.2065473,1.1755531,4.237737,-0.7122689,0.007330383,0.07696902
-8.817844,1.5658079,6.3063273,-0.27977628,-0.081855945,0.10140363
-7.7452426,-0.2825158,4.7022123,-0.75502944,-0.30787608,0.0842994
-6.993463,1.8148049,5.5737014,0.20891592,-0.09040806,0.064751714
-9.296685,-0.63206923,5.056554,0.18936823,0.14049901,-0.36896262
-7.2807674,1.5490485,5.389348,0.08307768,-0.09773844,0.23579398
-6.9479733,2.9903579,5.45878,0.7733554,0.0720821,0.028099801
-10.175357,-1.3096284,4.1132383,-0.31520647,0.1600467,-0.19914207
-7.45315,2.0566192,4.8698063,-0.118507855,0.02687807,0.17470746
-7.9702973,2.6719291,4.8027687,0.31520647,0.096516706,0.009773844
-9.184157,0.6464345,4.9224787,-0.028099801,-0.103847094,-0.16371189
-7.16824,2.6168625,4.3981485,-0.09773844,0.14660765,0.29443705
-7.422025,3.0382419,5.1475334,0.38973203,-0.14905111,-0.2602286
-8.461109,2.1739352,4.3981485,0.15760323,0.13805555,0.2846632
-6.8545995,2.9855695,4.5992613,0.19547687,-0.1001819,0.056199603
-9.76116,-0.320823,5.221754,-0.86620694,-0.24923302,-0.45204028
-6.885724,2.528277,5.1235914,-0.35796702,0.118507855,0.2932153
-7.9511437,2.4349031,4.5633483,0.3408628,-0.12461651,-0.33108896
-8.559271,1.1348516,4.805163,0.080634214,0.23701571,0.2932153
-7.735666,2.4612393,4.960786,-0.33475417,-0.17348573,-0.1881465
-8.75799,2.1787236,4.1419687,-0.13805555,0.09162979,-0.05009095
-8.844181,1.2401965,4.7979803,-0.12461651,0.04886922,0.17715092
-6.64391,3.5553896,5.619191,0.34330627,-0.12217305,-0.004886922
-8.63828,1.8986019,5.2026005,0.040317107,-0.07452556,-0.17470746
-7.747637,2.8275523,4.187459,-0.20280726,0.18081611,0.3200934
-7.5920134,3.0334535,4.7405195,0.35308012,-0.17715092,-0.43371433
-9.033323,2.195483,4.333505,0.0061086523,0.14660765,0.021991149
-7.086837,4.321534,3.7708676,0.204029,0.05497787,0.103847094
-8.995016,1.3575124,4.3766007,-0.089186326,-0.21013765,-0.3371976
-7.9343843,2.5498247,4.3263226,0.7623598,0.28344148,0.21380283
-8.499416,4.4196963,2.693477,1.8741345,0.1881465,-0.16126843
-8.561666,3.4356794,1.9249382,1.1691961,0.11728613,-0.19181168
-8.956709,2.896984,2.552219,-0.9798279,0.04642576,0.06841691
-8.508993,2.7940333,2.4899697,-0.36651915,0.43004912,-0.15271631
-8.121132,4.158728,1.4987702,0.12461651,-0.095294975,-0.344528
-10.0269165,2.219425,2.6192567,-0.013439035,-0.012217305,-0.40439278
-9.150639,1.8124107,1.6496049,-0.23335053,0.21380283,0.2932153
-8.1163435,3.940856,1.6879122,0.1966986,-0.32986724,-0.07941248
-9.964667,1.9416976,1.6687586,-0.06841691,0.07696902,0.028099801
-8.106767,3.41892,1.532289,-0.14049901,0.2125811,0.23579398
-9.062054,2.3582888,2.0590134,0.5216789,-0.38973203,-0.48502702
-9.720459,1.8722657,1.7022774,-0.2125811,0.3494149,0.039095376
-8.209718,4.2305546,1.1923125,0.12095132,-0.17837265,-0.008552114
-9.758766,2.0518308,1.7621324,-0.015882496,-0.07819075,-0.058643065
-8.492233,3.6894648,1.5801731,-0.10140363,0.24801129,0.23090707
-9.083601,2.9975405,2.0709844,0.07819075,-0.29565877,-0.21013765
-8.930372,3.1004913,1.8914193,-0.7257079,-0.02321288,0.14905111
-10.527305,1.8291701,3.58412,-1.3671165,0.029321533,0.22602014
-8.137892,2.908955,2.516306,-0.06352998,-0.2846632,0.50946164
-8.037335,3.98874,4.4819455,-0.39095375,-0.087964594,0.38606682
-7.9870567,1.910573,5.731719,-1.65911,-0.2919936,0.12095132
-8.154651,2.8921957,3.7229836,-0.8943067,-0.2846632,0.3408628
-6.5241995,2.552219,5.781997,0.66950834,-0.18692477,-0.047647487
-7.467515,3.9576154,5.765238,0.8197812,0.111177474,-0.17837265
-7.654263,2.753332,5.118803,-0.52656585,0.13927728,0.15515977
-6.5098343,3.371036,5.2241483,0.19792034,-0.25167647,-0.2687807
-8.248025,2.3918076,5.45878,0.06719518,0.07941248,0.095294975
-6.3589997,3.8139634,5.068525,-0.15515977,0.07819075,0.0
-8.195353,2.822764,4.855441,-0.12950343,-0.10751228,-0.19181168
-6.9240313,2.89459,5.604826,-0.36651915,0.18325958,0.3005457
-7.589619,1.7142484,5.7987566,0.5558874,-0.09407325,-0.20647246
-8.042124,2.9472623,4.987122,-0.1160644,0.07819075,0.17104226
-7.0245876,3.0669725,4.9895163,0.12461651,-0.02443461,-0.13805555
-8.7532015,2.72939,4.1419687,0.15271631,-0.04153884,0.07086037
-6.7803793,3.4979286,4.5561657,-0.0036651916,0.073303826,0.021991149
-7.469909,3.2872388,4.0916905,0.24190263,-0.08674286,-0.1600467
-8.324639,2.9113493,4.8937483,0.40317106,0.15393804,0.06963864
-7.776367,3.1651347,3.8402996,0.20769419,0.03176499,0.04886922
-8.039729,5.2600613,3.70383,0.50823987,0.3115413,0.32742378
-7.4842744,4.5178585,3.787627,0.6426302,0.10629055,0.22724187
-8.183381,4.6782703,1.2138603,-0.06719518,0.061086524,0.11362094
-6.2991447,5.0302176,3.9959226,0.19792034,-0.035430185,-0.065973446
-8.9519205,3.6343982,1.8363527,-0.29565877,0.0036651916,-0.096516706
-7.2831616,4.783615,3.4931402,-0.5766568,0.10995574,0.08674286
-7.6111674,3.7301662,3.5673606,0.1441642,-0.1600467,-0.23579398
-8.178593,4.309563,2.5210943,-0.6072,0.02687807,-0.16493362
-7.201759,4.213795,3.1914709,-2.098933,-0.042760566,-0.90041536
-9.303867,1.271321,4.2401314,-0.28955013,-0.105068825,-0.36041048
-8.133103,-0.17717093,6.5864487,-0.19181168,-0.095294975,0.10873401
-7.524976,-0.89543146,4.1012673,0.13439035,-0.2443461,0.14538592
-8.111555,1.30484,5.2720323,0.059864793,0.02076942,0.02687807
-8.219295,1.2138603,4.7524905,-0.5290093,0.008552114,0.408058
-7.7213006,0.18435353,5.8203044,0.030543262,0.06719518,0.1685988
-7.632715,1.0630256,5.0900726,0.9773844,-0.02687807,0.029321533
-7.539341,0.78529817,5.0517654,-0.09040806,0.02321288,-0.1160644
-8.185776,1.5394717,4.5441947,-0.009773844,-0.10140363,-0.2406809
-8.693346,0.6536171,5.755661,-0.043982297,0.3885103,0.40439278
-6.9719152,1.6663644,3.323152,0.32498032,0.002443461,-0.014660766
-9.945514,-0.17238252,6.4188547,-0.17592919,-0.16371189,-0.4007276
-8.090008,1.1587936,4.8865657,0.55833083,0.41172317,0.35063666
-7.9870567,1.5035586,2.930503,-0.28588495,-0.16493362,-0.27000242
-8.774749,1.4197617,5.544971,-0.015882496,0.24923302,0.267559
-7.311892,1.460463,3.5314474,-0.0720821,-0.052534413,-0.059864793
-9.433155,0.48841715,5.5018754,-0.16615535,-0.25045475,-0.2846632
-7.654263,2.087744,4.333505,0.6218608,0.28099802,0.37018433
-7.8027034,1.2593501,2.8491,-0.15760323,-0.119729586,-0.26511553
-9.093178,2.4708161,5.0781016,0.43249258,0.1282817,0.052534413
-7.8793178,2.4660277,3.5529952,0.24678956,0.02687807,0.20647246
-8.535329,1.6256629,4.3478703,-0.22968534,0.030543262,-0.12583824
-8.11395,2.6264393,3.6990416,0.042760566,0.034208454,-0.018325957
-9.404425,1.0582372,5.403713,-0.02687807,0.18203785,0.15149458
-7.9966335,2.767697,2.7222073,0.19181168,-0.24678956,-0.12705997
-9.01417,1.9632454,5.032612,-0.018325957,0.12095132,0.10751228
-7.374141,1.9632454,3.8977604,0.2602286,-0.11484267,-0.04886922
-8.250419,2.3702598,4.060566,0.28344148,-0.3115413,-0.39706242
-8.319851,1.1731589,4.5753193,-0.0720821,0.3848451,0.3567453
-7.6949644,2.1930888,3.4404678,0.15393804,-0.26389378,-0.2724459
-8.552089,1.9081788,5.0661306,-0.2968805,0.13683382,0.04520403
-7.565677,2.2864625,3.335123,-0.0012217305,-0.112399206,-0.04642576
-8.860941,1.3982137,5.5737014,-0.28710666,-0.44348818,-0.49602258
-8.250419,1.283292,5.3366756,0.29565877,0.5864306,0.5925393
-6.459556,1.2641385,3.7948096,-0.20280726,-0.26633725,-0.08552113
-10.041282,1.1947067,5.3845596,-0.41538838,-0.24923302,-0.23457226
-7.0964136,1.3000516,4.1299977,0.14905111,0.16615535,0.25900686
-8.971074,1.4389153,6.26802,-0.5900958,-0.064751714,-0.06841691
-7.967903,1.1228806,4.4963107,0.30298916,-0.0842994,0.23579398
-7.2951326,2.7150247,4.8745947,0.014660766,-0.11728613,-0.061086524
-8.796297,1.5490485,4.9105077,0.18203785,0.26145032,0.13316862
-6.9048777,1.3623008,3.9193082,0.12339478,0.035430185,0.0720821
-7.747637,2.7988217,4.261679,-0.06352998,-0.23457226,-0.38362336
-9.203311,1.4389153,5.046977,-0.24556783,0.17837265,0.0720821
-7.1849995,2.2816741,4.333505,0.2003638,0.09896017,0.2406809
-8.980651,1.2210429,5.4420204,0.2125811,-0.3555236,-0.32375857
-8.228871,1.5562311,4.367024,0.5571091,0.019547688,0.07452556
-7.73806,2.7126305,5.085284,-0.2846632,-0.06841691,0.12583824
-7.144298,1.3479356,5.2480903,-0.15393804,-0.09773844,-0.056199603
-8.669404,3.0789435,5.4899044,1.3243558,-0.004886922,-0.019547688
-8.403648,1.3479356,3.0023289,0.8417723,0.49480084,0.45204028
-8.267179,5.1235914,3.1747115,-0.29077184,-0.036651913,0.08307768
-8.025364,1.8890251,3.550601,-1.1850786,0.059864793,-0.16371189
-7.9391727,2.3439236,4.6399627,0.35918877,-0.010995574,-0.07574729
-8.240842,3.7469256,4.3718123,0.4728097,-0.095294975,-0.23823744
-8.528147,2.1667526,3.5218706,-0.78801614,-0.10629055,-0.0061086523
-7.9272017,2.3223755,5.3103395,-0.42760566,0.09285152,0.1441642
-7.5441294,3.0214825,4.331111,0.5729916,-0.037873644,-0.15393804
-9.23683,0.12449849,5.518635,-0.33841935,-0.036651913,0.04153884
-7.9631147,3.086126,4.369418,-0.95417154,0.12339478,0.23823744
-7.8386164,2.6862943,4.8961425,-0.31398472,0.080634214,-0.08674286
-9.9550905,-0.047884032,4.3885717,0.095294975,-0.09285152,0.10751228
-7.156269,4.19943,4.0557775,-0.8539896,0.13561209,0.28588495
-7.6973586,2.8060043,4.795586,0.66950834,-0.22724187,-0.31520647
-9.119514,2.3989902,3.9983168,-0.41416663,0.1160644,0.2321288
-6.9479733,2.1787236,5.1571107,-0.16982053,-0.08307768,0.0
-9.92636,1.0869676,4.84347,0.39461896,-0.22968534,-0.31031954
-7.639898,2.8107927,4.7860093,-0.39828414,0.204029,0.3885103
-8.054094,1.5729905,5.0278234,0.5742133,-0.21868975,-0.3555236
-8.286332,2.0757728,4.534618,-0.25900686,0.12583824,0.32253686
-6.754043,2.4157495,4.7285485,-0.04153884,-0.20769419,-0.112399206
-9.172187,1.7405846,4.441244,-0.09773844,0.028099801,-0.059864793
-7.6590514,2.2146366,4.76925,0.018325957,-0.040317107,-0.09407325
-9.11712,1.340753,4.572925,0.26267207,0.02076942,-0.08674286
-8.020576,2.2098482,4.4077253,0.2932153,0.19547687,0.42271876
-7.759608,1.5011644,6.4380083,-0.19425514,-0.18203785,-0.31520647
-8.355764,2.432509,3.881001,0.35918877,-0.25534168,-0.12339478
-8.908825,2.9281087,5.7987566,-0.013439035,0.28588495,0.14905111
-5.717354,3.6511576,3.4021606,0.052534413,0.19792034,0.3652974
-8.985439,3.5745432,4.3119574,-0.59498274,-0.11484267,-0.17959438
-7.9966335,0.91697925,4.7788267,0.13683382,-0.019547688,-0.27000242
-8.066066,2.2170308,3.952827,0.3652974,-0.05131268,0.19914207
-7.3549876,3.3758245,3.7181952,-0.15271631,-0.06841691,-0.081855945
-9.445126,0.9983821,4.7429137,0.035430185,0.07819075,0.057421334
-6.9838862,3.5290532,3.6894648,-0.64996064,0.035430185,0.22602014
-8.710106,1.6017209,4.9344497,0.312763,-0.2932153,-0.47158796
-8.475474,1.5634137,4.2999864,-0.42638394,0.21991149,0.35185838
-7.1059904,1.9536686,4.3478703,-0.5448918,-0.23945917,-0.29810223
-8.700529,1.5897499,5.74369,-0.66828656,-0.09773844,-0.15515977
-7.680599,0.11971009,5.3678,-0.48991394,0.028099801,0.16371189
-7.991845,-0.78529817,6.114791,0.2284636,0.29810223,0.2761111
-7.6470804,0.830788,5.2049947,-0.2565634,-0.013439035,0.13439035
-8.013393,1.2018893,5.7628436,0.22602014,0.15027285,0.09407325
-7.8505874,1.4173675,5.48751,0.08674286,-0.07819075,0.06963864
-7.086837,0.48362875,5.57849,0.10262536,-0.062308256,-0.38973203
-8.197746,-0.17956513,5.7149596,0.3481932,-0.09040806,-0.034208454
-7.52737,1.0726024,4.4795513,-0.25289822,-0.03176499,0.26267207
-8.844181,-0.6440403,7.005434,0.13927728,-0.32375857,-0.19547687
-7.5584946,-0.49081135,4.096479,0.030543262,0.10262536,0.31887165
-7.3190746,-0.11731588,5.566519,-0.24923302,-0.14782938,-0.33108896
-8.655039,0.6607997,6.1123967,0.30665436,0.043982297,0.13683382
-7.4483614,1.42455,4.0940847,-0.06963864,-0.07452556,0.007330383
-7.6375036,-1.3024458,6.361394,0.3885103,-0.042760566,-0.13316862
-8.374918,0.78529817,5.4659624,0.35308012,0.12217305,0.13805555
-7.0724716,1.6280571,4.417302,-0.14538592,-0.010995574,-0.22357668
-8.683769,-1.3958195,6.8761473,0.4447099,0.02443461,0.05131268
-7.228095,0.39264908,4.0581717,0.312763,-0.019547688,0.2406809
-7.69257,1.6424223,5.145139,0.13439035,-0.04520403,-0.5314528
-8.839393,-0.8283938,6.1219735,0.5510005,0.111177474,0.21380283
-7.237672,-0.31364042,5.1906295,0.0036651916,-0.3115413,-0.6047566
-7.6231384,-1.4532804,7.345411,-1.8069394,-0.68783426,-1.1044444
-7.40766,-3.7780502,6.555324,-0.27122417,0.02687807,-0.5729916
-7.1610575,-2.9855695,6.3661823,0.4202753,0.16371189,0.25900686
-8.157045,-1.2856863,6.7444663,0.23823744,0.5290093,0.6230826
-7.2592196,1.3934253,3.5218706,0.14660765,0.28221974,0.6218608
-8.157045,0.25617957,6.215348,-0.20769419,-0.021991149,0.0842994
-8.487445,-0.08619126,4.960786,0.48747048,0.25167647,0.13683382
-8.291121,0.8571242,5.3725886,0.7648033,-0.0012217305,0.089186326
-8.307879,0.6895301,4.5274353,-0.013439035,0.03176499,0.09040806
-8.3821,1.352724,4.7285485,0.12339478,-0.014660766,0.04642576
-7.7691846,1.9440918,4.7884035,-0.02321288,-0.19181168,-0.16737708
-8.59279,0.7230489,4.733337,0.043982297,0.20647246,0.05009095
-7.1730285,1.6950948,4.295198,0.39584067,-0.11362094,-0.17348573
-9.02614,0.6607997,4.795586,0.10873401,0.10629055,0.22602014
-7.1849995,2.291251,4.331111,0.06352998,0.0720821,0.21135938
-7.675811,2.4253263,4.132392,0.047647487,-0.21746802,-0.37995818
-8.992621,-0.11731588,5.5162406,0.22479841,0.3567453,0.37140608
-7.33344,2.4660277,4.10845,0.22113322,-0.07696902,-0.03176499
-9.215282,2.4756045,4.0797195,0.38362336,-0.16371189,-0.33353242
-8.058883,0.16998832,5.0876784,-0.035430185,0.28588495,0.4007276
-7.8625584,2.5905263,3.5673606,0.057421334,-0.13439035,-0.3042109
-9.469068,-0.7110779,6.0597243,-0.20891592,0.14172074,0.04520403
-6.9647326,2.7030537,3.679888,0.7147123,0.2003638,0.12461651
-9.066842,0.33518824,5.403713,-0.04642576,-0.18692477,-0.3005457
-8.520964,0.8738836,4.8937483,0.04153884,0.3408628,0.41416663
-7.7213006,1.1971009,3.2513258,0.02565634,-0.14660765,-0.48624873
-10.084377,0.34715924,5.8825536,-0.058643065,-0.030543262,0.14049901
-6.655881,2.6120741,2.5953147,0.33108896,-0.040317107,-0.21868975
-8.360553,0.49320555,5.705383,0.3115413,-0.12583824,-0.23945917
-8.47308,-0.59136784,5.7269306,0.4972443,0.17959438,0.12583824
-7.747637,1.283292,5.3366756,0.36285394,0.11484267,0.16371189
-8.48984,2.2936451,3.7852328,-0.07086037,0.408058,0.080634214
-7.9152308,2.6791117,2.1547816,0.63285637,0.47647488,0.22968534
-9.7803135,2.6599581,2.72939,0.1600467,-0.06963864,-0.018325957
-7.6111674,2.908955,2.980781,-0.6035349,0.0842994,0.05009095
-8.9040365,2.4588451,3.3063924,-0.16126843,-0.26389378,-0.16493362
-9.009381,3.6990416,3.2225955,0.3481932,0.34330627,0.103847094
-7.299921,1.9680338,3.1627405,-0.25411993,0.09162979,0.061086524
-8.6095495,3.787627,3.3806129,0.06352998,-0.3200934,-0.0061086523
-8.647857,1.6448165,3.0382419,0.089186326,0.02076942,0.1441642
-7.9248075,2.2146366,3.7612908,-0.344528,-0.10995574,-0.010995574
-8.659827,2.5234885,4.927267,-1.4526376,-0.26511553,-0.103847094
-8.054094,1.9776106,4.663905,-0.10629055,0.1563815,0.13439035
-8.3629465,1.5059528,4.1922474,-0.86376345,-0.13194689,0.0842994
-7.52737,0.6560113,6.315904,-0.047647487,0.039095376,-0.1563815
-8.700529,0.80445176,4.9440265,0.002443461,0.08552113,-0.23579398
-7.920019,2.4109612,4.745308,-0.004886922,0.02687807,0.35063666
-6.991069,1.3838485,5.896919,-0.24801129,-0.015882496,-0.11728613
-9.425972,-1.7286136,5.475539,0.08674286,0.052534413,-0.02687807
-7.074866,0.5722142,4.987122,0.119729586,0.17959438,0.34330627
-8.793902,0.7302315,4.6950297,-0.28221974,-0.26267207,-0.32986724
-8.109161,0.05267244,5.4683566,-0.39584067,0.17348573,0.39706242
-7.1107793,0.16759412,5.7843914,0.4202753,-0.034208454,-0.38606682
-8.748413,-0.088585466,4.7884035,0.35308012,0.042760566,-0.27855456
-8.453926,0.3878607,4.5753193,0.18448131,0.26267207,0.49235737
-7.773973,0.7374141,4.7381253,0.2932153,-0.13683382,-0.27855456
-9.481039,1.2976574,4.5202527,-0.22602014,0.08307768,0.20891592
-7.338228,2.3989902,4.8458643,-0.643852,-0.12339478,-0.032986723
-9.52174,0.7685388,4.237737,0.064751714,-0.06841691,-0.3042109
-7.431602,1.0486604,5.398925,0.05131268,0.20280726,0.4972443
-7.867347,1.3024458,4.8602295,0.5131268,-0.08552113,-0.38362336
-9.698911,0.9840169,4.050989,-0.2932153,0.021991149,0.13439035
-6.349423,3.1675289,4.8937483,0.3042109,0.057421334,0.012217305
-9.184157,-0.22026655,5.279215,-0.14538592,0.035430185,-0.14049901
-8.197746,1.0007763,5.183447,-0.04642576,-0.02321288,-0.056199603
-8.2169,0.50038815,4.8985367,-0.548557,-0.061086524,-0.036651913
-8.219295,-0.2825158,5.2409077,-0.42271876,0.015882496,0.20158553
-8.65025,-0.9552865,4.2425256,-1.0164797,-0.0720821,0.05375614
-5.7987566,0.7134721,5.5162406,0.25167647,0.08307768,0.2003638
-8.432379,-1.2904748,5.1355624,-0.19303341,-0.17959438,-0.39095375
-8.520964,-0.90740246,5.353435,-0.28344148,0.032986723,0.21380283
-7.311892,0.4165911,5.3247046,0.002443461,-0.0842994,-0.04886922
-9.753978,-0.8882488,4.819528,-0.9236283,-0.09040806,-0.10140363
-7.1131735,0.35913026,5.00867,0.26389378,-0.014660766,0.18692477
-9.062054,-1.1659763,4.8338933,-0.30176744,-0.0842994,-0.3726278
-7.393295,-0.6392518,5.559336,-0.09773844,0.10262536,0.3408628
-7.8290396,-0.81163436,5.0038815,-0.08552113,-0.11484267,-0.4373795
-8.3629465,-0.5650316,5.0182467,-0.24923302,0.09040806,0.22968534
-7.589619,-0.8595184,4.999093,-0.6988298,-0.111177474,-0.05131268
-8.3150625,-1.2378023,5.521029,0.19914207,-0.095294975,-0.32375857
-8.09719,-1.5107412,5.3845596,-0.043982297,0.14660765,0.37751472
-7.45315,0.62967503,5.1642933,0.2003638,-0.07452556,-0.25534168
-8.92319,-1.5394717,5.5497594,-0.10995574,0.02443461,0.09773844
-7.038953,0.22744916,4.9895163,0.25411993,0.1282817,-0.058643065
-9.157822,-1.9871874,6.019023,-0.004886922,-0.02565634,-0.056199603
-7.7093296,1.4652514,4.4436383,-0.07574729,0.02076942,0.18203785
-8.887277,-2.1140802,5.9280434,-0.18936823,-0.06963864,-0.08307768
-7.489063,-1.0845734,5.5521536,0.22724187,0.029321533,0.16493362
-7.079654,-1.1851299,4.984728,0.15882497,-0.0036651916,-0.12217305
-9.124303,-0.6392518,6.751649,-0.30543262,-0.08552113,0.058643065
-6.4499793,-1.6232687,3.9935284,0.15760323,0.08552113,0.0061086523
-7.8745294,-2.408567,8.056489,-0.16982053,-0.12705997,-0.39828414
-8.384495,-1.2497733,4.8865657,-0.22602014,0.25900686,0.26389378
-6.7971387,-0.4213795,5.3247046,-0.028099801,0.0,0.15393804
-8.461109,-0.4309563,5.161899,0.91996306,-0.36285394,-0.5864306
-7.431602,0.7445967,5.877765,-0.0036651916,0.24190263,0.3921755
-7.8529816,0.92416185,4.3023806,-0.064751714,-0.004886922,-0.2883284
-8.63828,-1.1731589,6.50744,0.2968805,0.07574729,0.23579398
-7.678205,1.8698715,4.074931,-0.09896017,-0.13194689,-0.10995574
-9.409213,-2.7365725,7.091625,-0.096516706,-0.10140363,-0.007330383
-6.6391215,-0.44771573,5.7245364,0.25045475,0.18570304,0.14905111
-8.394072,-0.095768064,5.861006,0.32742378,-0.16982053,-0.2602286
-7.639898,2.135628,4.939238,0.41416663,0.1441642,0.2846632
-8.456321,0.45250413,4.6351743,-0.05009095,0.119729586,0.23457226
-7.735666,1.5107412,5.3965306,-0.004886922,0.073303826,0.22479841
-8.279149,0.6344634,5.0517654,-0.36651915,-0.20525073,-0.40561453
-7.869741,0.17956513,5.791574,-0.052534413,0.13316862,0.34697145
-7.908048,1.496376,4.7189717,-0.032986723,-0.14172074,-0.31764993
-8.767567,-0.1412579,6.2584434,0.15271631,0.15393804,0.17104226
-7.0581064,1.0151415,4.7644615,-0.33108896,-0.14049901,-0.48502702
-7.9272017,0.48123455,5.889736,0.015882496,0.172264,0.008552114
-7.7691846,0.8714894,4.5657425,0.061086524,-0.103847094,0.05497787
-7.3885064,1.4652514,4.972757,-0.40194935,-0.13927728,-0.23823744
-8.228871,0.7422025,5.9543796,0.16371189,0.19303341,0.17592919
-7.405266,0.9576807,3.8067808,-0.13683382,-0.16249016,-0.19425514
-8.576031,0.033518825,5.9519854,0.015882496,0.12705997,0.0842994
-6.9144545,0.02873042,4.709395,-0.14294247,-0.0061086523,-0.105068825
-9.258378,-0.9816227,6.921637,-0.18325958,-0.065973446,-0.08552113
-7.52737,-0.40462008,5.2385135,-0.008552114,-0.06352998,0.04520403
-8.619126,-0.39264908,5.130774,0.02443461,0.039095376,-0.042760566
-8.008605,0.16280572,5.035006,0.052534413,-0.0036651916,0.04886922
-8.200141,0.39983168,4.6926355,0.073303826,0.004886922,0.04520403
-8.109161,0.17238252,5.183447,-0.002443461,-0.02565634,-0.002443461
-8.085219,0.1436521,5.097255,0.19058995,-0.017104227,0.032986723
-8.319851,0.2896984,5.0014873,-0.19425514,0.013439035,-0.02076942
-8.111555,0.7781156,4.924873,-0.096516706,-0.06719518,-0.12705997
-8.061277,0.15562311,4.8458643,-0.059864793,-0.009773844,-0.035430185
-8.248025,-1.4580688,7.275979,0.014660766,-0.081855945,-0.14172074
-8.066066,0.6488287,4.1946416,-0.11362094,0.002443461,-0.03176499
-7.644686,0.521936,5.2169657,0.0012217305,0.07086037,0.20158553
-9.205706,-2.2409728,6.093243,-0.46670106,-0.30787608,-0.4569272
-7.73806,0.06703765,5.2409077,0.14172074,0.15882497,0.3652974
-7.5920134,0.6871359,3.478775,-0.09773844,-0.029321533,-0.15515977
-9.356541,-0.91937345,6.777985,-0.05131268,0.05375614,0.028099801
-7.252037,0.50757074,3.9001546,-0.13439035,-0.028099801,-0.10873401
-8.643068,-0.47165772,4.5082817,0.111177474,-0.17592919,-0.12095132
-8.3150625,0.7278373,6.3326635,0.53023106,-0.12583824,-0.013439035
-8.420407,-0.40940848,5.779603,1.0946705,-0.057421334,0.081855945
-7.764396,2.0039468,5.1259856,1.1496484,0.23945917,0.13561209
-8.001422,2.0350714,3.2920272,1.210735,0.4642576,0.1441642
-8.772355,3.6655228,4.307169,0.73426,-0.0720821,0.059864793
-6.931214,1.9752164,5.363012,-1.3756685,-0.06963864,-0.12339478
-9.77792,6.6247563,4.4723687,-1.3341297,-0.22968534,0.36163223
-6.1243677,2.1859062,4.283227,0.29565877,0.28955013,0.17837265
-8.829816,2.8802247,4.132392,-0.9773844,-0.3567453,-0.22113322
-7.1706343,2.2290018,4.4915223,0.2125811,0.3323107,0.05009095
-7.536947,3.7301662,1.4676456,-1.7079792,-0.3200934,0.13927728
-8.441956,2.7461493,5.841852,-0.75869465,0.17959438,0.05131268
-7.6015906,3.2393548,5.1140146,-1.0555751,0.028099801,0.5888741
-7.053318,4.4077253,5.161899,0.19792034,0.34574974,0.8173377
-6.2847795,2.944868,6.469133,0.50701815,0.12461651,0.15027285
-8.291121,3.8307228,5.104438,1.2962561,-0.047647487,-0.15760323
-6.813898,5.1259856,4.036624,0.3652974,0.14049901,0.1600467
-6.679823,2.966416,4.582502,0.04153884,0.37018433,0.02687807
-7.45315,3.799598,5.7029886,0.8405506,0.004886922,-0.23457226
-7.1730285,0.7661445,3.6727054,-0.46670106,-0.28221974,-0.47403142
-9.332599,3.8905778,4.582502,0.40561453,-0.07696902,-0.3726278
-7.7931266,2.27928,5.2480903,-0.036651913,-0.10751228,-0.16493362
-7.4723034,2.1930888,2.753332,-0.052534413,-0.2443461,-0.015882496
-7.7189064,1.5490485,5.604826,-0.27855456,0.02321288,-0.49235737
-7.881712,2.1763294,5.767632,0.53878313,-0.0036651916,-0.040317107
-8.082825,0.557849,4.2904096,-0.008552114,-0.05009095,-0.25289822
-7.9391727,1.8602947,5.0493712,-0.23579398,-0.15393804,0.058643065
-9.040505,0.6679823,4.9895163,-0.6365216,0.112399206,-0.15760323
-7.73806,1.1923125,4.735731,0.16982053,-0.002443461,0.009773844
-8.257602,1.2593501,5.60722,1.1044444,0.17592919,0.16371189
-8.829816,2.7030537,3.265691,0.7257079,0.2003638,0.23823744
-7.261614,5.6527104,4.570531,0.6585127,0.03176499,0.25534168
-7.6853876,5.116409,3.2561142,-0.12095132,0.021991149,0.112399206
-7.8888946,3.3446999,1.6112977,1.1044444,-0.0720821,-0.12705997
-7.716512,5.755661,3.2321723,0.20647246,-0.49480084,-0.32986724
-9.289502,2.6551697,2.896984,0.112399206,0.052534413,-0.040317107
-7.831434,3.3039982,3.490746,-0.017104227,0.021991149,-0.18081611
-9.167398,4.733337,1.6567876,0.38606682,0.13805555,0.19181168
-7.3909006,4.197036,3.3446999,0.034208454,-0.010995574,0.1441642
-7.831434,4.6495395,1.910573,-0.21135938,-0.062308256,-0.052534413
-7.773973,4.39336,2.695871,0.04153884,0.11362094,0.02443461
-7.9128366,4.381389,2.4756045,0.45204028,-0.13927728,-0.09162979
-9.030929,3.1866825,1.4748282,0.19181168,0.02076942,-0.07574729
-7.678205,4.3406878,2.3989902,0.013439035,0.18936823,0.20280726
-7.9750857,4.8698063,2.2266076,0.44593164,-0.14660765,-0.06352998
-9.028535,4.31914,1.2737153,-0.1881465,0.09773844,0.057421334
-7.5680714,4.6591167,1.553837,0.052534413,-0.06719518,0.021991149
-8.932767,4.831499,1.30484,0.12095132,0.035430185,-0.056199603
-7.323863,5.3845596,1.7645266,-0.24312437,0.34697145,0.040317107
-9.0429,3.8043866,1.5466543,0.27855456,-0.14660765,-0.07452556
-8.535329,5.8346696,1.3000516,-0.38606682,0.22602014,-0.12461651
-7.9128366,4.5082817,1.6089035,0.040317107,-0.23090707,0.037873644
-8.76996,4.189853,-0.30885202,-0.18692477,0.07574729,0.09285152
-6.6391215,5.851429,2.8060043,0.20647246,-0.14905111,-0.14049901
-9.32781,3.277662,2.7940333,-0.63529986,-0.06963864,-0.16493362
-7.589619,3.3662477,1.0606314,-0.89675015,0.23090707,-0.07452556
-9.351752,2.837129,2.408567,0.4166101,0.06352998,-0.02321288
-8.528147,4.355053,1.1324574,-0.49480084,0.17837265,0.24678956
-7.493851,5.0062757,2.2888567,0.63285637,0.039095376,-0.029321533
-7.6829934,5.17387,1.3000516,0.061086524,-0.039095376,0.14049901
-7.8529816,5.521029,-0.16759412,0.37995818,0.07941248,-0.13316862
-8.269572,2.89459,2.6767175,-0.8527679,-0.7367035,-0.75502944
-9.19134,1.3096284,4.247314,-2.162463,0.06963864,-0.14294247
-8.674192,-0.46686932,4.6710877,-0.39828414,-0.16982053,-0.24678956
-8.384495,0.6655881,4.618415,-0.21746802,-0.057421334,0.24801129
-8.6813755,-0.17717093,4.19943,-0.3933972,-0.11362094,-0.118507855
-9.344569,-1.5275006,3.6296098,-0.68294734,-0.26145032,-0.39828414
-7.9487495,-0.12689269,6.1626754,-0.37140608,0.073303826,0.09407325
-8.554482,0.8283938,4.4843397,0.14905111,0.11728613,-0.13805555
-9.155427,0.37349546,4.0557775,-0.28955013,-0.04520403,-0.13683382
-8.063671,2.0398598,3.7948096,-0.44104472,-0.02565634,0.26145032
-8.494628,1.1444284,3.7445314,0.02565634,0.0061086523,-0.0012217305
-9.004593,-0.062249243,4.594473,0.39950588,0.06719518,0.1441642
-7.7308774,2.906561,4.5322237,-0.13683382,-0.06841691,0.0036651916
-9.248801,0.62728083,3.4811692,0.47036624,-0.032986723,-0.105068825
-8.015787,2.504335,5.1116204,0.9578367,0.1881465,0.18692477
-9.059659,1.6424223,2.5498247,0.40317106,0.28221974,0.4007276
-8.513782,4.6662993,2.0925324,1.2131784,0.37140608,0.4361578
-7.431602,4.6591167,0.7589619,-0.08674286,0.18936823,0.065973446
-9.153033,3.478775,0.91458505,0.059864793,-0.064751714,0.0012217305
-7.869741,4.5441947,2.099715,-0.5009095,0.10262536,-0.021991149
-8.520964,4.0318356,0.770933,0.058643065,0.09773844,-0.14294247
-8.817844,3.7684734,1.4796166,-0.28221974,-0.008552114,0.19303341
-8.4587145,4.024653,2.1068976,-0.26389378,-0.04642576,-0.12950343
-8.815451,4.4795513,0.58897364,0.111177474,-0.02687807,-0.028099801
-8.046912,4.4220905,2.597709,-0.12705997,0.16982053,0.09162979
-8.406042,4.0054994,1.2138603,0.1563815,-0.010995574,-0.11484267
-8.973468,3.9671922,2.4827871,-0.26511553,-0.12095132,-0.07574729
-8.250419,4.015076,0.89782566,0.096516706,-0.012217305,0.0036651916
-7.5201874,3.5051112,-0.39983168,-0.9627236,-0.51923543,-0.25534168
-10.477027,0.36870706,2.906561,-1.9388863,-1.0421361,-1.0225884
-8.195353,-1.3599066,6.4308257,-2.7256808,-0.030543262,0.63163465
-6.8761473,-0.6679823,6.682217,-0.22968534,-0.1441642,0.26511553
-8.176199,-0.32561144,3.7349546,0.95905846,-0.059864793,0.37140608
-7.941567,-1.8794483,5.0374002,-0.14660765,-0.018325957,0.059864793
-8.264784,-0.1388637,5.2169657,0.09773844,-0.12583824,0.032986723
-7.7332716,-0.15322891,3.0119057,-0.13316862,0.02321288,0.26145032
-8.123527,0.06943185,5.5760956,-0.014660766,0.06719518,-0.09773844
-8.130709,-0.79966336,4.4436383,-0.14782938,0.062308256,0.058643065
-8.118738,-0.78529817,6.0142345,0.30176744,-0.20280726,-0.2443461
-8.212111,-0.272939,5.5521536,0.13194689,0.37018433,0.20647246
-7.9583263,-0.007182605,4.7979803,-0.10873401,-0.25900686,-0.29565877
-8.377312,-0.50278234,4.6399627,-0.31764993,0.23335053,0.24190263
-7.908048,0.095768064,5.023035,0.8051204,-0.035430185,-0.33475417
-8.418014,-1.2330139,6.1770406,0.30543262,0.08307768,0.16249016
-7.9631147,1.328782,4.5418005,1.3414601,0.17715092,0.10995574
-9.033323,0.23463176,5.1523223,-0.15760323,-0.10262536,-0.17837265
-8.099585,2.1691468,4.010288,-1.1643091,0.047647487,0.13072516
-8.99741,0.2657564,3.5529952,-0.014660766,0.08674286,-0.029321533
-9.059659,1.3311762,4.793192,0.18081611,-0.039095376,-0.2968805
-9.138668,0.34955344,4.644751,-0.43493605,0.14294247,0.18325958
-8.276755,1.7621324,3.4955344,-0.64751714,-0.14782938,-0.204029
-9.61272,0.4261679,4.414908,-0.10262536,0.0061086523,-0.04153884
-8.224083,1.9919758,3.2561142,0.3359759,0.07574729,0.032986723
-9.246407,1.3694834,3.8235402,0.26511553,-0.3848451,-0.25900686
-8.571242,0.60333884,4.098873,-0.3042109,0.34330627,0.23945917
-8.238448,1.8602947,3.6631286,-0.4092797,-0.3115413,-0.26389378
-8.966286,0.40462008,4.831499,0.12095132,0.29565877,0.21991149
-8.224083,1.7118542,3.2465374,0.04520403,0.087964594,0.14049901
-9.368511,0.8643068,5.281609,-0.04153884,-0.1685988,-0.20769419
-7.917625,1.3718776,3.5218706,0.21135938,0.29077184,0.30787608
-8.9758625,0.92416185,3.3758245,0.15760323,-0.39461896,-0.33964106
-8.355764,-0.1436521,5.932832,-0.004886922,0.30665436,0.3042109
-8.590396,1.7932571,2.4779987,-0.14905111,-0.1966986,-0.05375614
-7.9391727,0.56982,6.3805475,0.12461651,-0.34208453,0.061086524
-8.659827,2.2816741,3.5314474,0.15760323,-0.21013765,-0.06841691
-8.137892,-1.0031705,7.7093296,1.6236799,-0.31887165,-0.51068336
-9.832987,0.9959879,2.72939,2.284636,0.5326745,0.35430184
-7.726089,5.6527104,0.5482722,0.081855945,0.30665436,0.70371675
-8.190564,3.9121256,0.5626374,0.43004912,0.14660765,0.07696902
-8.209718,4.642357,1.7070658,-0.12950343,0.065973446,-0.035430185
-7.795521,5.5377884,2.1404164,-0.26633725,0.1282817,-0.06963864
-8.978256,3.1148565,0.842759,-0.17592919,-0.021991149,-0.15515977
-8.185776,4.7046065,2.6024973,-0.24923302,0.22724187,-0.042760566
-8.836999,2.9496565,0.5674258,0.09407325,-0.029321533,0.02565634
-8.645462,4.3143516,1.340753,0.31031954,-0.028099801,0.043982297
-8.09719,4.4915223,2.303222,-0.31642818,-0.04886922,-0.065973446
-8.860941,4.2161894,0.47644615,-0.0061086523,-0.047647487,0.057421334
-8.317456,4.644751,2.5833437,0.11728613,0.007330383,0.034208454
-8.350976,3.9025488,1.271321,0.034208454,-0.14538592,-0.056199603
-8.990228,3.9264908,1.541866,0.035430185,0.0,0.017104227
-8.209718,4.606444,2.0470424,-0.08674286,0.02565634,0.0036651916
-8.961497,3.6224272,0.6799533,0.047647487,-0.0061086523,-0.07819075
-8.973468,3.7086184,2.183512,-0.14172074,0.015882496,-0.035430185
-7.8266454,4.271256,1.1755531,-1.1667526,0.03176499,-0.1001819
-9.19134,2.8874073,3.892972,0.4373795,-0.021991149,-0.204029
-8.880095,3.7110126,1.1611878,-0.51923543,-0.009773844,0.096516706
-8.611943,2.1883004,2.8634653,-2.1319196,-0.21013765,-0.21380283
-8.5473,2.0614076,5.080496,0.25900686,-0.14294247,-0.035430185
-9.018958,0.7302315,2.5258827,-1.0677924,-0.02687807,-0.14172074
-7.6829934,1.6831238,4.673482,-1.0482447,-0.007330383,0.08552113
-9.56723,0.49081135,4.6351743,0.12095132,0.034208454,-0.24678956
-8.061277,0.29927522,5.0254292,-0.3200934,0.105068825,0.3811799
-8.42759,0.6584055,4.0294414,1.1129965,-0.039095376,-0.12583824
-8.971074,1.3359646,3.3686419,-0.44593164,-0.017104227,0.032986723
-7.4148426,2.6503813,4.084508,-0.012217305,-0.0012217305,-0.06719518
-10.134656,-1.0342951,3.8043866,0.48624873,0.23335053,0.058643065
-8.169016,0.94810385,3.5697548,-0.9798279,-0.030543262,0.06719518
-7.539341,1.13964,5.0302176,0.5546656,0.042760566,-0.35063666
-8.535329,0.8738836,4.606444,0.14782938,-0.065973446,0.096516706
-8.9998045,-0.05267244,3.6176388,-0.25167647,-0.019547688,0.14660765
-6.921637,1.8938135,4.7285485,0.18448131,0.035430185,0.087964594
-9.923966,-0.4309563,2.72939,0.47158796,0.17837265,0.010995574
-7.441179,2.1906946,4.5777135,0.8136725,0.12583824,-0.012217305
-8.916007,1.934515,4.4340615,1.001819,0.19792034,-0.15882497
-8.736442,3.2441432,2.1140802,-0.19058995,-0.039095376,0.047647487
-8.513782,2.408567,3.4572272,-1.0629056,-0.30787608,-0.04642576
-7.8865004,1.5705963,4.9344497,0.15027285,0.13805555,0.14538592
-7.6470804,2.0614076,3.892972,-0.3933972,-0.059864793,0.0036651916
-9.258378,1.376666,3.2369606,-0.002443461,0.07819075,0.05131268
-7.6734166,1.2737153,5.221754,0.38240165,0.015882496,0.1282817
-9.050082,0.9528923,4.343082,-0.09896017,-0.17470746,-0.28955013
-7.9942393,1.8890251,4.4675803,0.5766568,-0.18936823,0.037873644
-8.334216,0.19153613,4.402937,-0.77213365,-0.15271631,-0.17592919
-8.422802,1.115698,4.8243165,-0.72082096,-0.07452556,0.10995574
-8.6095495,-2.4061728,5.5737014,-0.28344148,0.004886922,0.34574974
-8.240842,-3.277662,4.84347,-1.3096951,-0.05497787,0.344528
-7.4004774,0.19153613,4.175488,1.6151277,0.09285152,-0.05375614
-8.583213,-0.5267244,4.939238,-0.3494149,-0.0842994,0.1282817
-8.221688,-0.33997664,4.5777135,-0.48624873,-0.20647246,0.34574974
-8.616732,-0.4357447,4.9655743,-0.66828656,-0.013439035,0.6450737
-6.045359,-3.4284968,7.357382,-0.47525316,0.028099801,0.1160644
-7.884106,-1.5251064,5.770026,-0.1001819,0.13439035,-0.13561209
-8.475474,-3.2441432,6.179435,0.27122417,-0.17715092,-0.19058995
-7.905654,-0.8475474,4.793192,-0.017104227,0.14294247,0.27977628
-8.032547,-1.7286136,5.121197,-0.18325958,-0.034208454,-0.10751228
-7.8793178,-1.6376339,5.533,-0.080634214,0.036651913,0.062308256
-7.4603324,-1.5801731,4.9081135,-0.2003638,-0.08552113,-0.17715092
-8.602366,-1.7405846,5.705383,0.040317107,0.09407325,0.087964594
-8.176199,-0.9888053,4.3646297,-0.008552114,-0.017104227,-0.05131268
-7.9726915,-1.2785037,5.0374002,-0.07941248,0.007330383,-0.017104227
-8.796297,-0.8475474,4.0677485,-0.3640757,-0.0842994,0.29810223
-7.651869,-1.163582,5.281609,-0.90041536,-0.09407325,0.3115413
-8.061277,-2.8203697,5.568913,-0.22602014,0.009773844,-0.087964594
-7.943961,-2.9113493,5.269638,0.8344419,0.10995574,-0.10140363
-7.953538,-2.0566192,5.118803,0.23579398,0.0036651916,-0.089186326
-8.307879,-1.6376339,4.9559975,-0.2284636,-0.12950343,-0.032986723
-8.161834,-2.0949266,5.0038815,-0.096516706,0.021991149,-0.065973446
-8.269572,-1.8339585,4.9440265,0.2565634,0.13561209,-0.2724459
-7.9583263,-1.9847932,5.602432,0.65484756,0.065973446,-0.09407325
-7.395689,-1.1923125,5.2002063,1.4624114,0.052534413,-0.17715092
-9.143456,-1.9440918,3.8881836,0.31642818,-0.052534413,0.02443461
-7.5824366,0.79966336,4.261679,-0.23335053,-0.18570304,0.11484267
-7.860164,0.50278234,4.747702,0.10629055,-0.13561209,-0.087964594
-7.675811,-0.3878607,5.1355624,0.007330383,0.015882496,-0.013439035
-8.614338,-0.2753332,4.5801077,-0.14294247,-0.04520403,-0.06352998
-8.034941,-0.05746084,5.2026005,0.23579398,0.043982297,0.018325957
-8.236053,0.06464344,6.078878,-0.019547688,0.17592919,-0.17959438
-8.53054,-1.2641385,4.6926355,0.6450737,-0.042760566,-0.059864793
-8.02297,-0.44771573,5.470751,-0.18570304,-0.043982297,-0.05375614
-7.8410106,-0.80205756,4.8817773,-0.04520403,0.16737708,0.14782938
-8.135497,0.19871874,4.9416323,0.073303826,-0.018325957,0.06963864
-8.540117,-0.6655881,6.375759,0.13927728,0.004886922,0.037873644
-8.063671,1.1228806,3.8426938,-0.02076942,0.04153884,-0.013439035
-8.559271,0.48362875,5.379771,0.02687807,-0.056199603,-0.065973446
-6.591237,0.8643068,5.0374002,-0.014660766,0.02076942,0.07574729
-8.406042,0.1364695,4.9344497,0.07574729,-0.20525073,-0.25411993
-8.042124,0.5746084,6.191406,0.18203785,0.10751228,0.21868975
-7.6829934,1.99437,3.9264908,0.77579886,-0.015882496,-0.15760323
-8.559271,1.4915876,6.5505357,0.10629055,0.14660765,0.13561209
-8.695741,-0.51475334,3.2728736,0.19425514,-0.07819075,-0.112399206
-7.9846625,1.9488802,6.1938,0.31520647,-0.040317107,0.07574729
-7.8745294,0.79487497,5.5401826,-1.0067059,-0.02687807,-0.021991149
-7.1490865,2.042254,4.7740383,0.36651915,-0.19058995,-0.095294975
-8.626308,0.25617957,5.616797,-0.26145032,-0.062308256,-0.13072516
-7.469909,0.60333884,6.9503675,-0.59498274,0.04520403,0.002443461
-8.240842,-0.61770403,5.619191,-0.61453044,0.035430185,-0.09162979
-7.1586633,0.61530983,6.2225304,0.8881981,0.004886922,-0.17348573
-7.9990277,-0.1412579,4.63278,0.9126327,0.16982053,0.047647487
-8.542512,0.7086837,4.381389,1.2253957,0.28344148,-0.12461651
-7.8912888,0.48123455,5.877765,1.7849482,0.33964106,0.17104226
-9.083601,0.45729253,4.1132383,0.6462954,-0.23701571,-0.21013765
-8.403648,0.30645782,2.7940333,-1.0372492,0.1600467,0.47036624
-8.7053175,0.79248077,5.9280434,0.2919936,-0.112399206,-0.062308256
-8.169016,1.5921441,4.072537,-0.6035349,-0.19792034,-0.10140363
-8.571242,0.19632454,4.795586,-0.23701571,0.0842994,0.15515977
-8.054094,-0.04309563,5.722142,-0.1685988,-0.087964594,-0.04520403
-7.8649526,-0.23942018,5.3486466,-0.95905846,-0.09040806,0.028099801
-8.355764,0.7254431,5.3486466,0.19303341,-0.059864793,-0.17104226
-8.329428,0.08619126,4.8698063,-0.06352998,0.056199603,0.04153884
-8.276755,-0.10055647,4.84347,0.172264,-0.030543262,-0.057421334
-8.101978,0.16280572,5.317522,0.07086037,0.021991149,0.028099801
-7.797915,-0.15801731,6.301539,-0.06963864,-0.06841691,0.017104227
-8.781932,-0.11731588,4.5753193,-0.17470746,-0.13561209,-0.058643065
-7.9966335,-0.016759412,5.3558292,-0.09285152,-0.0036651916,-0.0061086523
-8.611943,0.5554548,5.046977,0.19792034,0.09773844,-0.16371189
-8.255207,-0.05267244,3.502717,-0.34697145,-0.27366763,-0.1685988
-7.8027034,-1.6519991,5.734113,-0.28955013,0.047647487,0.014660766
-8.477868,-1.8579005,5.719748,-0.4642576,-0.20280726,-0.012217305
-8.23366,-2.0853498,5.2361193,0.13316862,0.0720821,-0.065973446
-7.845799,-1.1587936,6.2368956,0.25167647,0.0,0.028099801
-8.257602,-0.9816227,4.594473,0.0012217305,-0.047647487,0.029321533
-7.3765354,-0.5746084,6.093243,0.3848451,-0.12095132,-0.028099801
-8.331821,-1.0654198,4.972757,-0.3494149,0.064751714,0.015882496
-7.776367,-1.0127473,5.109226,0.06963864,0.073303826,-0.017104227
-8.063671,-0.92176765,5.693412,0.39461896,-0.061086524,-0.062308256
-7.9104424,-1.0366893,5.3462524,-0.15149458,0.04886922,0.13316862
-8.152257,-1.043872,5.379771,0.03176499,-0.18325958,0.0061086523
-7.3525934,-1.1061212,6.1626754,-0.10140363,-0.02443461,0.09040806
-7.920019,-1.436521,5.410896,-0.096516706,-0.0036651916,-0.14660765
-7.680599,-0.7206547,5.425261,0.1600467,0.112399206,0.12339478
-8.4108305,-1.055843,5.3486466,0.14660765,-0.10995574,-0.05009095
-7.905654,-1.6112977,6.1985884,-0.26267207,0.105068825,0.20525073
-8.0684595,-1.5849615,4.027047,-0.25534168,-0.23823744,-0.10262536
-7.824251,-0.9648633,5.5856724,-0.040317107,0.3555236,0.118507855
-7.6135616,-1.2306197,4.7668557,-0.5314528,-0.52290064,-0.065973446
-7.860164,-1.5011644,5.2959743,0.21502456,0.39584067,0.035430185
-8.018182,-1.388637,5.827487,0.061086524,-0.37873647,-0.1685988
-7.0605006,-0.47644615,5.121197,0.59986967,0.059864793,0.0061086523
-8.765172,-0.6967127,7.1059904,3.5185838,0.089186326,-1.1533136
-7.1371155,0.8355764,4.098873,2.6535985,0.6743952,0.32620203
-8.793902,2.3535004,2.6120741,0.84788096,0.13072516,-0.009773844
-8.307879,4.426879,2.291251,0.32498032,0.14905111,-0.17715092
-8.736442,2.0685902,3.1842883,-0.63163465,-0.24312437,-0.103847094
-8.396465,4.1802764,3.3087866,-0.657291,-0.07574729,-0.12095132
-8.911219,2.693477,2.896984,0.44104472,-0.018325957,-0.16493362
-8.508993,2.2744915,3.526659,-0.23579398,-0.059864793,-0.080634214
-8.825027,2.3056161,2.779668,-0.09773844,0.10629055,-0.16493362
-8.798691,3.4596214,3.4524388,0.5815437,0.061086524,-0.05009095
-8.734048,2.4971523,2.908955,-0.28221974,0.012217305,0.13927728
-8.556877,3.4620156,3.2369606,0.18203785,-0.21624629,-0.09040806
-9.0476885,2.6048915,2.360683,0.6585127,0.19425514,0.15760323
-8.554482,2.3295584,2.8179753,-0.47158796,0.07819075,0.15515977
-8.159439,2.8443117,3.4811692,-0.6621779,-0.14294247,0.21502456
-8.918402,1.9800048,3.6008794,-0.061086524,0.0842994,-0.042760566
-8.255207,3.3494883,3.3255463,-0.15271631,0.16737708,0.31520647
-7.728483,3.3255463,4.9224787,0.06841691,-0.11362094,0.03176499
-8.310274,2.1092918,2.693477,-0.12950343,0.0012217305,-0.16493362
-8.14268,3.4572272,4.0677485,-0.010995574,0.21746802,0.16982053
-8.3821,2.7964275,3.3758245,0.22357668,-0.096516706,-0.14049901
-9.153033,2.542642,2.5187001,-0.25167647,0.2761111,0.11728613
-8.7532015,2.930503,4.2640734,0.89552844,-0.22357668,-0.21991149
-8.724471,2.896984,2.645593,-0.19792034,0.13805555,0.06963864
-7.726089,4.1371803,3.691859,0.7098254,-0.047647487,-0.1001819
-8.918402,2.9281087,2.753332,0.38606682,0.0,-0.11484267
-8.564059,3.0669725,3.0358477,-0.14294247,-0.095294975,-0.05131268
-8.913613,3.6750996,2.815581,0.40439278,-0.009773844,-0.105068825
-7.6231384,3.7660792,2.956839,-0.26389378,0.1160644,0.112399206
-8.913613,1.9512744,1.9919758,-0.31031954,0.010995574,-0.16615535
-9.279925,2.707842,3.1531637,0.08674286,-0.056199603,0.059864793
-8.135497,3.6966474,3.2393548,-0.19425514,-0.073303826,0.06963864
-8.669404,2.542642,3.1387985,-0.38606682,-0.015882496,-0.087964594
-9.150639,4.4699745,3.6391866,0.19425514,0.06719518,0.14660765
-8.552089,4.285621,3.727772,-0.007330383,-0.07574729,0.15027285
-6.945579,4.3263226,4.795586,-0.6450737,-0.32620203,0.07941248
-7.297527,2.5091233,6.0477533,1.0641272,-0.07452556,0.062308256
-8.599973,1.6400281,4.6926355,-1.282817,0.25411993,0.037873644
-7.4124484,2.1930888,4.3526587,-0.25289822,-0.21502456,0.172264
-7.9272017,3.5434184,5.41329,-0.15760323,-0.06719518,0.013439035
-8.238448,-0.44771573,3.9312792,-0.81489426,-0.065973446,0.04153884
-7.52737,0.89303726,6.3589997,-0.13316862,0.064751714,0.13439035
-7.3190746,1.436521,5.403713,-1.073901,-0.09407325,-0.04886922
-7.204153,2.327164,5.911284,0.56077427,-0.039095376,-0.0036651916
-7.9846625,-0.45010993,6.622362,0.6084218,0.25167647,-0.0842994
-7.4124484,2.0350714,6.9144545,-0.12095132,-0.073303826,-0.035430185
-8.446744,2.8419175,3.5865142,0.16982053,-0.036651913,-0.21013765
-8.358158,1.6089035,5.4085016,-0.09896017,0.14538592,0.112399206
-8.918402,-0.06464344,4.7429137,-0.5497787,0.10262536,0.019547688
-9.009381,2.9879637,5.3199162,1.4172074,0.080634214,-0.081855945
-7.81228,2.3127987,4.271256,-0.27122417,0.15760323,0.35308012
-8.257602,1.4891934,4.8003745,0.61208695,-0.081855945,-0.18570304
-9.23683,3.2609026,4.2425256,-0.71593404,0.043982297,0.07819075
-6.6367273,3.9240966,4.900931,0.08674286,0.11484267,0.09773844
-9.095572,1.6328455,4.5992613,0.9456194,0.007330383,-0.15515977
-7.690176,2.657564,4.333505,-0.14538592,0.1441642,0.3726278
-7.654263,1.7310078,5.2265425,0.204029,-0.065973446,-0.16737708
-8.516175,3.7612908,4.5657425,-0.10751228,0.1441642,0.23457226
-7.735666,2.1428106,4.096479,0.96883225,0.1685988,0.07574729
-8.619126,4.537012,2.2146366,1.1203269,0.034208454,0.29443705
-7.455544,5.9424086,3.3183637,-0.06719518,-0.010995574,0.087964594
-8.322245,3.083732,3.5410242,-0.07819075,0.06963864,0.009773844
-7.4483614,5.1642933,2.920926,-0.73548174,0.04642576,0.12339478
-8.918402,3.5577838,2.7940333,-0.36285394,-0.07086037,-0.17104226
-7.6231384,4.8243165,3.6750996,-0.12339478,0.17837265,0.12950343
-8.147469,4.525041,3.0550013,0.012217305,-0.08674286,-0.04153884
-7.699753,4.9296613,2.8993783,-0.7611381,0.13194689,0.032986723
-6.861782,4.1946416,3.1651347,0.23335053,-0.105068825,-0.1685988
-9.076419,3.0095115,2.4636335,-0.37751472,-0.112399206,-0.58276546
-9.124303,0.6631939,4.0054994,-3.602883,0.02443461,-0.30298916
-9.562442,-1.4341269,4.4125137,-1.8545868,-0.25045475,-0.14538592
-7.017405,-2.2242134,7.132327,-1.3353515,0.036651913,0.18936823
-8.243237,-1.340753,3.6008794,2.4678955,-0.112399206,-0.04153884
-8.288726,-1.484405,4.960786,1.7580702,-0.13683382,0.47158796
-7.0245876,1.283292,5.2528787,0.9993755,0.095294975,0.22968534
-9.981427,-0.7278373,3.9240966,0.42394048,0.03176499,-0.059864793
-7.117962,0.62967503,6.481104,1.4391985,-0.018325957,0.062308256
-8.317456,2.2242134,3.9432502,0.080634214,0.2443461,0.172264
-9.437943,1.4532804,4.3143516,-0.3286455,-0.22968534,-0.453262
-7.141904,0.25139117,5.303157,0.5693264,0.25411993,0.60231316
-9.428367,0.33279404,4.5154643,0.38728857,-0.2003638,-0.6035349
-7.1610575,-0.21787235,4.537012,-0.42149702,0.20891592,0.50701815
-9.483433,0.59136784,5.0876784,0.54000485,-0.25045475,-0.59131753
-7.3071036,3.5122938,3.2632968,0.4251622,0.17959438,0.4728097
-8.829816,0.39743748,4.936844,0.062308256,-0.002443461,-0.39095375
-7.5680714,2.6120741,4.283227,0.72204274,-0.10995574,0.453262
-8.851364,2.1763294,3.6727054,-0.21991149,0.036651913,-0.009773844
-8.652645,1.982399,5.475539,0.18936823,0.1282817,-0.004886922
-7.764396,3.86903,3.775656,0.31031954,0.13561209,0.24556783
-9.196129,1.2545617,3.9312792,-1.1239921,-0.02687807,-0.19181168
-7.40766,2.6264393,4.9176903,0.12950343,0.13072516,0.30298916
-8.066066,3.5362358,4.546589,-0.31031954,-0.25411993,-0.38606682
-8.264784,2.4899697,5.159505,0.27366763,0.1160644,0.38240165
-7.015011,2.7844565,3.4835634,0.48991394,-0.14660765,-0.15027285
-9.153033,1.7597382,5.887342,0.36163223,0.23701571,0.04886922
-7.311892,3.217807,2.681506,-0.33841935,-0.28955013,-0.20647246
-8.511387,2.0949266,5.2624555,-0.10629055,0.2724459,0.19181168
-7.477092,1.8052281,4.7189717,-0.037873644,-0.3652974,-0.41172317
-8.130709,1.8794483,4.146757,-0.82344633,0.23701571,0.13805555
-8.202535,2.0733786,4.6471453,0.5009095,-0.10995574,-0.22113322
-8.92319,0.11492168,4.122815,0.204029,-0.019547688,-0.25900686
-7.117962,3.8666358,4.462792,2.1697934,-0.4373795,0.019547688
-8.6095495,1.436521,5.705383,-0.90285885,-0.21135938,0.2602286
-8.674192,0.15562311,4.9296613,-1.3500122,-0.02076942,0.02687807
-8.14268,1.8315643,4.5801077,1.174083,-0.12950343,0.14660765
-6.6606693,5.1523223,4.3406878,1.5027285,-0.2443461,0.081855945
-7.28795,3.3638535,4.426879,-1.3707817,-0.019547688,-0.017104227
-7.431602,4.2664676,4.050989,1.0958922,-0.061086524,0.04520403
-7.678205,5.303157,4.201824,0.21746802,-0.014660766,0.10629055
-7.965509,3.9959226,4.402937,0.38728857,0.007330383,-0.12583824
-7.5680714,3.9576154,4.1683054,0.49113566,0.111177474,0.18325958
-6.3685765,4.7285485,4.6136265,0.28099802,0.0842994,0.06963864
-7.539341,4.879383,3.9025488,0.35918877,-0.018325957,0.073303826
-6.4188547,4.7022123,5.0757074,0.08674286,0.04153884,0.037873644
-7.345411,4.8267107,3.7948096,0.4447099,0.06841691,0.043982297
-6.5265937,2.9352913,3.5817258,-0.5571091,-0.07452556,0.10751228
-8.267179,4.039018,3.9384618,1.2156218,-0.11362094,-0.043982297
-6.787562,4.144363,4.2305546,-0.25167647,0.09773844,0.059864793
-7.6853876,3.8474822,4.003105,-0.9822713,-0.22968534,-0.25778514
-8.049306,3.478775,3.2273839,-0.22113322,-0.07086037,-0.12705997
-7.141904,2.8538885,5.872977,0.3200934,-0.16493362,-0.105068825
-7.1634517,4.4843397,4.620809,0.12583824,-0.0036651916,0.059864793
-7.1514807,2.3750482,4.465186,-0.09162979,-0.081855945,0.0012217305
-6.6965823,4.6112323,5.398925,1.1838568,0.02076942,0.0
-8.037335,3.2848446,4.4101195,0.017104227,0.03176499,-0.0842994
-7.28795,4.1060557,4.3047748,-0.44226643,0.09040806,0.20647246
-7.8745294,3.7732618,5.3199162,0.56077427,-0.062308256,-0.2125811
-7.517793,3.1387985,4.644751,0.15882497,0.03176499,0.09896017
-7.1347213,4.4580035,5.00867,-0.2443461,0.007330383,-0.019547688
-7.055712,3.1531637,4.9440265,0.21135938,0.081855945,0.11362094
-7.237672,2.813187,5.841852,0.21135938,0.047647487,-0.09285152
-8.259995,4.120421,4.1060557,0.35063666,0.1685988,0.16615535
-7.074866,3.5913026,6.0262055,1.2730432,-0.065973446,0.111177474
-8.133103,5.1379566,2.731784,1.1838568,0.13316862,0.36651915
-6.169858,5.6120086,2.3295584,-1.5650368,-0.27855456,-0.47891834
-7.704541,1.8291701,6.4739213,-0.40683624,-0.07574729,-0.30298916
-7.5704656,4.0342298,5.2480903,-0.17104226,0.11484267,-0.042760566
-7.393295,1.5945383,5.6407394,-0.32742378,0.04886922,0.05497787
-7.2185183,1.1875241,6.777985,0.112399206,0.08552113,-0.065973446
-7.57286,1.4820108,4.9296613,0.0036651916,-0.13194689,-0.15882497
-8.061277,0.4261679,5.4803276,0.36163223,0.042760566,0.06841691