-3.4045548,-7.053318,5.7724204,0.047647487,0.042760566,0.0061086523
-3.229778,-7.2687964,5.911284,0.0012217305,-0.007330383,-0.010995574
-3.3542767,-5.9424086,5.427655,0.88697636,-0.010995574,0.267559
-3.8163576,-5.5976434,5.9160724,0.13561209,0.45204028,-0.3555236
-4.220978,-5.7508726,5.8562174,-0.26511553,0.19792034,0.8063421
-4.7620673,-5.9687448,6.409278,1.3377949,0.2003638,-0.07941248
-4.5082817,-5.2241483,6.682217,-0.22968534,0.54611355,0.09773844
-5.741296,-5.3941364,5.8705826,-0.15393804,0.056199603,0.8539896
-5.631162,-2.9496565,6.045359,1.7214183,0.24190263,-0.43249258
-5.645528,-2.8083985,6.4260373,0.77579886,0.5338962,-0.49968776
-5.729325,-2.7581203,6.373365,-1.0677924,-0.17715092,0.8393288
-6.277597,-4.0318356,5.595249,0.9334021,-0.20647246,-0.2406809
-5.9639564,-3.4979286,6.4619503,0.32498032,0.39095375,-0.47647488
-6.9000893,-3.86903,6.208165,-1.3671165,-0.36774087,0.67073005
-5.9400144,-3.3973722,5.779603,1.6444492,-0.10140363,-0.5546656
-6.090849,-3.3135753,6.8067155,1.065349,0.25411993,-0.2968805
-6.766014,-3.4859576,6.619968,0.44959682,0.24801129,-0.31887165
-5.1906295,-1.6232687,5.303157,-0.48991394,-0.16493362,0.3885103
-6.3302693,-4.1706996,7.1131735,0.02076942,-0.06352998,-0.22479841
-7.4004774,-4.6926355,5.884948,-0.77457714,0.096516706,0.4288274
-6.066907,-3.9432502,6.3709707,0.70616025,0.017104227,-0.21013765
-6.2704144,-3.5817258,7.3190746,0.4654793,0.004886922,-0.22968534
-6.2823853,-2.8443117,6.7085533,-0.13072516,-0.16371189,0.88086766
-5.521029,-3.371036,7.7907324,0.657291,-1.0519099,-0.39828414
-4.9943047,-3.0071173,7.469909,0.1001819,-0.09773844,0.06719518
-4.4939165,-1.1923125,7.5441294,0.004886922,-0.002443461,0.17348573
-5.2002063,-0.8571242,6.7324953,1.8875736,0.15882497,-0.18203785
-5.7484784,-1.7549498,7.443573,-0.07819075,0.29932398,-0.41172317
-5.681441,-0.2777274,7.2065473,-0.28344148,0.065973446,0.408058
-5.4204726,-0.34955344,7.338228,1.1215485,-0.009773844,-0.22113322
-5.628768,-1.2689269,7.668628,0.21868975,0.043982297,-0.5546656
-5.0900726,-2.9137435,7.5441294,-0.5742133,0.052534413,0.6169739
-5.6527104,-0.8619126,6.9144545,0.73426,-0.2773328,-0.4569272
-5.5497594,-2.2385786,7.7787614,-0.7171558,-0.06963864,-0.27000242
-5.1355624,-2.4995465,7.529764,-0.46914452,-0.09285152,0.50701815
-4.8937483,-2.9233203,8.590396,0.95417154,-0.48502702,-0.4801401
-6.157887,-2.384625,7.103596,-0.2284636,0.24923302,-0.0842994
-5.602432,-1.9249382,7.2233067,-0.28710666,0.14905111,0.61086524
-5.45878,-1.1468226,8.259995,0.4447099,-0.38728857,-0.24923302
-6.4739213,-2.1619642,7.165846,-0.4642576,0.39461896,-0.087964594
-5.427655,-1.3503298,7.16824,-0.53023106,-0.095294975,0.11362094
-5.494693,-0.12449849,8.523358,0.9236283,0.11484267,-0.45448375
-7.216124,-3.9217024,7.0365586,-1.7201965,-0.040317107,0.5326745
-5.803545,-2.6623523,6.6774287,0.21746802,-0.019547688,0.12095132
-5.6527104,-0.20829555,7.785944,1.2767084,0.21013765,-0.50701815
-7.038953,-3.1555579,7.467515,-1.3658947,0.07086037,0.6805039
-5.446809,-1.7788919,6.907272,0.2724459,-0.10629055,0.0012217305
-5.659893,-1.8219875,7.441179,1.1972959,0.1600467,-0.5290093
-7.4723034,-3.1986535,6.7253127,-1.5296066,0.061086524,0.49357912
-5.6886234,-3.0358477,6.9527617,0.2565634,0.04153884,-0.06719518
-6.1100025,-0.37588966,7.417237,0.9431759,0.0061086523,-0.61819565
-6.375759,-2.0757728,6.619968,-1.1484267,0.105068825,0.73792523
-6.421249,-2.6431987,6.361394,-0.26267207,0.04153884,0.36041048
-6.6247563,-2.813187,7.9822683,0.61208695,0.12217305,-0.43004912
-7.7213006,-3.4165258,6.327875,-1.2742649,0.118507855,0.43982297
-6.2488666,-2.1643584,6.483498,0.25534168,-0.058643065,0.064751714
-7.1083846,-0.9816227,6.8905125,1.1166617,0.2602286,-0.4605924
-7.8266454,-3.0382419,5.8466406,-1.5088371,0.05375614,0.68416905
-6.435614,-1.7118542,6.4427967,1.2180653,0.08552113,-0.18203785
-5.9041014,-2.1452048,7.347805,-0.065973446,-0.18448131,-0.6010914
-6.349423,-2.2050598,6.3182983,-0.453262,0.26267207,0.55833083
-6.2991447,-2.825158,7.4866686,1.4795157,0.16371189,-0.50823987
-6.4739213,-3.071761,7.0245876,0.5045747,0.21624629,-0.42638394
-6.167464,-1.4341269,6.385336,-0.766025,0.13194689,0.34574974
-7.2687964,-3.383007,6.5098343,0.95417154,-0.07696902,-0.38606682
-6.8306575,-2.5091233,6.50744,0.29932398,0.021991149,-0.31398472
-6.813898,-2.908955,5.566519,-0.9810496,0.07819075,0.75747293
-7.067683,-3.2632968,7.216124,0.52778757,-0.36896262,-0.3848451
-7.457938,-4.1611223,6.5026517,-1.3426818,-0.015882496,0.48380527
-6.5337763,-3.70383,6.2129536,-0.95539325,-0.12950343,0.18448131
-7.1730285,-3.1747115,5.6910176,0.6047566,-0.089186326,-0.014660766
-6.6750345,-2.4516625,6.136339,1.102001,0.27122417,-0.312763
-8.137892,-4.5058875,6.6726403,-2.0195205,-0.089186326,0.7965683
-6.6056023,-2.303222,5.494693,-0.39461896,-0.11362094,0.20525073
-6.739678,-2.920926,6.2943563,0.86009824,-0.15760323,-0.43004912
-6.3949127,-3.323152,6.591237,0.05497787,0.2406809,-0.20769419
-7.5321584,0.7422025,5.8466406,0.65118235,-0.029321533,0.5852089
-7.0341644,-4.0222588,6.7229185,-0.05497787,-0.20647246,-0.29077184
-6.9120603,-7.565677,6.76362,-1.0763446,0.04642576,0.1160644
-6.7133417,-4.8937483,5.877765,-0.29077184,0.14660765,0.23457226
-7.055712,-1.7717092,5.7724204,0.89919364,-0.09040806,-0.52656585
-7.350199,-8.441956,7.869741,-0.09285152,-0.3042109,-0.37995818
-6.3422403,-4.259285,5.913678,-0.10873401,-0.19547687,0.19303341
-7.2185183,-2.3894134,5.8586116,-0.02443461,-0.0720821,-0.0061086523
-6.847417,-4.594473,6.021417,-0.7855727,-0.267559,-0.6817256
-6.4882865,-1.8626889,4.0653543,0.41050145,0.2284636,0.47525316
-5.4659624,-4.1802764,6.847417,0.087964594,-0.5143485,-1.0067059
-9.909601,-5.849035,9.32781,2.3017402,-0.028099801,0.51923543
-3.9671922,1.7070658,4.8267107,1.9498819,0.267559,0.9639453
-7.261614,1.9895816,6.009446,-0.88086766,-0.1441642,0.4007276
-5.0757074,0.58657944,7.9750857,-0.37751472,-0.21502456,-0.44593164
-6.0621185,2.3056161,7.297527,-0.0036651916,0.06841691,0.35796702
-6.131551,-1.4077905,7.539341,-1.4159856,0.059864793,0.20647246
-7.2783732,-0.61530983,7.4866686,0.56199604,0.1160644,-0.5876524
-7.16824,-2.5498247,6.0980315,-1.65911,-0.06352998,0.061086524
-4.867412,-2.834735,7.141904,-1.6737708,-0.28955013,-0.057421334
-6.157887,-5.6407394,6.9288197,-0.059864793,0.4129449,-0.50335294
-5.2409077,-1.5179238,6.7684083,-0.28221974,-0.26267207,0.1600467
-5.4324436,-3.9384618,6.3901243,-0.5290093,0.042760566,-0.24801129
-5.554548,-7.204153,6.435614,1.3072516,0.51923543,-0.49235737
-5.8562174,-4.280833,6.14831,0.096516706,-0.18692477,0.15027285
-5.085284,-4.3119574,5.825093,-0.24312437,0.019547688,-0.10629055
-8.066066,-5.554548,6.6391215,-0.36041048,0.0036651916,0.1001819
-5.647922,-5.5641246,5.2409077,-0.68783426,-0.2919936,0.061086524
-4.3239284,-6.3709707,5.4420204,0.105068825,-0.18570304,0.10629055
-7.908048,-7.615956,5.8562174,-0.14294247,0.04153884,0.63285637
-6.0285997,-1.8052281,5.011064,-0.12339478,-0.16371189,-0.073303826
-6.227319,-7.0581064,4.807557,-0.96883225,-0.40317106,-0.06841691
-4.5801077,-5.791574,5.509058,1.6713274,0.7281514,-0.28221974
-8.085219,-5.281609,6.5385647,-0.6426302,-0.037873644,0.3371976
-4.39336,-3.5051112,4.7022123,0.13072516,-0.035430185,0.19792034
-5.877765,-4.134786,6.6247563,0.70616025,0.096516706,-0.6096435
-6.0118403,-5.5617304,6.114791,-0.88697636,-0.12583824,0.66950834
-5.386954,-2.3511062,6.4044895,1.2669345,0.039095376,-0.036651913
-9.105149,-7.5465236,5.080496,0.10995574,-0.008552114,-0.5558874
-3.6774938,-6.131551,5.437232,0.29932398,0.10873401,0.021991149
-4.7429137,-3.7948096,5.813122,-0.019547688,-0.12095132,0.035430185
-5.509058,-4.72376,5.7867856,-0.2932153,-0.09162979,-0.44593164
-8.463503,-8.406042,4.7884035,-0.039095376,0.30665436,-0.03176499
-4.6160207,-5.923255,5.379771,0.79901177,0.2003638,0.14782938
-7.7667904,-5.3223104,4.817134,-0.8246681,-0.015882496,0.03176499
-4.781221,-5.473145,5.149928,0.10873401,-0.09285152,-0.376293
-6.399701,-6.042965,5.133168,0.19303341,0.11728613,-0.50701815
-4.1419687,-5.542577,4.5633483,0.3005457,-0.11362094,0.9969321
-6.5002575,-4.9105077,5.389348,0.4642576,-0.0842994,0.08307768
-6.612785,-3.311181,6.1985884,0.9224065,0.039095376,-0.24801129
-6.3302693,-5.4180784,4.687847,-0.27000242,-0.105068825,-0.5510005
-6.1866174,-6.55293,4.307169,0.25045475,0.1160644,0.63163465
-6.5241995,-5.3462524,5.0134583,0.21991149,0.065973446,0.07574729
-5.8634,-3.6224272,5.29358,0.4972443,0.15027285,-0.64873886
-7.264008,-5.9543796,4.9296613,-0.50579643,0.267559,0.52778757
-5.547365,-5.379771,4.685453,0.6585127,0.015882496,-0.1600467
-6.5720835,-4.197036,6.1938,0.018325957,-0.20647246,-0.19792034
-7.3645644,-5.149928,5.1810527,-0.43493605,-0.10751228,0.061086524
-5.3821654,-5.45878,5.3582234,0.6658431,0.039095376,0.3200934
-5.781997,-5.3247046,6.1387334,0.07574729,-0.014660766,-0.50701815
-7.309498,-5.932832,5.3318872,-0.6939429,0.02443461,0.5045747
-6.0238113,-4.9799395,5.046977,0.17837265,0.059864793,0.27855456
-5.8801594,-4.984728,6.5936313,0.3200934,-0.10995574,-0.41416663
-7.1754227,-5.233725,5.650316,-0.111177474,0.112399206,0.50335294
-6.277597,-4.4460325,5.604826,-0.002443461,-0.057421334,0.23701571
-6.14831,-5.3342814,6.1004257,-0.71837753,-0.22113322,-0.3359759
-7.4483614,-6.7324953,4.1922474,-0.28099802,-0.036651913,-0.15882497
-4.6710877,-4.537012,5.2265425,0.030543262,0.05375614,0.32620203
-5.9543796,-5.451597,5.4803276,-0.042760566,-0.02443461,-0.31520647
-7.055712,-5.518635,4.855441,-0.0036651916,0.1160644,0.4129449
-5.693412,-5.875371,4.7740383,0.13194689,0.028099801,0.013439035
-5.140351,-3.976769,5.9280434,1.6114625,0.0720821,-0.44226643
-6.2728086,-5.719748,5.602432,-0.061086524,0.010995574,0.5119051
-5.8586116,-5.2959743,5.5641246,0.010995574,0.052534413,0.2932153
-5.1906295,-6.4619503,5.695806,-0.3885103,-0.0061086523,-0.5497787
-6.5098343,-5.4539914,5.7125654,0.31887165,0.009773844,0.47158796
-5.707777,-5.0158525,5.5162406,-0.14905111,0.02076942,0.06841691
-5.482722,-6.7971387,5.755661,-0.9053023,0.04642576,-0.53023106
-6.31351,-4.5513773,5.1235914,0.88086766,0.06352998,0.50335294
-5.851429,-5.3582234,5.485116,0.21135938,-0.009773844,0.15760323
-5.4899044,-5.506664,5.391742,-0.2883284,-0.20280726,-0.41050145
-7.429208,-7.4028716,4.4843397,0.5314528,0.21991149,0.07941248
-5.4061074,-4.771644,5.1259856,-0.13316862,-0.04642576,0.34574974
-5.2409077,-5.851429,5.0900726,0.13316862,0.013439035,-0.15760323
-7.3047094,-6.897695,4.4220905,0.8173377,0.14905111,0.19425514
-5.659893,-5.353435,5.0397944,0.1001819,-0.009773844,0.112399206
-6.555324,-5.8083334,5.985504,-0.45204028,-0.23945917,-0.12583824
-9.330204,-6.232107,4.572925,0.38728857,0.39584067,0.07941248
-4.644751,-5.482722,5.9280434,-0.3213151,-0.09285152,0.49602258
-6.9886746,-5.9519854,5.4420204,-0.54611355,0.012217305,-0.35430184
-6.289568,-5.0182467,5.5162406,0.64873886,0.06352998,-0.23457226
-4.4580035,-4.936844,7.2783732,-0.26145032,-0.13805555,0.50823987
-5.3007627,-4.6279917,5.837064,0.014660766,-0.40317106,-0.13439035
-8.403648,-5.619191,4.6160207,0.8173377,0.05375614,-0.05497787
-4.948815,-7.0245876,5.2983685,-0.1563815,0.13927728,0.22479841
-5.6670756,-3.502717,6.1100025,-0.23457226,0.013439035,-0.096516706
-5.9687448,-4.9703627,5.707777,-0.015882496,-0.12095132,-0.22968534
-3.892972,-3.6152446,6.8545995,-0.35185838,0.07819075,0.4361578
-5.6000376,-6.775591,6.0477533,-0.57787853,-0.10751228,-0.20525073
-7.1873937,-5.035006,5.473145,0.9285152,-0.080634214,0.12705997
-5.4683566,-5.482722,5.8442464,0.09407325,0.25167647,0.204029
-5.6910176,-3.6990416,5.4444146,-0.5546656,-0.03176499,-0.36774087
-8.449138,-2.7724855,1.5777789,0.8784242,-0.087964594,-1.2583824
-5.33907,-6.667852,9.279925,0.38728857,0.98837996,1.577254
-6.019023,-3.8953662,6.9743094,0.6010914,0.034208454,-0.08674286
-6.5960255,-2.6192567,6.5361705,0.6719518,-0.18325958,-0.6658431
-6.95755,-6.5960255,6.3302693,-2.806315,0.12705997,0.8979719
-5.9567738,-3.3806129,4.9679685,0.408058,-0.18936823,-0.5314528
-6.0022635,-4.036624,7.1155677,1.7116444,0.017104227,-0.6377433
-6.373365,-4.8626237,10.6158905,-2.5766296,-0.22113322,0.95294976
-5.770026,-4.4244847,6.136339,-0.31887165,-0.07819075,0.1685988
-6.2704144,-4.3287168,8.832211,0.68661255,0.018325957,-0.118507855
-6.045359,-2.6120741,6.2967505,0.86009824,0.22602014,-0.42638394
-6.993463,-4.8578353,5.765238,-1.3329079,0.111177474,0.22357668
-6.054936,-2.7485435,6.5026517,0.13805555,-0.41416663,-0.2846632
-6.157887,-3.4979286,7.302315,0.25411993,-0.02076942,-0.43982297
-5.971139,-0.58897364,5.777209,0.21380283,0.23579398,0.8686504
-6.634333,-2.4827871,7.350199,0.9981538,-0.059864793,-0.39950588
-7.33344,-6.1650696,8.034941,-2.1649065,0.13561209,0.79168135
-6.2704144,-4.0892963,5.865794,0.13439035,0.29443705,0.40194935
-7.2065473,-3.4356794,6.631939,0.6609562,0.13805555,-0.4251622
-7.410054,-4.7141833,6.43322,-1.3121386,0.062308256,0.9138544
-6.5122285,-3.5434184,5.973533,0.643852,0.38728857,0.13561209
-7.3310456,-2.645593,6.423643,0.089186326,-0.19914207,-0.5510005
-7.015011,-3.940856,5.3438582,0.16615535,0.22968534,0.7171558
-7.264008,-2.3750482,5.2504845,-0.20647246,0.028099801,0.12705997
-7.78355,-0.50757074,4.6112323,-0.172264,0.035430185,-0.10262536
-6.835446,-1.8124107,4.630386,1.0238101,-0.13072516,-1.0238101
-7.5584946,-3.3854012,4.5082817,-0.44104472,0.44593164,0.6462954
-6.9743094,-4.7524905,5.121197,-0.059864793,-0.14172074,0.12095132
-6.2847795,-1.0510546,5.305551,0.47158796,-0.10629055,-1.0458013
-9.31105,-6.6630635,7.6614456,0.8918633,0.267559,0.37873647
-3.6415808,-0.82599956,6.895301,1.5100589,-1.1374311,1.6896533
-4.6279917,-0.50517654,7.4723034,0.49602258,-0.42638394,-0.02321288
-5.7005944,-1.0654198,7.66384,-0.7330383,-0.10140363,-0.20158553
-3.5218706,-0.59376204,8.286332,-1.5882497,-0.09040806,-0.23701571
-6.3589997,-2.3391352,8.037335,0.22479841,-0.1441642,0.02321288
-3.9240966,-2.815581,8.415619,0.07941248,0.02565634,-0.008552114
-5.2983685,-3.7110126,8.597578,-1.1594223,-0.20769419,-0.1881465
-3.8379054,-3.9815574,7.728483,-0.8979719,0.062308256,-0.47158796
-4.285621,-5.391742,6.8665705,-0.36774087,0.0061086523,-0.13927728
-6.136339,-4.757279,5.616797,-0.8906415,0.30543262,-0.18936823
-3.9624038,-2.4349031,8.42759,3.6835175,0.25289822,-0.48258355
-5.133168,-7.086837,10.496181,-4.5802674,-0.6560693,0.18570304
-4.2760444,-5.619191,7.465121,-0.056199603,-0.21013765,0.7831292
-5.568913,-1.3120226,8.307879,2.0598376,0.14172074,0.014660766
-6.6965823,-2.3582888,9.524135,-0.2883284,-0.26267207,-0.51923543
-4.855441,-1.8315643,8.073248,-0.73548174,0.172264,0.8698721
-5.556942,-3.2225955,8.212111,0.7489208,0.2883284,-0.1881465
-7.1730285,-2.0853498,8.049306,-0.32620203,0.09896017,-0.37873647
-5.595249,-0.016759412,8.056489,-1.3548992,-0.27488935,-0.28588495
-4.3766007,-6.967127,6.4858923,-0.32620203,0.09040806,0.3200934
-4.3598413,-3.8355112,7.6614456,1.7592919,0.43004912,-0.31520647
-5.9663506,-3.406949,7.3310456,-1.4795157,-0.1563815,0.14294247
-5.3845596,-4.1706996,7.2831616,-1.8826867,-0.02076942,-0.27855456
-5.439626,-4.31914,6.555324,0.16126843,-0.004886922,0.38973203
-6.8761473,-4.414908,6.136339,0.41783184,0.012217305,-0.40317106
-5.1523223,-5.4061074,5.279215,0.19547687,0.37507126,-0.3115413
-3.241749,-3.7253778,6.835446,-0.5705481,-0.3555236,0.02565634
-6.411672,-5.17387,6.2584434,0.07819075,0.172264,-0.41538838
-5.6766524,-3.3063924,5.094861,0.90041536,-0.1966986,0.5412266
-5.2863975,-7.038953,6.3470287,1.59558,0.20769419,-0.21380283
-5.221754,-2.8083985,7.369353,0.41538838,0.087964594,-0.5412266
-5.41329,-3.6655228,6.3326635,0.18936823,-0.13927728,0.44226643
-5.3247046,-1.6089035,6.2392898,3.4709363,0.46914452,-0.13927728
-5.1642933,-1.4077905,7.917625,0.39095375,-0.042760566,-0.49235737
-5.0014873,-4.5681367,8.013393,-1.863139,-0.2761111,0.77946407
-5.9064956,-1.8124107,8.070854,1.6249015,0.05375614,-0.516792
-5.580884,-1.8435353,7.40766,-0.41783184,0.13683382,-0.15515977
-5.7269306,-2.9616275,7.3669586,0.21991149,-0.111177474,-0.0061086523
-5.7843914,-1.4915876,7.9942393,0.9761627,0.13316862,-0.19914207
-6.0980315,-2.6791117,6.8905125,-1.423316,-0.1563815,0.25045475
-5.2145715,-2.4636335,7.2568254,-0.058643065,-0.1441642,-0.112399206
-4.7261543,0.1388637,7.216124,1.4660766,0.14782938,-0.10751228
-4.9895163,0.02873042,7.5561004,0.93218035,0.17715092,-0.27000242
-7.062895,0.4381389,7.457938,-1.2217305,-0.1966986,0.5510005
-5.070919,-1.5634137,8.1402855,0.021991149,-0.41905355,0.16615535
-5.4683566,0.038307227,8.468291,0.89675015,-0.002443461,0.035430185
-7.7308774,0.58897364,6.5936313,-0.9492846,-0.08307768,0.3042109
-5.758055,-1.8483237,8.719683,-0.53878313,-0.05131268,0.14049901
-3.9025488,-3.3494883,7.2472486,-0.007330383,-0.46181414,-0.007330383
-4.8602295,2.3918076,5.439626,1.2815952,0.14049901,-1.2168436
-4.6112323,-5.674258,12.320562,-0.44348818,0.48380527,0.17104226
-5.1786585,-5.149928,7.4004774,-0.042760566,0.5558874,0.3323107
-6.1938,-5.767632,5.5760956,-1.5711454,-0.3200934,0.31398472
-5.2026005,-11.743559,8.664616,-2.506991,-0.21380283,0.7086037
-6.435614,-4.661511,6.9168487,-0.51068336,-0.036651913,-0.43249258
-5.777209,-2.3918076,7.2951326,0.2443461,-0.014660766,0.5571091
-5.401319,-3.8426938,7.4244194,0.007330383,0.14782938,0.4447099
-4.951209,-2.44448,6.7708025,1.0421361,0.27122417,-0.5717699
-5.6551046,-4.280833,6.6893997,-0.6365216,-0.0012217305,-0.15760323
-5.1762643,-6.8450227,6.009446,-1.0225884,-0.23945917,0.7489208
-7.00304,-6.7013707,8.408437,1.4025466,-0.02076942,-0.95905846
-5.7005944,-4.5872903,6.421249,-0.112399206,-0.002443461,1.0482447
-5.6527104,-3.9312792,6.8905125,-0.6206391,-0.081855945,0.13561209
-6.0525417,-8.418014,7.848193,0.6597345,0.0061086523,-0.60231316
-5.7843914,-5.98311,5.9998693,-1.0629056,-0.10140363,0.96761054
-5.985504,-6.8665705,6.4188547,0.43982297,-0.25900686,-0.1001819
-5.0996494,-5.6215854,8.631097,0.87598073,0.3885103,-0.84665924
-5.422867,-5.995081,7.2304893,-1.5296066,-0.080634214,0.9077458
-5.853823,-5.1810527,7.3166804,0.009773844,-0.23823744,-0.17837265
-6.289568,-7.5968018,7.716512,-0.52778757,0.035430185,-0.50335294
-4.6160207,-2.3798366,7.0461354,0.1881465,0.036651913,0.45570546
-4.5633483,-3.4117374,7.1347213,0.43127087,-0.13072516,-0.13805555
-6.6606693,-3.2202013,7.2783732,0.75502944,0.5180137,-0.18936823
-4.7644615,-3.7780502,6.6989765,-0.25411993,0.24190263,0.3640757
-5.1379566,-3.8019924,8.461109,0.5009095,-0.13194689,-0.20769419
-5.2361193,-4.050989,6.9024835,-1.0763446,-0.012217305,-0.1001819
-4.76925,-3.5697548,6.375759,0.111177474,0.040317107,0.49235737
-4.8745947,-2.8898015,6.6654577,1.2534955,-0.26145032,-0.5448918
-4.5274353,-5.571307,6.691794,-0.956615,-0.05375614,0.3213151
-5.2744265,-4.8698063,7.029376,-0.103847094,-0.20891592,-0.040317107
-6.493075,-5.353435,9.945514,-1.2021828,-0.26267207,-0.19058995
-4.9895163,-4.5394063,8.295909,-0.12705997,0.27366763,0.4972443
-6.3206925,-1.9991584,7.6015906,1.0079277,-0.41416663,1.4966198
-4.5322237,0.10534488,9.469068,1.7067575,-0.3359759,0.25411993
-4.687847,2.5905263,8.123527,0.0,0.30176744,-0.3567453
-4.891354,0.47884035,8.690952,-1.0812315,0.012217305,0.61086524
-6.945579,0.641646,8.937555,-0.906524,-0.38606682,-0.24801129
-5.554548,-5.7508726,5.4420204,-2.7073548,0.1001819,0.13072516
-4.144363,0.92655605,7.7069354,4.0598106,0.112399206,-0.2125811
-5.2361193,0.521936,7.2089415,-0.119729586,0.019547688,0.18081611
-5.106832,-3.1890767,7.9104424,1.7605137,0.042760566,-0.5021312
-3.9959226,0.6655881,7.2664022,0.4642576,0.18936823,-0.86132
-3.1747115,-10.125079,6.7803793,-4.0866885,-0.21624629,0.12950343
-6.4619503,-9.196129,4.5034933,-1.4746287,0.08674286,-0.32498032
-3.3614593,-4.9224787,4.4603977,1.6334536,0.15393804,0.3652974
-4.261679,-6.799533,6.1387334,0.79290307,0.2125811,0.12217305
-6.0046577,-7.6734166,5.592855,0.04520403,0.09896017,-0.24678956
-4.9775453,-6.217742,5.5162406,0.056199603,-0.13439035,0.4447099
-4.0462008,-5.21936,4.7189717,0.06841691,0.25167647,-0.35918877
-6.8330517,-7.36217,5.4803276,-0.12950343,0.3811799,-0.04153884
-7.0245876,-6.777985,6.6654577,0.23701571,0.43249258,0.7892379
-5.463568,-2.908955,5.758055,-0.3640757,0.52656585,0.05009095
-6.8402343,-3.4931402,5.5258174,1.0641272,0.5900958,0.3567453
-6.9886746,-3.3758245,5.5737014,0.59742624,-0.15149458,-0.34330627
-6.591237,-4.5082817,5.1762643,0.22235495,-0.012217305,-0.22479841
-7.422025,-5.777209,5.499481,-1.1227703,0.019547688,0.8588765
-7.489063,-6.4523735,5.2863975,-0.31031954,0.040317107,-0.05131268
-5.3941364,-4.594473,6.1195793,-0.06352998,-0.16737708,-0.50579643
-6.945579,-7.3190746,4.807557,-0.54733527,0.17348573,0.5119051
-6.7013707,-5.12838,5.0637364,0.49480084,0.05375614,-0.39706242
-6.129156,-2.5115175,5.7245364,1.3927728,0.02565634,-0.37873647
-7.4124484,-5.233725,5.5497594,-1.1447614,0.19547687,0.5314528
-6.5241995,-5.044583,5.267244,-0.1282817,-0.09407325,0.080634214
-6.2392898,-4.2640734,6.979098,0.7819075,-0.008552114,-0.47891834
-7.1059904,-5.2528787,5.398925,-1.0641272,0.081855945,0.7293731
-6.4404025,-4.88896,5.746084,-0.37873647,-0.05497787,-0.12461651
-5.097255,-4.819528,6.751649,0.018325957,-0.28955013,-0.43249258
-6.5026517,-6.009446,6.0381765,-0.35918877,0.28221974,0.25534168
-5.3678,-4.5872903,5.8083334,0.111177474,-0.062308256,0.061086524
-5.374983,-3.8522706,6.3566055,0.5766568,-0.29443705,-0.6230826
-6.4763155,-4.1683054,6.117185,-0.93218035,-0.057421334,0.86742866
-5.7963624,-4.9799395,5.659893,0.018325957,-0.07086037,-0.13805555
-5.257667,-4.6710877,6.3350577,0.38606682,-0.28221974,-0.70738196
-6.339846,-6.6367273,5.48751,-1.4343116,-0.064751714,0.54733527
-5.5018754,-6.069301,6.0166287,0.039095376,-0.26389378,-0.4129449
-4.7764325,-5.0421886,6.7324953,-0.17837265,0.0061086523,-0.15760323
-6.9503675,-6.8761473,5.41329,-0.07574729,0.17104226,0.31764993
-5.650316,-5.1762643,5.5282116,0.32375857,-0.11728613,-0.17470746
-6.217742,-5.959168,6.528988,0.17592919,0.0,-0.056199603
-5.2959743,-4.9464207,5.7724204,0.07452556,-0.004886922,-0.035430185
-5.805939,-3.7301662,5.9998693,0.41538838,-0.118507855,-0.32620203
-5.851429,-6.6846113,5.566519,0.21380283,0.3042109,-0.35918877
-6.4978633,-2.755726,5.1235914,0.2602286,0.1441642,0.50701815
-6.3446345,-3.3207579,7.6375036,1.0005972,0.018325957,-0.33841935
-6.7109475,-6.564901,6.1243677,-0.70616025,-0.11728613,-0.07086037
-5.705383,-2.6671407,5.530606,0.2602286,-0.19425514,0.073303826
-6.6750345,-4.1299977,5.509058,0.25045475,-0.02443461,-0.36774087
-6.576872,-4.8698063,5.9160724,-0.82344633,0.05375614,0.75747293
-5.98311,-3.3925838,4.8362875,0.16982053,-0.07574729,0.21868975
-5.377377,-3.5793316,6.517017,0.44593164,-0.20525073,-0.39950588
-6.8641763,-5.533,6.277597,-0.31520647,0.25411993,0.6072
-6.066907,-5.085284,5.473145,-0.2406809,0.05131268,0.1600467
-5.8634,-4.0438066,6.0956373,0.46670106,-0.22602014,-0.47891834
-6.6846113,-8.176199,5.777209,-0.68294734,0.17348573,0.04886922
-6.1985884,-5.4085016,5.374983,0.081855945,0.007330383,0.13316862
-5.4085016,-5.233725,6.9599442,0.112399206,-0.37751472,-0.5852089
-6.1985884,-8.784326,6.2704144,-0.41050145,0.007330383,-0.22724187
-4.9775453,-4.074931,5.614403,0.02443461,-0.056199603,0.19425514
-3.9791632,-5.2409077,7.1849995,-0.22968534,-0.8405506,-0.59986967
-8.269572,-12.08593,10.18254,0.21624629,-1.3842206,-0.36774087
-3.1483753,0.2777274,3.751714,2.3273966,-0.20891592,1.3390167
-2.980781,-2.873042,6.045359,-2.2284365,-0.13805555,-0.030543262
-4.6016555,-1.4341269,9.004593,-3.249803,0.030543262,0.13683382
-1.8483237,-6.2392898,6.6726403,0.028099801,-0.017104227,-0.0842994
-5.130774,-6.2632318,6.030994,-0.59620446,-0.23823744,0.06963864
-5.4180784,-5.0014873,6.83784,-0.081855945,0.50946164,-0.63407815
-3.9839516,-6.457162,7.690176,0.18325958,-0.018325957,0.66706485
-3.7373488,-5.092467,7.711724,0.2406809,-0.040317107,0.14660765
-4.1060557,-6.849811,5.710171,-0.45814893,0.20158553,-0.18325958
-6.9288197,-5.5617304,5.2002063,1.1691961,0.073303826,-0.40683624
-3.7253778,-6.6630635,6.801927,0.5375614,-0.14538592,0.57787853
-4.987122,-3.4261026,6.991069,0.30909783,-0.06352998,-0.039095376
-4.0342298,-4.9105077,7.00304,-0.002443461,0.2125811,-0.3567453
-5.159505,-5.21936,7.2089415,0.2125811,-0.40683624,0.16615535
-3.560178,-4.3766007,6.9264255,0.15393804,0.24190263,0.3115413
-3.5913026,-3.9671922,7.053318,-0.052534413,0.14782938,-0.18203785
-6.622362,-4.7022123,6.1650696,0.5864306,-0.2321288,-0.46792278
-3.8786068,-5.3199162,6.694188,-0.43982297,0.013439035,0.45204028
-4.355053,-5.109226,6.7085533,-0.41538838,0.09040806,-0.0720821
-5.446809,-5.583278,6.622362,0.26267207,0.26511553,-0.6805039
-3.7421372,-5.1379566,7.1586633,-0.096516706,-0.04642576,0.5729916
-4.015076,-3.596091,6.861782,0.53023106,0.21502456,0.13439035
-4.996699,-6.05733,6.0142345,-0.3848451,0.1881465,-0.56199604
-5.4204726,-5.995081,7.9846625,-0.27977628,-0.593761,0.5143485
-3.8139634,-6.0477533,6.9407907,-0.23701571,-0.25167647,0.037873644
-3.0071173,-4.1132383,7.156269,-0.15760323,-0.047647487,-0.12705997
-5.5258174,-5.533,7.144298,0.4569272,-0.058643065,-0.4569272
-1.1899183,-5.8322754,7.1514807,-0.30298916,-0.44959682,0.45570546
-2.4301147,-6.9862804,7.4986396,-0.56321776,-0.08552113,-0.035430185
-4.4077253,-5.973533,7.3310456,0.7538077,0.02565634,-0.4373795
-1.7645266,-5.3103395,7.9750857,0.44104472,-0.19425514,0.50335294
-2.5450363,-5.5018754,8.319851,-0.75502944,0.059864793,0.08552113
-3.7588966,-4.936844,7.053318,0.07941248,0.3213151,-0.52656585
-3.2202013,-7.6829934,8.204929,-0.10140363,-0.103847094,0.44226643
-1.7405846,-4.793192,7.4866686,0.20769419,0.25778514,0.07696902
-3.3423057,-4.261679,6.6774287,-0.84299403,0.24312437,-0.49480084
-4.9464207,-9.325416,7.101202,-0.6743952,-0.31764993,0.2321288
-2.0039468,-5.884948,6.7348895,0.05009095,0.042760566,0.46914452
-4.1132383,-4.187459,6.5577183,-0.30787608,0.19181168,-0.17592919
-4.685453,-5.4803276,6.7205243,0.9297369,-0.3726278,-0.040317107
-1.7717092,-6.7229185,6.9838862,0.35308012,0.2968805,0.22479841
-5.2528787,-2.0901382,6.8043213,0.86254174,0.4886922,-0.5839872
-2.4157495,-5.5760956,7.656657,0.12583824,-0.30176744,0.31642818
-2.9735985,-5.8107276,7.666234,-0.089186326,0.14294247,0.25411993
-2.980781,-6.136339,7.338228,-1.0494665,0.37140608,-0.56199604
-3.1507695,-6.682217,7.7093296,-0.081855945,-0.35185838,0.31398472
-2.6048915,-5.4922986,6.6965823,-0.45937067,0.2125811,0.111177474
-3.6750996,-6.801927,6.244078,-0.5522222,0.4373795,-0.43127087
-3.5242648,-7.536947,5.482722,0.25289822,-0.02321288,0.043982297
-2.9113493,-6.619968,5.9280434,0.16615535,0.19303341,0.23701571
-3.9552212,-7.1251445,6.8330517,0.46303585,0.09162979,0.7281514
-4.4101195,-7.204153,5.4899044,0.16737708,0.4605924,-0.11484267
-2.6671407,-6.4906807,6.339846,-0.16493362,-0.2919936,-0.052534413
-4.5633483,-6.9360023,6.5337763,0.56199604,0.36163223,-0.54000485
-2.384625,-6.2608376,6.066907,0.064751714,-0.26511553,0.52656585
-3.6248214,-6.5720835,6.26802,-0.766025,-0.16737708,0.039095376
-2.8993783,-7.6375036,6.2105594,0.042760566,0.34697145,-0.44226643
-5.0397944,-5.6551046,5.7125654,0.44837508,-0.061086524,0.40561453
-2.554613,-5.6096144,5.923255,-0.16737708,-0.02321288,0.080634214
-3.4021606,-7.869741,5.6239796,-0.3933972,0.13561209,-0.103847094
-4.8219223,-8.47308,5.3318872,-0.042760566,0.24923302,-0.3652974
-2.1164744,-6.1985884,6.303933,-0.073303826,-0.27855456,0.54367006
-3.632004,-5.707777,5.98311,-0.056199603,-0.035430185,0.0012217305
-3.3303347,-6.5960255,6.483498,0.18448131,0.2919936,-0.39584067
-4.8602295,-6.244078,6.4667387,-0.5717699,-0.30909783,0.5693264
-3.502717,-9.631873,3.5434184,-0.23823744,-0.07452556,-0.16126843
-2.707842,-6.030994,6.5265937,-0.11362094,-0.45937067,0.7440339
-3.4500446,-5.451597,6.2464724,1.2253957,0.25411993,-0.2443461
-3.7181952,-6.208165,6.303933,0.036651913,-0.07941248,-0.23090707
-6.9264255,-7.28795,5.66947,0.27366763,0.07086037,-0.12705997
-2.6240451,-6.021417,6.4643445,-0.35063666,-0.17104226,0.58276546
-3.4021606,-8.394072,5.5617304,-1.4147639,-0.06841691,-0.28221974
-3.1675289,-8.66701,4.3646297,0.34208453,0.29565877,-0.5363397
-3.4452562,-7.7572136,4.6160207,0.56077427,-0.2687807,0.6805039
-3.2632968,-7.714118,5.2361193,0.057421334,0.056199603,0.010995574
-3.1268275,-7.398083,4.867412,0.09896017,0.04520403,-0.3933972
-4.8027687,-7.086837,5.7365074,0.33353242,-0.29565877,0.5338962
-2.9352913,-7.132327,5.626374,-0.21380283,-0.21135938,0.49235737
-3.5242648,-8.118738,4.6830587,-0.40439278,0.04886922,-0.35308012
-4.132392,-9.28232,3.1603463,-0.04642576,0.40317106,-0.8258898
-2.9855695,-7.4124484,5.1666875,0.13439035,-0.5375614,0.72204274
-3.2321723,-7.8984714,3.845088,-0.47036624,0.02076942,-0.23579398
-2.6791117,-8.2169,3.8043866,-0.453262,0.32375857,-0.47891834
-3.1890767,-8.0684595,3.4117374,1.0396926,-0.30298916,0.376293
-2.6120741,-6.658275,5.121197,0.039095376,0.0012217305,-0.095294975
-2.7581203,-9.222465,5.159505,0.22479841,0.5497787,-0.63285637
-3.13401,-8.061277,3.9312792,0.5534439,-0.04520403,0.4251622
-1.400608,-7.642292,4.9895163,-0.4092797,-0.04886922,0.27122417
-2.2050598,-7.3669586,4.9200845,-0.8527679,0.0842994,-0.49357912
-2.0135236,-9.629479,4.8865657,-0.096516706,-0.18936823,0.86132
-4.1539397,-7.893683,5.949591,-0.02321288,0.23457226,0.56199604
-3.1435869,-9.801862,3.7588966,-0.9211848,0.06719518,-0.7098254
-2.2122424,-7.8745294,4.1299977,-0.09040806,0.019547688,-0.52778757
-2.9233203,-7.6949644,4.0892963,0.64873886,-0.23335053,0.8381071
-1.5825673,-7.565677,3.5290532,-0.087964594,0.17104226,0.043982297
-3.86903,-7.297527,5.1259856,0.5864306,0.03176499,-0.17959438
-4.817134,-8.844181,4.1036615,0.0842994,0.16982053,-0.4373795
-2.6024973,-7.6111674,4.177882,-0.30543262,-0.22235495,0.40561453
-2.2864625,-7.881712,5.0661306,0.28710666,0.20525073,0.6365216
-4.654328,-10.472239,2.681506,0.14660765,0.625526,-0.66706485
-4.06296,-8.580819,3.8833952,0.1563815,-0.43982297,0.6389651
-4.525041,-8.422802,4.4963107,-0.3811799,-0.2602286,0.22968534
-2.1428106,-7.9224133,4.972757,-0.09285152,0.39584067,-0.49602258
-7.2807674,-8.576031,3.4835634,0.16371189,-0.040317107,0.119729586
-3.3566709,-7.872135,3.8043866,-0.007330383,0.07941248,0.062308256
-1.9728222,-6.327875,4.687847,0.12705997,-0.0036651916,-0.204029
-5.341464,-7.515399,6.2967505,-0.16615535,-0.119729586,0.93584555
-4.4316673,-9.334992,4.88896,0.037873644,0.04642576,0.9334021
-5.995081,-3.8426938,4.369418,-0.039095376,-0.013439035,0.057421334
-6.567295,-6.2943563,4.596867,0.7611381,0.52778757,-0.7134906
-5.6335564,-5.1906295,3.8067808,0.6976081,0.625526,-0.08307768
-2.815581,-8.789114,4.4603977,0.7867944,0.1685988,0.37140608
-7.00304,-7.5824366,5.638345,0.25289822,0.13072516,-0.30543262
-4.6830587,-8.118738,7.1275387,-0.20891592,-1.0250319,0.7648033
-5.482722,-3.6750996,6.694188,-0.27122417,-0.12217305,-0.3555236
-6.8905125,-6.871359,3.107674,-0.7305948,-0.14660765,-0.34574974
-5.1116204,-6.7971387,4.817134,0.58032197,0.61819565,-0.21013765
-4.984728,-7.599196,6.399701,-0.36774087,-0.10873401,-0.2406809
-6.3230867,-8.2169,3.0478187,0.69027776,-0.2919936,-0.44715336
-3.7924154,-5.923255,5.3342814,0.27855456,-0.25289822,0.23457226
-4.9200845,-5.494693,5.6886234,-0.28955013,0.24312437,-0.5180137
-4.232949,-6.5098343,5.758055,0.1881465,-0.48380527,0.36163223
-5.1235914,-6.0477533,7.795521,-0.5888741,-0.16371189,0.07819075
-4.060566,-5.74369,6.555324,-0.9969321,-0.16371189,-0.24190263
-7.086837,-7.795521,4.4196963,0.37873647,0.12583824,-0.12095132
-3.4524388,-6.945579,5.9064956,0.38606682,0.111177474,0.118507855
-3.052607,-3.821146,5.5521536,-0.9114109,0.31764993,-1.1911873
-2.8275523,-4.201824,7.079654,1.0800097,0.5021312,0.79045963
-7.7093296,-6.9743094,6.531382,-0.90041536,1.033584,-0.20769419
-5.4444146,-4.7764325,3.7565024,-0.81000733,0.5558874,0.0720821
-6.6989765,-6.505046,3.5577838,0.18203785,0.2406809,-0.37140608
-5.3582234,-6.945579,4.975151,-0.7623598,0.04886922,0.33108896
-6.813898,-6.0262055,3.620033,0.1966986,0.105068825,-0.18203785
-6.5840545,-7.9702973,3.620033,-0.19303341,-0.04520403,-0.23945917
-5.145139,-6.0405707,4.122815,-0.06719518,0.019547688,0.4972443
-6.6989765,-7.393295,2.6527755,-0.56321776,0.13927728,0.037873644
-7.78355,-8.674192,3.205836,-0.06352998,-0.030543262,-0.68294734
-6.969521,-6.4619503,0.6991069,0.012217305,-0.2125811,0.3481932
-5.1690817,-6.4044895,2.7868507,-0.3005457,-0.02687807,0.11484267
-7.1993647,-5.722142,2.3199813,0.47769663,0.096516706,-0.5681047
-6.361394,-6.5098343,2.765303,0.5852089,0.040317107,0.6206391
-6.208165,-7.524976,3.6750996,-0.39828414,-0.07574729,0.15027285
-7.5561004,-7.8050976,5.183447,0.69027776,-0.15760323,-0.4972443
-4.5777135,-6.363788,3.454833,0.14782938,0.056199603,0.4728097
-5.753267,-5.9064956,3.6774938,0.10751228,-0.09285152,0.25289822
-7.0964136,-8.243237,5.6215854,0.2284636,-0.26389378,-0.47891834
-4.489128,-6.531382,3.8881836,-0.059864793,-0.080634214,0.064751714
-6.0046577,-6.145916,2.6647465,0.036651913,-0.037873644,0.19792034
-6.9144545,-8.161834,3.5218706,-0.040317107,-0.0036651916,-0.86009824
-4.0821137,-7.819463,2.4468741,-0.13194689,0.034208454,0.14172074
-5.544971,-6.6391215,1.9991584,-0.018325957,-0.02443461,0.47525316
-6.8162923,-8.259995,3.4261026,-0.56199604,-0.095294975,-1.4159856
-4.7548847,-6.8402343,1.9536686,0.28344148,0.18081611,0.37873647
-5.058948,-3.3183637,3.1794999,0.8246681,0.16371189,0.6792821
-7.524976,-10.0748005,3.6032736,-0.34208453,0.014660766,-0.95172805
-4.3646297,-12.593501,1.127669,-0.4886922,0.11728613,0.13072516
-6.7684083,-5.896919,3.181894,-0.30787608,-0.10629055,0.87598073
-7.2328835,-9.114726,3.6583402,-0.096516706,-0.014660766,-0.95294976
-4.7022123,-6.445191,2.918532,0.0012217305,0.14660765,0.52656585
-6.5960255,-5.626374,3.4596214,0.6621779,0.14049901,0.7696902
-7.383718,-9.674969,3.6727054,-0.22357668,0.0012217305,-0.9309586
-4.596867,-6.646304,2.2720973,0.21746802,0.089186326,0.3481932
-2.2960393,-5.0014873,4.5202527,0.86376345,-0.20158553,-0.6243043
-7.6470804,-8.12592,4.2425256,-0.13805555,-0.3200934,0.27855456
-4.7979803,-8.331821,4.3287168,0.9443977,-0.064751714,0.3811799
-6.0597243,-6.3326635,4.807557,0.38728857,0.39950588,-0.32498032
-6.208165,-4.84347,4.642357,1.3976597,0.63285637,0.20525073
-6.567295,-6.1004257,4.975151,-0.8014552,0.3640757,-0.030543262
-3.1364043,-7.299921,5.2959743,-0.089186326,0.22602014,-0.16615535
-8.470686,-7.9846625,4.972757,-0.54244834,-0.040317107,-0.16982053
-5.1571107,-6.564901,0.7445967,-4.2821655,-1.0067059,0.058643065
-3.8522706,-7.8793178,-1.2497733,-0.7623598,-0.87109387,-0.5326745
-5.3845596,-8.513782,0.6560113,0.105068825,0.12461651,-0.31642818
-4.0892963,-9.437943,-0.45968673,-0.4092797,-0.057421334,0.073303826
-5.60722,-9.639056,-5.0278234,-0.16493362,0.1160644,-0.36651915
-3.4859576,-8.544906,-2.4588451,-0.014660766,-0.034208454,-0.1881465
-5.1690817,-7.0964136,-3.2321723,-0.45204028,-0.44593164,0.31764993
-5.403713,-11.417948,-6.2943563,0.5363397,0.7831292,-0.54244834
-2.4732103,-9.181764,-2.3654714,1.9511036,0.63041294,0.31887165
-5.0661306,-12.2080345,0.56982,1.2547172,0.0061086523,0.12339478
-4.0174704,-3.739743,7.101202,4.191757,0.6035349,-0.29810223
-4.4364557,-6.9958572,5.662287,-0.37018433,0.29810223,0.376293
-5.7843914,-6.933608,5.044583,-0.5717699,-0.089186326,0.18448131
-3.229778,-8.080431,1.5634137,-0.24312437,0.21746802,-1.0543534
-4.9440265,-8.14268,4.4196963,0.30665436,-0.13439035,0.204029
-4.072537,-7.831434,5.7628436,-2.1502457,-0.2406809,-0.004886922
-4.584896,-7.726089,3.9791632,0.13194689,-0.12339478,0.042760566
-3.6367924,-6.196194,4.084508,0.3286455,0.111177474,0.27855456
-3.9815574,-11.15698,5.571307,-0.92485,-0.1160644,-0.86009824
-4.498705,-7.7691846,4.7500963,0.1881465,0.096516706,0.22479841
-4.0342298,-6.5936313,5.3558292,0.3371976,0.06963864,0.36651915
-4.620809,-6.3829417,5.0302176,-0.14782938,0.021991149,0.040317107
-3.9791632,-6.081272,4.879383,-0.18570304,0.052534413,-0.20769419
-6.021417,-8.4347725,5.7365074,0.36774087,0.32986724,-0.39828414
-3.5577838,-6.921637,5.2600613,-1.1533136,-0.17715092,0.41783184
-4.177882,-6.4499793,5.020641,-0.23457226,-0.25900686,0.30787608
-4.4675803,-8.456321,5.849035,0.19792034,0.040317107,-0.71959925
-5.080496,-6.361394,5.8226986,-0.28955013,-0.009773844,0.43249258
-4.6232033,-7.062895,3.8833952,-0.7684685,0.06352998,0.41783184
-4.9559975,-10.0029745,6.1530986,1.0042624,0.2883284,-0.61208695
-4.474763,-5.9663506,6.9527617,0.18448131,-0.02321288,0.66339964
-5.657499,-4.8458643,5.29358,-0.69027776,0.07452556,0.32375857
-4.2161894,-5.197812,5.2528787,1.0946705,-0.1563815,-1.0604621
-3.9839516,-6.093243,5.7269306,0.51923543,0.14660765,0.6291912
-5.5880666,-7.299921,7.240066,-0.073303826,0.35063666,0.36285394
-4.7429137,-6.7109475,3.8498764,-0.6377433,-0.312763,0.06719518
-3.1986535,-6.766014,5.583278,0.6426302,0.028099801,-0.8417723
-6.081272,-6.6606693,6.528988,0.49846604,0.111177474,0.09040806
-4.7405195,-5.1547165,5.7389016,-0.1600467,-0.02443461,0.3042109
-3.8642416,-4.630386,5.243302,-0.84665924,0.05131268,0.32620203
-6.208165,-8.082825,5.875371,0.31764993,0.09285152,-0.73548174
-5.3079453,-6.3661823,5.5042696,-0.41783184,-0.036651913,0.34697145
-5.1930237,-6.531382,5.085284,-0.04886922,0.056199603,-0.010995574
-4.1802764,-7.797915,6.4068837,0.23823744,0.036651913,-0.6072
-6.4547677,-5.695806,4.620809,0.26267207,-0.036651913,0.36285394
-4.6279917,-6.787562,5.020641,-0.5326745,0.035430185,0.21502456
-4.548983,-6.5481415,4.1611223,1.3048081,0.57910025,-0.54611355
-6.3781533,-7.117962,4.8961425,0.3885103,0.2565634,0.1600467
-6.007052,-5.3199162,6.042965,-0.29565877,-0.20525073,0.4569272
-5.092467,-6.9360023,6.3111157,-1.2119566,-0.3885103,0.25167647
-6.9719152,-6.1866174,4.8243165,1.455081,-0.37995818,0.06719518
-5.5282116,-4.175488,4.9176903,0.7086037,0.28955013,0.3567453
-5.779603,-4.426879,5.6886234,-0.6927212,-0.14660765,0.20280726
-3.8786068,-5.279215,7.7931266,1.2547172,0.2443461,-0.6010914
-5.427655,-3.1531637,7.204153,0.22479841,0.04642576,0.53878313
-6.375759,-4.0198646,8.793902,-0.064751714,0.14172074,0.4202753
-4.175488,-3.394978,7.9343843,0.39950588,0.089186326,-0.5143485
-4.426879,-2.468422,6.634333,0.5021312,-0.16737708,0.30787608
-5.4085016,-4.6136265,7.2352777,-0.35308012,-0.15760323,0.36651915
-7.3166804,-4.596867,6.6056023,0.27122417,0.14294247,-0.5216789
-4.5777135,-3.6415808,7.615956,-0.3115413,0.02443461,-0.02321288
-3.8594532,-3.9552212,6.9719152,-0.28588495,-0.11362094,-0.0012217305
-7.062895,-7.7308774,5.315128,-2.0195205,0.3115413,-0.956615
-5.1906295,-9.267955,3.4500446,-1.219287,0.44593164,0.057421334
-7.4842744,-10.113108,3.1890767,-1.3683381,-0.21013765,0.11728613
-6.967127,-5.7628436,3.071761,-0.4202753,0.36651915,0.009773844
-6.3087215,-9.629479,3.7828386,-1.1166617,-0.07819075,0.07819075
-6.50744,-8.147469,3.0190883,-0.012217305,0.11728613,-0.032986723
-3.4452562,-6.133945,2.1691468,0.4092797,-0.10873401,-1.2400564
-7.2711906,-7.735666,3.371036,0.35185838,0.13805555,0.61453044
-6.0166287,-6.7372837,3.7948096,-0.010995574,0.15271631,0.3885103
-6.8545995,-5.9687448,3.6870706,0.2602286,0.19058995,0.16982053
-8.204929,-6.4523735,3.70383,0.07696902,0.3005457,-1.1667526
-5.3606176,-5.2385135,3.6703112,0.26145032,-0.028099801,0.89552844
-5.884948,-3.6655228,3.25372,0.007330383,0.16493362,0.95294976
-8.429984,-9.931149,3.7469256,-0.21135938,-0.15760323,-0.30298916
-6.873753,-8.576031,4.3526587,-0.3408628,-0.22968534,0.16493362
-5.722142,-5.60722,4.4364557,0.37995818,-0.12339478,0.49846604
-4.8362875,-5.1690817,4.6016555,0.3286455,-0.312763,-1.2131784
-5.683835,-5.5617304,3.7948096,0.657291,0.3652974,0.6609562
-8.738836,-7.771579,4.213795,-0.14294247,0.06719518,0.74281216
-4.572925,-8.702923,5.281609,-0.4972443,-0.20525073,-1.5308284
-6.7468605,-6.7684083,5.3845596,3.0653217,0.66339964,0.6230826
-6.993463,-2.966416,5.544971,0.7611381,0.04642576,0.39950588
-4.3502645,-1.7645266,6.6654577,0.14660765,0.010995574,0.2565634
-8.580819,-2.3894134,6.600814,0.36163223,0.032986723,-0.10629055
-6.849811,-2.0757728,6.325481,0.056199603,-0.047647487,0.36163223
-7.1969705,-1.99437,6.64391,-0.88697636,-0.3567453,-0.34574974
-4.7261543,-2.4396915,8.360553,-0.7892379,-0.008552114,-0.9309586
-7.654263,-5.889736,3.2393548,-4.3041563,-0.766025,-0.059864793
-6.0980315,-10.043676,4.8698063,-1.4416419,-0.5338962,0.5693264
-3.41892,-8.408437,3.122039,-0.24801129,-0.9419542,0.26511553
-6.615179,-7.8865004,2.8323407,-0.6035349,0.2687807,0.21746802
-4.429273,-7.9463553,3.4237084,1.047023,0.46670106,-1.073901
-4.3047748,-6.244078,3.0358477,0.408058,-0.1001819,0.080634214
-6.517017,-6.993463,3.9432502,0.53878313,0.058643065,0.58276546
-4.7548847,-7.0820484,4.3742065,-0.8002335,-0.04886922,-0.45814893
-7.0365586,-8.027759,5.805939,-0.37384954,0.02687807,0.3213151
-4.295198,-6.564901,4.465186,-0.9407325,-0.19181168,0.3371976
-4.6016555,-6.9886746,3.9671922,-0.63163465,-0.0061086523,0.07941248
-5.758055,-9.94312,3.8115692,0.657291,0.13561209,-0.9272934
-6.1076083,-7.9726915,3.7541082,-1.0274754,-0.40683624,0.5338962
-3.466804,-7.807492,4.0318356,0.9468411,0.2125811,-0.29565877
-6.667852,-8.14268,5.2600613,0.10995574,-0.04642576,-0.35308012
-6.0621185,-6.766014,3.6750996,-0.30909783,-0.66339964,0.15760323
-2.111686,-6.0884547,5.044583,-0.5510005,-0.21013765,0.21135938
-6.88333,-9.294291,3.7972038,0.57543504,0.48624873,-0.40194935
-4.582502,-8.00621,3.9791632,-0.080634214,-0.12095132,0.30298916
-3.0550013,-6.244078,4.7405195,-0.11362094,-0.112399206,0.36041048
-5.1547165,-10.402806,4.711789,0.32253686,0.4447099,-0.73548174
-5.365406,-5.671864,3.9743748,0.5644395,-0.24678956,0.267559
-2.5474305,-6.1004257,4.72376,-0.1881465,0.035430185,0.13316862
-7.204153,-9.052477,5.872977,0.3652974,0.23823744,-0.267559
-5.142745,-6.1866174,5.6096144,0.48502702,-0.07696902,0.2284636
-4.2066126,-6.766014,4.795586,-0.7244862,0.013439035,-0.13683382
-7.797915,-5.9160724,5.5760956,0.11362094,0.17715092,0.61819565
-4.8482585,-6.7731967,4.8338933,0.51923543,0.20647246,-0.4886922
-4.867412,-4.7189717,4.7429137,-1.1166617,-0.65484756,0.6585127
-5.3558292,-7.1347213,6.208165,0.77579886,0.42394048,-0.71837753
-3.466804,-6.3302693,6.4380083,0.35430184,0.002443461,0.36651915
-8.379706,-7.9152308,6.3805475,-1.1679744,0.22602014,0.89552844
-4.2185836,-6.6510925,4.642357,-0.95539325,-0.35308012,-0.6450737
-5.7125654,-4.9440265,1.1923125,-1.8753563,-0.3042109,-0.5644395
-8.37013,-11.046846,3.8594532,-0.41050145,0.44715336,0.8698721
-5.3558292,-7.2592196,1.2569559,1.105666,0.14660765,-0.065973446
-7.1826053,-9.895236,2.5953147,-0.30176744,-0.013439035,-0.6401868
-4.3478703,-6.2105594,2.956839,-0.18570304,-0.004886922,-0.1685988
-5.731719,-8.099585,2.5187001,-0.61208695,-0.2125811,0.29443705
-5.116409,-6.2512608,2.3774424,0.90285885,0.096516706,0.2406809
-5.080496,-7.728483,1.661576,0.4007276,0.10140363,-1.2351695
-3.964798,-6.2129536,2.3702598,-0.43860126,-0.13683382,0.23945917
-7.371747,-9.770737,1.8411411,0.4361578,-0.0036651916,0.21380283
-5.973533,-7.5704656,3.7493198,0.30298916,-0.09162979,0.2761111
-4.6926355,-7.644686,2.633622,-1.0128145,-0.04520403,-0.28221974
-7.4124484,-7.4866686,4.039018,0.010995574,-0.04886922,0.2003638
-5.00867,-6.9240313,3.1747115,1.1850786,0.29077184,0.17959438
-6.054936,-6.6103907,4.0892963,-0.21502456,-0.014660766,-0.14049901
-6.9886746,-9.473856,2.60968,-0.9492846,-0.453262,-0.8894198
-5.0996494,-7.855376,3.9145198,0.47158796,-0.26145032,0.5693264
-4.6806645,-4.3742065,4.0797195,0.3848451,0.11362094,0.34208453
-8.099585,-9.7563715,4.1299977,-0.63041294,-0.45570546,-0.8454375
-5.9160724,-7.419631,3.8977604,-0.31764993,-0.15271631,0.1441642
-6.227319,-7.237672,3.5458126,0.062308256,0.18448131,0.29077184
-4.546589,-6.2943563,3.821146,-1.3976597,-0.0061086523,0.35308012
-7.704541,-9.370906,4.9440265,-0.87964594,-0.47403142,-0.6597345
-5.872977,-5.781997,4.4484267,0.8454375,-0.13316862,0.49357912
-4.1060557,-0.7182605,3.7014358,0.7257079,0.118507855,0.2846632
-6.8689647,-8.686164,4.548983,-0.16737708,-0.47769663,-0.79412484
-6.0238113,-7.359776,3.7852328,0.18203785,-0.17959438,0.3115413
-6.2728086,-4.3143516,6.0166287,0.30909783,0.13927728,0.9822713
-5.2145715,-5.5042696,3.560178,0.24312437,-0.15393804,-1.251052
-4.7500963,-7.117962,4.594473,0.5155703,-0.28344148,-0.25167647
-4.486734,-6.1770406,6.0118403,-0.017104227,-0.19914207,1.269378
-5.3845596,-5.2361193,5.734113,-0.3933972,-0.05131268,0.54000485
-5.255273,-2.9496565,4.120421,0.24678956,0.26511553,-0.42638394
-6.6175733,-4.474763,4.620809,0.7281514,0.3921755,1.1068878
-6.4044895,-3.70383,3.145981,0.31398472,0.5876524,1.7030923
-10.58716,-6.471527,3.3638535,0.4813618,0.20769419,-1.3243558
-8.851364,-8.0445175,4.1539397,-0.9016371,-0.1881465,-0.44104472
-6.3949127,-5.3318872,3.301604,0.42394048,-0.2724459,0.32253686
-5.3127337,-4.4340615,3.2609026,0.7892379,-0.33475417,-1.2632693
-5.2265425,-3.2632968,4.594473,0.92485,0.06719518,0.4361578
-3.4476504,-1.2330139,5.3438582,0.49235737,-0.02565634,-0.68539083
-7.893683,-5.353435,5.2145715,-0.37873647,-0.29443705,0.10629055
-5.896919,-4.0581717,5.7125654,0.204029,0.2773328,0.9651671
-8.647857,-3.5098996,4.525041,0.26633725,0.21013765,0.089186326
-6.2847795,-5.3701944,4.1515455,0.18325958,-0.17959438,-1.6749926
-6.9479733,-5.849035,4.6232033,0.0061086523,-0.061086524,0.59864795
-6.6415157,-4.9344497,5.3462524,-0.9053023,-0.111177474,0.08674286
-7.953538,-7.9224133,4.673482,-0.0012217305,-0.36896262,-1.2302825
-7.4603324,-6.244078,4.1539397,0.1563815,-0.17470746,0.4447099
-4.984728,-3.9719806,5.961562,-0.012217305,-0.059864793,0.16371189
-8.4826565,-8.010999,4.24492,-0.6988298,-0.59986967,-1.0873401
-6.6846113,-7.4866686,4.642357,-0.27488935,-0.27366763,0.03176499
-5.5377884,-2.1404164,4.51307,1.5748106,0.45814893,0.8344419
-6.861782,-7.4387846,4.6160207,-0.3359759,-0.13194689,-1.2278391
-6.6846113,-6.8162923,4.709395,-0.15149458,-0.22602014,0.56077427
-4.76925,-4.003105,5.1666875,0.10140363,0.18570304,-0.08307768
-7.6255326,-7.795521,5.6239796,-1.0250319,-0.45204028,-0.31764993
-5.6335564,-6.081272,5.011064,0.45204028,-0.040317107,0.37140608
-4.999093,-4.2521024,6.2488666,-0.2932153,-0.15515977,-0.24678956
-7.062895,-9.44752,5.159505,-0.44959682,-0.3640757,-0.40683624
-4.2784386,-3.6128504,5.3342814,0.31887165,0.05497787,0.59498274
-6.375759,-3.1866825,3.8235402,-0.5571091,0.17348573,0.689056
-6.95755,-8.698134,5.221754,0.07574729,-0.43982297,-1.0824533
-6.612785,-7.5201874,4.891354,0.0012217305,-0.5326745,0.35918877
-5.092467,-4.6351743,4.9943047,0.68783426,0.49113566,0.8246681
-3.8187518,-5.949591,4.8745947,-0.4569272,-0.37507126,-1.187522
-6.5936313,-10.311827,7.831434,-0.58032197,0.1001819,0.46181414
-5.035006,-2.7365725,2.4372973,1.5467108,-0.07452556,0.75747293
-7.536947,-3.8498764,4.8147397,0.1685988,-0.29077184,-0.20647246
-5.4563856,-5.8921304,5.592855,-0.38362336,0.10140363,-0.18692477
-4.3263226,-8.238448,5.7867856,0.45937067,0.26511553,-0.59742624
-5.8322754,-6.528988,3.5122938,-0.13316862,-0.20891592,0.172264
-4.4196963,-6.0884547,4.5274353,-0.42638394,0.04153884,0.012217305
-5.884948,-11.437101,5.509058,-0.66706485,0.3408628,-1.1117748
-2.432509,-4.3885717,3.8546648,-0.5925393,-0.35308012,0.59742624
-3.5290532,-7.5944076,5.1235914,-0.27855456,0.6010914,0.081855945
-9.452309,-11.473015,2.8802247,-4.074471,-0.40561453,-0.119729586
-5.0876784,-4.1012673,-0.51235914,0.41050145,-0.15515977,-0.52656585
-2.2457612,-5.925649,-0.581791,-0.12339478,0.3726278,0.14294247
-4.0078936,-11.259931,1.9895816,0.376293,0.97494096,-0.48991394
-4.4436383,-8.010999,1.2665327,0.064751714,-0.5571091,0.36774087
-2.801216,-8.070854,1.6711528,-0.45204028,0.22357668,-0.12339478
-6.600814,-7.953538,2.1883004,1.7214183,0.38240165,0.04520403
-8.00621,-10.251971,5.9064956,0.7257079,0.25900686,0.4642576
-4.606444,-6.945579,4.0940847,0.07696902,0.14049901,-0.5742133
-4.522647,-5.0158525,3.7325604,0.61941737,0.28221974,0.5900958
-2.6312277,-2.8323407,4.271256,1.2852604,0.3848451,-0.29810223
-8.748413,-9.356541,5.695806,-0.6365216,-0.59131753,-0.49602258
-4.560954,-5.461174,4.596867,-0.14172074,-0.05375614,0.6927212
-4.891354,-3.098097,3.58412,0.6414085,0.23090707,0.30176744
-8.118738,-9.991004,5.662287,-1.1325442,-0.6450737,-0.43004912