1.70946,5.554548,7.917625,-0.6536258,0.38240165,-0.6743952
-0.33758244,-0.81881696,9.16261,-4.070806,1.9413297,-1.4147639
-6.8091097,-1.8219875,7.699753,-0.14049901,1.640784,2.2406538
-5.7963624,1.4987702,5.8466406,0.034208454,0.14538592,1.2754866
-5.9041014,0.8738836,6.9024835,0.06352998,0.40683624,0.3408628
-6.739678,2.6551697,6.066907,-0.34208453,0.17592919,0.3213151
-6.6103907,1.5275006,7.0126166,-0.7867944,-0.08552113,0.12217305
-7.1969705,0.9528923,7.6231384,0.20525073,-0.07819075,0.13561209
-4.51307,1.8650831,6.5720835,0.7867944,-0.059864793,-0.24801129
-7.5201874,0.37588966,8.3868885,0.12950343,0.04520403,-0.042760566
-5.1235914,3.004723,5.3725886,0.056199603,0.12217305,0.30665436
-6.9479733,0.10295067,8.046912,-0.12461651,-0.22968534,-0.57787853
-6.6271505,0.58897364,7.165846,0.19425514,0.1685988,0.45814893
-5.693412,1.2665327,6.2823853,-0.172264,-0.103847094,-0.23701571
-7.240066,1.0510546,7.893683,0.0061086523,-0.04642576,-0.13805555
-5.734113,2.3319526,6.43322,0.24556783,0.13805555,0.54367006
-6.131551,0.6823475,6.754043,-0.4605924,-0.20525073,-0.3494149
-6.423643,0.6727707,8.870518,0.05497787,-0.030543262,0.2919936
-5.020641,1.8938135,5.6527104,0.16493362,-0.009773844,-0.089186326
-6.6534867,1.1228806,8.47308,-0.15882497,-0.095294975,-0.19303341
-5.8203044,1.2282255,6.895301,0.21502456,0.15271631,0.36774087
-5.913678,-0.10534488,7.1131735,-0.23457226,-0.26267207,-0.3115413
-5.8107276,0.2873042,8.504205,0.08307768,-0.1001819,0.052534413
-5.1666875,2.9137435,5.896919,0.081855945,-0.018325957,-0.047647487
-6.1770406,0.38307226,8.920795,-0.25167647,-0.16371189,-0.12217305
-5.2145715,1.721431,6.8641763,0.20647246,0.16493362,0.30298916
-5.8346696,-0.94092125,8.700529,-0.15515977,-0.33353242,-0.5534439
-4.3885717,-0.110133275,7.795521,-1.1154399,-0.17470746,-1.0616838
-5.6215854,-3.6870706,9.715671,-0.52656585,-0.04642576,-1.1093313
-6.0860605,-2.2218192,6.2512608,0.47403142,0.2003638,0.6792821
-5.161899,-0.35913026,5.5760956,0.64751714,0.4373795,-0.16249016
-7.0964136,-1.6903064,7.503428,-0.657291,0.02321288,0.9126327
-6.9000893,-1.9847932,7.019799,0.14782938,-0.16249016,0.6059783
-5.693412,1.4532804,6.619968,1.7385225,-0.014660766,0.5119051
-6.4020953,1.2066777,6.703765,-0.047647487,0.15882497,0.22968534
-5.997475,1.0630256,7.651869,-0.16371189,-0.015882496,-0.04886922
-6.0716953,0.31124622,6.540959,-0.6010914,-0.04520403,-0.010995574
-5.1523223,0.91937345,8.346188,0.5045747,0.043982297,-0.41783184
-6.4619503,1.6950948,7.1993647,0.23579398,-0.029321533,0.28099802
-5.1906295,1.3958195,6.8282633,-0.08552113,0.05131268,-0.008552114
-7.9750857,0.39504328,6.7612257,-0.52778757,-0.112399206,-0.017104227
-3.881001,3.040636,7.517793,0.12217305,-0.105068825,0.17715092
-8.051701,-0.05746084,6.631939,-0.089186326,0.061086524,-0.3200934
-4.9344497,2.2505496,7.503428,-0.015882496,0.030543262,0.3640757
-5.9687448,0.94810385,7.4962454,0.3640757,0.010995574,-0.42149702
-5.674258,0.91697925,7.2448545,-0.089186326,0.040317107,0.35918877
-5.2648497,1.1348516,7.824251,0.14172074,0.008552114,-0.31642818
-6.5744777,1.1827357,6.9407907,-0.036651913,-0.11362094,0.08552113
-5.207389,0.22744916,7.920019,-0.09285152,0.07574729,-0.065973446
-7.153875,-0.35194764,6.9623384,-0.028099801,-0.052534413,-0.04520403
-4.5872903,2.1978772,7.8769236,-0.14172074,0.009773844,0.081855945
-7.405266,-0.10534488,6.8929067,0.04153884,-0.015882496,-0.12339478
-4.7979803,2.2361844,7.455544,0.14782938,0.064751714,0.41050145
-6.117185,1.4173675,6.95755,0.22479841,-0.05131268,-0.23457226
-5.686229,1.2282255,6.6247563,-0.26511553,0.021991149,0.13927728
-6.9048777,1.6089035,7.1610575,0.27000242,0.029321533,-0.16615535
-4.999093,2.0374656,7.762002,-0.13194689,0.008552114,0.13805555
-6.167464,0.15322891,6.7564373,-0.3213151,-0.13316862,-0.52534413
-5.805939,0.6536171,7.5848308,0.007330383,-0.15882497,-0.8210029
-6.8641763,-1.3263878,8.39886,0.37873647,0.312763,-0.0061086523
-5.837064,0.93852705,5.767632,0.0720821,0.17592919,-0.07574729
-6.50744,1.4628572,7.321469,0.080634214,0.09896017,0.42760566
-6.6630635,-0.17238252,7.3549876,0.118507855,0.14660765,0.79045963
-6.375759,0.8571242,6.766014,-0.22113322,0.065973446,0.5900958
-6.4044895,1.3024458,6.8761473,0.20158553,-0.012217305,0.036651913
-6.3326635,2.0159178,6.4284315,0.28710666,0.014660766,-0.05497787
-6.3182983,2.1811178,6.8689647,0.02076942,-0.007330383,-0.07819075
-6.078878,0.7565677,6.5481415,-0.080634214,-0.015882496,-0.3652974
-7.065289,1.4197617,7.21373,0.015882496,0.03176499,0.17348573
-5.5760956,3.0142999,5.5042696,0.13194689,0.004886922,0.014660766
-6.95755,1.5442601,7.668628,0.9639453,-0.052534413,-0.15149458
-7.055712,1.0654198,7.1059904,0.02321288,0.030543262,0.089186326
-5.3007627,1.340753,6.435614,-0.3286455,-0.09896017,-0.12583824
-7.5680714,0.35194764,7.074866,-0.22357668,-0.04886922,-0.17348573
-5.8945246,3.0454245,5.9878983,0.15149458,0.09896017,0.4373795
-6.6103907,1.0510546,6.576872,-0.34208453,-0.081855945,-0.35796702
-7.204153,0.85473,7.0126166,-0.042760566,0.05131268,0.16249016
-5.66947,1.2042835,6.129156,-0.25289822,-0.009773844,-0.02565634
-7.261614,1.2904748,7.1395097,-0.13927728,-0.07086037,-0.25534168
-6.6367273,0.8355764,6.7205243,0.019547688,0.14294247,0.3494149
-5.9663506,1.42455,6.6726403,-0.18692477,-0.15271631,-0.39828414
-6.6103907,1.6472107,6.981492,-0.26511553,-0.028099801,0.0061086523
-5.741296,2.858677,5.889736,0.14294247,0.028099801,0.24556783
-7.156269,0.17238252,7.5345526,-0.27855456,-0.021991149,-0.07574729
-6.931214,-0.6703765,7.9990277,0.035430185,0.0012217305,0.29810223
-5.3845596,1.5275006,6.253655,-0.2406809,-0.062308256,-0.2724459
-7.2687964,1.043872,8.118738,-0.008552114,-0.02565634,0.061086524
-5.0038815,2.8993783,5.6886234,-0.017104227,0.034208454,0.021991149
-6.6175733,0.49559975,8.243237,-0.22968534,-0.08307768,-0.31642818
-5.6551046,0.05267244,6.727707,0.32742378,-0.118507855,-0.8576548
-6.1530986,-2.9855695,8.104373,-0.0061086523,-0.22602014,-0.8246681
-6.2943563,1.8171991,6.9862804,0.43982297,0.2321288,0.36896262
-5.765238,-0.009576807,7.0365586,0.105068825,0.058643065,-0.21746802
-7.350199,-0.41180268,6.9240313,-0.13194689,0.2687807,0.43982297
-6.6846113,0.079008654,6.787562,-0.065973446,0.08307768,0.5693264
-6.742072,-0.9744401,6.823475,-0.6914995,0.02321288,0.3848451
-5.7867856,1.067814,6.979098,0.61941737,-0.052534413,0.23335053
-5.434838,2.8538885,7.177817,0.2003638,-0.02443461,-0.26389378
-7.656657,-0.29927522,7.4507556,0.30298916,-0.05375614,-0.24312437
-5.741296,2.1499932,6.5505357,-0.16249016,0.11728613,0.48502702
-6.3781533,1.2545617,7.515399,0.07819075,-0.20891592,-0.5363397
-6.631939,2.111686,7.285556,-0.010995574,0.07086037,0.31520647
-5.116409,2.1428106,6.8761473,0.019547688,-0.064751714,-0.09040806
-7.8984714,1.2401965,7.3645644,-0.08552113,-0.13439035,-0.29443705
-5.2887917,3.9312792,6.0764837,0.0,0.13683382,0.46181414
-6.7947445,1.0103531,7.103596,0.12217305,-0.06841691,-0.42394048
-6.4068837,1.9608512,6.622362,0.008552114,0.15882497,0.4251622
-5.21936,2.0278888,6.8761473,-0.16126843,-0.09773844,-0.28099802
-7.2185183,1.1492168,8.180987,0.17959438,-0.1282817,0.18692477
-4.560954,2.681506,6.751649,0.21380283,0.030543262,0.1563815
-7.785944,0.5770026,8.106767,-0.23823744,-0.017104227,-0.27977628
-5.437232,2.707842,6.7013707,-0.04520403,0.059864793,0.51923543
-5.6215854,1.7286136,7.2472486,0.02321288,-0.09773844,-0.5216789
-6.5361705,1.1540052,7.1514807,0.03176499,0.12705997,0.29443705
-4.807557,1.5011644,7.314286,0.24312437,-0.13072516,-0.30176744
-5.451597,1.8315643,7.005434,-0.111177474,0.08674286,-0.3726278
-6.4188547,-3.2441432,8.540117,-1.1252137,-0.064751714,-0.91629785
-6.517017,-1.6687586,7.836222,-0.1685988,0.25778514,0.0036651916
-6.227319,-0.82360536,6.1746464,-0.26633725,0.04153884,-0.15882497
-6.505046,-0.9528923,7.285556,0.096516706,0.10629055,0.036651913
-6.7492547,-1.946486,7.1514807,-0.22113322,0.0012217305,0.46303585
-6.38773,-0.1364695,7.2592196,-0.17348573,0.028099801,0.7452556
-6.2225304,0.39743748,6.825869,0.06352998,-0.07819075,0.4972443
-6.4547677,-0.06464344,6.5457473,0.5326745,0.11484267,0.16982053
-6.5026517,1.2904748,7.2304893,-0.67073005,0.064751714,0.05009095
-6.411672,-0.51475334,7.156269,0.36041048,0.012217305,-0.07819075
-6.4763155,0.30645782,7.5345526,0.59742624,0.11484267,-0.112399206
-7.515399,0.062249243,6.6367273,0.04153884,-0.02076942,0.23335053
-5.805939,0.34476504,7.809886,-0.040317107,-0.06963864,-0.2284636
-6.766014,0.46926352,6.7923503,-0.02565634,-0.04153884,0.2284636
-6.1626754,0.22744916,7.627927,0.12461651,0.052534413,-0.112399206
-8.128315,-0.47165772,6.691794,0.015882496,-0.02076942,-0.09773844
-5.93762,0.14844051,7.491457,-0.17348573,-0.039095376,-0.06352998
-8.1642275,-0.50038815,6.0142345,0.12950343,-0.010995574,-0.07574729
-5.3103395,0.6392518,7.4124484,-0.02076942,0.004886922,-0.0036651916
-7.2352777,0.30406362,6.5936313,0.28099802,-0.029321533,-0.16126843
-5.351041,2.1571758,7.381324,0.096516706,0.034208454,0.105068825
-7.204153,1.4652514,6.337452,0.33841935,-0.07696902,-0.19181168
-6.105214,0.78290397,6.9000893,-0.25045475,0.014660766,0.118507855
-7.015011,0.6895301,6.4547677,0.015882496,-0.07819075,-0.06352998
-5.9184666,1.9632454,7.2568254,0.089186326,0.014660766,0.112399206
-7.1275387,0.60573304,6.6079965,0.28710666,-0.061086524,-0.21868975
-5.058948,2.5330653,7.6853876,0.3640757,0.02565634,0.06841691
-6.789956,0.80445176,6.172252,0.13805555,0.0,-0.06352998
-5.707777,2.3104045,8.111555,-0.013439035,-0.012217305,0.1441642
-7.680599,-1.0127473,5.614403,-0.17104226,-0.018325957,0.12217305
-5.839458,0.34955344,7.120356,-0.12461651,-0.008552114,-0.14782938
-5.6407394,0.320823,5.3079453,-0.27366763,-0.33841935,-1.2974777
-7.101202,-0.93373865,9.045294,1.1386528,-0.44715336,-1.4905112
-6.2488666,-2.870648,8.511387,0.49113566,0.25900686,0.68539083
-5.9304376,-1.2114661,7.3525934,0.15393804,0.32253686,0.906524
-5.9783216,1.2737153,7.28795,0.35430184,0.25778514,0.7672467
-6.117185,0.2777274,6.615179,-0.1563815,0.13805555,0.43860126
-6.5146227,0.78290397,7.6590514,-0.46670106,0.042760566,0.31398472
-6.1100025,1.5682021,7.120356,-0.1966986,0.035430185,0.26389378
-6.646304,-0.6799533,7.9750857,-0.26389378,-0.043982297,0.004886922
-6.2225304,0.93613285,7.1969705,0.28955013,0.12217305,0.28221974
-6.4763155,-0.6488287,6.95755,-0.12461651,-0.1001819,-0.42394048
-6.3422403,0.39264908,7.7213006,0.036651913,0.119729586,0.34574974
-6.811504,-1.0845734,7.1347213,-0.06963864,-0.1563815,-0.49235737
-6.196194,0.78769237,7.2185183,0.17959438,0.20891592,0.46792278
-6.76362,-0.7469909,6.847417,-0.056199603,-0.10262536,-0.37751472
-6.50744,-1.1779473,8.384495,-0.073303826,0.081855945,0.25045475
-6.241684,0.31603462,7.00304,-0.040317107,-0.16371189,-0.48502702
-6.172252,1.1252748,7.747637,-0.07574729,0.12705997,0.2724459
-5.911284,1.6519991,6.447585,-0.12217305,-0.10751228,-0.32620203
-6.373365,0.6727707,8.295909,-0.10873401,0.017104227,0.24678956
-6.196194,2.2170308,6.0166287,-0.096516706,-0.13805555,-0.42149702
-6.423643,0.32321724,7.896077,-0.14172074,0.0,0.095294975
-6.208165,2.2098482,6.2632318,0.06352998,-0.1282817,-0.22968534
-6.3589997,0.5530606,7.845799,-0.12217305,0.032986723,0.23945917
-6.0166287,2.3175871,6.169858,-0.02076942,-0.118507855,-0.1966986
-6.3925185,1.436521,7.5345526,-0.059864793,0.089186326,0.23701571
-5.81791,1.8770541,6.253655,-0.17348573,-0.09285152,-0.12950343
-6.5098343,0.56982,7.9750857,-0.17715092,0.09285152,0.19058995
-5.7484784,2.0590134,6.4164605,0.02443461,-0.081855945,-0.15515977
-6.588843,1.2306197,7.740454,-0.22235495,0.15271631,0.29077184
-5.3366756,1.9273324,6.4978633,-0.034208454,-0.05131268,-0.19303341
-4.9823337,1.1300632,7.3765354,-0.040317107,-0.13683382,-0.34574974
-5.6359506,-3.6272156,8.848969,-0.24678956,-0.31642818,-1.0690142
-5.3558292,-2.5474305,8.987833,1.1545353,-0.07941248,-0.23701571
-5.803545,0.7350199,7.237672,0.91996306,0.4092797,-0.05009095
-6.861782,1.5777789,6.706159,0.40439278,0.28588495,-0.13316862
-6.955156,1.2330139,6.409278,-0.17470746,0.09285152,0.12095132
-6.253655,0.49081135,7.419631,-0.3567453,-0.04520403,-0.04642576
-6.2009826,1.7645266,6.4164605,-0.02076942,-0.012217305,0.037873644
-6.385336,1.3215994,6.897695,-0.103847094,0.1160644,0.22235495
-6.8881183,1.4532804,6.301539,-0.37140608,0.22113322,0.66706485
-6.655881,1.9416976,6.289568,-0.10629055,0.14294247,0.54367006
-5.279215,4.027047,6.576872,-0.21868975,-0.07574729,0.1563815
-7.2592196,1.7932571,7.019799,0.19792034,-0.13927728,-0.29810223
-5.81791,2.2290018,6.6103907,-0.07696902,0.14660765,0.31764993
-6.8905125,1.2210429,6.8689647,0.15393804,-0.15393804,-0.38362336
-6.5457473,1.8962077,6.5337763,-0.14660765,0.12339478,0.4642576
-6.205771,0.866701,7.0365586,-0.07574729,-0.15760323,-0.43127087
-7.086837,0.32800564,6.799533,0.2761111,-0.0061086523,0.1881465
-5.08289,2.0709844,6.50744,0.1441642,0.1160644,-0.17959438
-8.611943,-0.090979666,7.192182,0.21502456,-0.019547688,-0.010995574
-5.681441,2.8562827,6.327875,-0.087964594,0.13316862,0.3652974
-6.05733,2.0207062,7.2424603,-0.056199603,-0.23090707,-0.3481932
-6.897695,1.3862427,6.64391,-0.06841691,0.13561209,0.40317106
-5.7628436,2.1547816,6.679823,-0.09896017,-0.10140363,-0.40561453
-8.1881695,-0.23702596,7.6111674,0.11484267,-0.037873644,0.04886922
-5.142745,3.6272156,6.4308257,0.18692477,0.04642576,-0.030543262
-8.0684595,1.352724,6.5744777,0.4007276,-0.021991149,0.09407325
-5.1475334,4.369418,6.3829417,-0.1282817,0.0720821,0.119729586
-5.8825536,1.1875241,6.979098,-0.15393804,-0.16371189,-0.54733527
-6.8569937,-1.115698,7.762002,-0.8918633,0.03176499,-0.74281216
-7.204153,0.29448682,6.655881,0.46303585,0.50335294,0.49968776
-6.9407907,1.0295067,5.6120086,0.061086524,0.18692477,-0.012217305
-6.9982514,2.3750482,5.741296,0.29443705,-0.012217305,0.039095376
-7.321469,1.1779473,6.1219735,0.32620203,-0.052534413,-0.034208454
-7.1634517,0.35194764,6.167464,0.13194689,-0.16493362,0.015882496
-6.8545995,0.4213795,7.2328835,-0.172264,-0.10995574,-0.09040806
-7.117962,0.8379706,6.64391,-0.16615535,0.2125811,0.5290093
-6.658275,2.1428106,5.7245364,0.10751228,0.2932153,0.5546656
-5.803545,3.6774938,5.08289,-0.13439035,-0.18448131,-0.19547687
-7.5345526,0.19871874,7.9990277,-0.16615535,-0.062308256,0.06841691
-5.90889,4.596867,4.9105077,-0.118507855,0.089186326,0.064751714
-7.2544312,1.2761095,7.36217,0.037873644,-0.09285152,-0.2284636
-6.4619503,3.5697548,5.6359506,0.14294247,0.27000242,0.47891834
-6.931214,1.2306197,7.0820484,-0.44715336,-0.204029,-0.4447099
-6.603208,1.1468226,7.0964136,0.23457226,0.119729586,0.42271876
-6.4044895,2.3558946,6.0501475,0.37140608,-0.2443461,-0.41905355
-7.007828,0.8499416,7.4483614,-0.11362094,0.080634214,0.17715092
-6.0645127,4.6519337,4.9583917,0.1563815,-0.02565634,-0.14049901
-7.1993647,0.63206923,7.776367,0.03176499,0.07941248,0.21135938
-5.9400144,3.775656,4.960786,-0.018325957,-0.015882496,-0.15271631
-7.61835,-0.5482722,8.279149,0.15760323,-0.105068825,0.010995574
-5.875371,4.0653543,5.245696,0.172264,0.10751228,0.10629055
-7.2664022,0.78290397,7.551312,0.018325957,-0.09896017,-0.119729586
-5.923255,4.1060557,5.683835,-0.06963864,0.15271631,0.22479841
-6.7708025,0.46208093,7.1993647,-0.042760566,-0.18692477,-0.32620203
-5.7843914,2.7341783,5.849035,0.14905111,-0.33841935,-0.63529986
-6.339846,-2.5139117,8.1163435,-2.008525,-0.31642818,-0.8772025
-6.31351,-2.9592333,7.7428484,-0.21380283,-0.10629055,-0.26389378
-6.0381765,-1.1851299,7.2472486,0.2724459,0.04153884,0.12950343
-6.105214,-1.2880806,7.433996,0.45937067,0.24190263,-0.062308256
-6.2991447,0.320823,7.005434,-0.21380283,0.22602014,-0.15515977
-7.2807674,-2.4013844,7.627927,0.5375614,0.10751228,0.3652974
-6.7947445,-1.4508862,5.9567738,-0.33108896,0.16493362,1.0115929
-6.76362,0.07182605,7.007828,-0.19792034,0.057421334,0.65484756
-6.3661823,1.9632454,5.8346696,0.9419542,-0.13683382,0.31642818
-6.8641763,0.9624691,6.8067155,-0.06352998,0.019547688,-0.012217305
-6.349423,1.8818425,7.1227503,0.17715092,-0.004886922,0.13805555
-6.2249246,1.4772224,7.311892,-0.36651915,-0.07452556,0.030543262
-6.3829417,1.7621324,7.074866,0.12705997,-0.02076942,-0.014660766
-8.851364,-1.7549498,6.078878,-0.59620446,-0.105068825,-0.18448131
-4.865018,2.3080103,8.00621,-0.0036651916,-0.09896017,0.15760323
-8.413225,-0.85473,6.469133,-0.043982297,0.062308256,-0.30298916
-4.7141833,4.2305546,7.4124484,-0.11728613,-0.111177474,0.3933972
-8.207323,-0.7422025,6.95755,0.33841935,0.013439035,-0.42638394
-5.707777,2.0135236,6.739678,-0.14538592,-0.007330383,0.5522222
-6.564901,-0.23463176,7.2113357,0.20158553,0.04520403,-0.34697145
-7.553706,-0.29688102,6.4068837,-0.10262536,0.029321533,0.11362094
-6.054936,0.80205756,7.275979,0.204029,0.04642576,-0.17348573
-7.431602,1.4269443,6.1985884,-0.0036651916,-0.13316862,0.14782938
-6.1219735,-0.24660277,7.216124,0.15515977,0.087964594,-0.12705997
-7.78355,0.2825158,5.7269306,0.036651913,0.015882496,0.06841691
-5.865794,1.1013328,8.003817,-0.14660765,-0.080634214,-0.19181168
-7.4507556,0.12689269,5.57849,0.073303826,-0.028099801,0.057421334
-6.0525417,-0.29448682,7.249643,0.23823744,-0.0061086523,-0.20647246
-5.913678,1.0510546,6.5146227,-0.23579398,0.2003638,-0.30909783
-6.0621185,-0.9983821,8.109161,-0.79168135,-0.28955013,-0.6585127
-7.321469,-2.456451,7.429208,-0.05375614,0.05009095,-0.17104226
-6.191406,-0.5722142,7.103596,0.49968776,0.02687807,-0.35185838
-6.7492547,0.49081135,5.437232,0.31887165,0.008552114,-0.0842994
-6.3566055,-2.1452048,7.1347213,-0.012217305,-0.14782938,-0.2003638
-6.14831,-3.2154129,7.2472486,0.06719518,0.06963864,0.14172074
-6.9838862,-1.5251064,6.9048777,0.23945917,0.112399206,0.5815437
-6.6247563,1.8986019,7.201759,0.59131753,0.16493362,0.91874135
-6.4882865,0.4405331,6.5002575,-0.6646214,0.2003638,0.79901177
-6.7444663,1.079785,6.3422403,-0.73548174,0.052534413,0.40683624
-6.0405707,0.93852705,7.0964136,-0.17959438,-0.028099801,0.2321288
-7.249643,-0.92416185,7.2664022,-0.07696902,-0.20280726,-0.3481932
-5.995081,1.0007763,6.7851677,0.36285394,0.11362094,0.52656585
-7.429208,-1.6208745,7.0126166,-0.27366763,-0.10629055,-0.40683624
-6.3589997,0.6823475,6.95755,0.3555236,0.096516706,0.5009095
-6.2728086,-1.5849615,6.447585,-0.24801129,-0.1282817,-0.643852
-6.727707,-1.0366893,7.359776,0.43004912,0.1282817,0.5131268
-6.1938,-0.830788,6.4619503,-0.21502456,-0.065973446,-0.49602258
-7.120356,-1.2401965,8.24563,-0.04642576,0.09407325,0.36163223
-5.499481,0.4213795,6.2752028,-0.052534413,-0.05009095,-0.3885103
-6.9958572,-0.22744916,8.281544,-0.0012217305,0.034208454,0.15027285
-5.415684,0.33758244,6.4667387,0.052534413,0.0036651916,-0.25411993
-7.8386164,-2.1188686,8.327033,-0.087964594,-0.02076942,-0.13316862
-5.791574,1.0390835,5.777209,-0.09407325,0.02687807,0.22602014
-7.8865004,-2.2409728,8.197746,-0.13316862,-0.07819075,-0.105068825
-5.29358,2.3798366,5.5018754,0.1685988,-0.007330383,0.07941248
-7.1969705,-1.2234371,7.9487495,-0.29932398,-0.032986723,-0.17715092
-5.523423,1.7836803,5.815516,0.13439035,0.007330383,0.14782938
-7.3286514,-1.1540052,7.8529816,-0.23335053,-0.06719518,-0.15882497
-5.446809,2.5091233,5.9184666,0.19058995,0.042760566,0.22113322
-6.007052,-0.5267244,7.275979,-0.007330383,-0.039095376,-0.68294734
-5.865794,-1.7764976,7.577648,0.19058995,-0.11484267,-0.643852
-6.8091097,-2.3870192,8.401254,0.6426302,0.2968805,-0.2443461
-6.349423,0.34955344,6.066907,0.17348573,0.21013765,-0.13805555
-6.921637,-0.2753332,7.7069354,0.20280726,0.13683382,0.3494149
-6.217742,-1.4077905,6.8569937,0.043982297,-0.10751228,-0.20891592
-7.228095,-1.4652514,7.955932,-0.013439035,0.06352998,0.52778757
-6.351817,0.9720459,6.742072,-0.015882496,0.037873644,0.59986967
-6.3589997,0.22026655,5.925649,-0.36774087,0.13316862,0.45814893
-6.5864487,1.8602947,7.2807674,0.28710666,-0.009773844,0.23579398
-6.0477533,1.8770541,6.6606693,-0.002443461,-0.06963864,0.20769419
-5.518635,2.2649148,7.0245876,0.20158553,0.0036651916,-0.3921755
-7.311892,1.1659763,7.515399,0.13072516,-0.0036651916,0.13194689
-5.020641,3.2728736,6.2728086,-0.33353242,-0.119729586,0.1600467
-8.264784,-0.21547815,7.929596,-0.0012217305,-0.028099801,-0.30176744
-5.0541596,2.2768857,6.969521,-0.26633725,-0.014660766,0.31520647
-7.4627266,-1.1444284,7.726089,-0.16982053,-0.017104227,-0.38240165
-5.568913,1.5107412,6.969521,0.4288274,0.17715092,0.5534439
-5.9567738,1.7477672,6.8761473,-0.2724459,-0.17592919,-0.5009095
-6.9120603,0.47165772,8.355764,0.44715336,-0.06719518,0.17348573
-4.972757,2.0398598,6.169858,-0.052534413,0.10629055,0.039095376
-8.252813,0.5291186,7.1969705,-0.36163223,-0.007330383,-0.080634214
-5.746084,1.697489,6.777985,-0.13561209,0.14782938,0.36285394
-5.499481,2.3247697,6.742072,0.27000242,-0.17104226,-0.4654793
-6.315904,1.8602947,6.3805475,0.0012217305,0.11728613,0.32986724
-6.7492547,-1.1372458,7.180211,-0.4166101,-0.019547688,-0.34574974
-7.1275387,0.4189853,7.4004774,0.10629055,0.04886922,0.12339478
-5.267244,1.4197617,7.065289,0.28099802,-0.04520403,-0.112399206
-6.5840545,0.6560113,7.0485296,-0.73914695,-0.052534413,-0.2406809
-6.315904,-1.4221559,7.297527,-1.3304645,0.04153884,-0.67073005
-7.441179,-1.127669,6.4763155,0.20280726,0.18570304,0.0012217305
-6.8330517,-3.3423057,8.212111,-0.22357668,-0.081855945,-0.061086524
-6.2249246,-0.47165772,6.871359,-0.111177474,0.05009095,0.013439035
-6.6893997,-0.2873042,7.1490865,0.21502456,-0.05131268,-0.007330383
-6.445191,0.18195933,6.10282,0.27488935,-0.10873401,0.007330383
-6.4667387,-1.6543933,8.465898,-0.22968534,-0.15149458,0.12705997
-5.9783216,-0.33279404,7.8386164,0.16371189,-0.015882496,0.40561453
-6.2105594,-0.2753332,7.419631,0.103847094,0.22235495,0.8381071
-6.349423,-0.12449849,7.2592196,-0.039095376,0.15027285,0.52534413
-5.568913,2.1045034,5.9304376,-0.23090707,-0.017104227,-0.19547687
-7.6949644,0.031124622,8.14268,-0.002443461,0.15027285,0.15271631
-4.8985367,2.1140802,6.0716953,-0.047647487,0.13683382,0.2773328
-7.2352777,0.37588966,7.5465236,-0.06963864,-0.10995574,-0.36285394
-5.971139,1.1252748,6.9024835,0.26511553,0.14905111,0.4801401
-6.0238113,0.39025488,6.9407907,-0.10262536,-0.11484267,-0.5290093
-6.9048777,0.9768343,7.788338,-0.015882496,0.119729586,0.23579398
-4.939238,2.6168625,6.093243,0.16249016,-0.07574729,-0.0842994
-7.606379,0.12928689,7.9463553,-0.25778514,-0.034208454,-0.09285152
-5.2049947,4.024653,5.9184666,0.09285152,-0.0012217305,-0.043982297
-7.3071036,0.48362875,7.5824366,-0.057421334,-0.10995574,-0.14660765
-5.4922986,2.956839,6.325481,-0.05131268,0.13439035,0.4007276
-7.433996,-0.7374141,7.953538,0.06352998,-0.15393804,-0.31398472
-5.6239796,2.908955,6.339846,0.19792034,0.16982053,0.31642818
-7.0724716,-0.18435353,7.0006456,0.07086037,-0.07086037,-0.50823987
-5.925649,1.2258313,6.9288197,0.10629055,0.1881465,0.43004912
-6.133945,0.80205756,7.225701,-0.18203785,-0.21746802,-0.49113566
-6.0956373,1.7812861,7.2711906,0.057421334,0.16982053,0.4251622
-5.7125654,1.8794483,6.423643,-0.061086524,-0.2846632,-0.5546656
-5.3462524,1.2808979,7.261614,-0.042760566,-0.27977628,-0.6560693
-6.2488666,-1.2330139,8.075643,-0.4361578,-0.021991149,-0.47647488
-6.179435,-3.478775,7.917625,0.14905111,0.119729586,-0.3115413
-5.985504,-0.50038815,6.6606693,0.55833083,-0.2125811,-0.766025
-6.0238113,-0.7350199,8.298303,-0.20647246,0.008552114,-0.02443461
-5.8562174,-0.12928689,7.321469,0.06719518,0.012217305,0.06963864
-6.1100025,-0.1364695,7.752425,0.18692477,0.30298916,0.47158796
-5.779603,0.5267244,7.03177,0.42149702,0.1881465,0.643852
-7.4483614,-0.581791,7.041347,-0.22235495,0.12950343,0.30298916
-6.2871737,0.37828386,7.038953,-0.16737708,0.12950343,0.548557
-6.4619503,0.25857377,6.363788,-0.1001819,0.017104227,0.3286455
-6.2345014,2.3894134,6.3829417,1.1520919,-0.10995574,0.18936823
-6.1985884,3.4739866,7.5680714,0.6963864,-0.030543262,-0.15515977
-6.2225304,3.2010477,6.1985884,-0.3359759,0.119729586,-0.015882496
-6.2991447,1.8052281,6.4978633,-0.29565877,0.030543262,0.04886922
-5.7484784,2.542642,6.6726403,0.07941248,0.10262536,-0.15393804
-8.444349,0.34955344,6.131551,-0.4972443,-0.105068825,-0.02443461
-5.185841,3.0909145,7.261614,-0.25167647,0.105068825,0.14294247
-8.671799,0.93613285,6.4044895,0.14049901,-0.1881465,-0.2919936
-4.759673,2.8802247,7.587225,-0.059864793,0.052534413,0.06841691
-8.343793,-0.3184288,6.105214,0.1881465,0.02687807,-0.16737708
-5.4563856,2.3295584,7.1945763,0.25289822,-0.0012217305,-0.09407325
-7.9702973,1.0630256,5.6670756,-0.10995574,-0.029321533,0.13316862
-5.446809,1.3479356,7.9846625,0.20769419,-0.0720821,-0.14905111
-7.517793,1.0007763,5.66947,0.15027285,-0.03176499,0.13316862
-5.4803276,4.173094,7.9631147,0.118507855,0.035430185,-0.030543262
-6.933608,2.006341,5.2863975,0.12095132,-0.12461651,0.25167647
-5.6335564,3.3039982,7.383718,0.44348818,-0.037873644,-0.24801129
-6.7803793,1.7932571,5.6910176,-0.49113566,-0.047647487,0.16615535
-7.338228,1.9656396,6.066907,0.103847094,0.036651913,-0.31887165
-5.9184666,3.6104562,6.801927,-0.25167647,0.017104227,0.23945917
-7.5584946,1.448492,4.9799395,-0.16371189,-0.15760323,-0.3213151
-5.6215854,2.6767175,5.547365,-1.1203269,-0.47403142,-0.90285885
-6.9479733,-3.064578,8.358158,-0.7770206,-0.38606682,-1.0494665
-6.181829,-3.0573955,7.639898,-0.31642818,0.2443461,-0.15760323
-6.4284315,-1.4413095,7.831434,1.3622295,0.26145032,0.50335294
-6.5265937,1.7046716,6.3781533,0.7965683,0.18081611,0.6243043
-6.4643445,0.58897364,6.766014,0.17715092,-0.02076942,0.22602014
-6.658275,-0.4165911,7.273585,0.08307768,-0.07574729,0.15393804
-6.315904,2.2840683,6.5241995,0.2687807,0.25534168,0.37873647
-6.543353,2.9783869,6.4284315,0.37507126,0.2321288,0.44959682
-6.588843,2.5617957,6.8091097,-0.34574974,0.103847094,0.30909783
-6.253655,2.6024973,5.959168,-0.06719518,-0.081855945,-0.1282817
-7.240066,1.4269443,7.290344,0.010995574,-0.037873644,-0.010995574
-5.710171,5.035006,4.8147397,0.095294975,0.018325957,0.0012217305
-7.16824,1.9321208,7.3071036,-0.06963864,0.040317107,0.15393804
-5.884948,3.6727054,5.473145,0.31398472,-0.10262536,-0.35918877
-7.1131735,0.91458505,7.5465236,-0.13194689,-0.07941248,-0.009773844
-5.583278,3.5003228,5.8083334,-0.05009095,-0.12705997,-0.35063666
-6.6774287,1.091756,7.920019,-0.09285152,0.062308256,0.2883284
-6.2512608,3.7181952,5.2983685,0.21991149,-0.172264,-0.5143485
-6.945579,0.5482722,7.0365586,-0.22602014,0.1160644,0.38240165
-6.897695,-0.33997664,7.275979,-0.1966986,-0.2773328,-0.58032197
-5.997475,4.3143516,6.114791,0.09407325,0.14660765,0.28710666
-6.9144545,-0.6991069,7.429208,0.007330383,-0.002443461,0.09896017
-6.540959,2.837129,6.030994,0.07819075,-0.1441642,-0.31520647
-6.76362,0.8451532,7.098808,0.07574729,0.15882497,0.42271876
-6.4499793,-0.9696517,7.417237,-0.18692477,-0.18203785,-0.27488935
-6.471527,2.3535004,6.1746464,0.09773844,0.15027285,0.21624629
-6.7253127,-2.1140802,8.365341,-0.07574729,-0.14294247,-0.059864793
-5.827487,2.6312277,5.6790466,-0.24678956,-0.07086037,-0.21991149
-4.996699,3.0573955,5.8825536,-0.408058,-0.21868975,-0.5864306
-6.045359,-1.8100165,8.2169,0.40561453,-0.453262,-0.9578367
-6.179435,-0.11252748,8.882488,0.47647488,0.015882496,-0.032986723
-5.645528,1.0319009,7.029376,-0.037873644,0.25900686,-0.040317107
-6.227319,1.8770541,6.8306575,-0.7867944,0.33108896,0.15515977
-6.5696893,0.6536171,6.531382,-0.42394048,0.18570304,0.16371189
-6.6175733,0.9911995,7.00304,-0.010995574,0.08307768,0.15882497
-5.7843914,1.3455414,6.4547677,0.018325957,-0.0061086523,-0.018325957
-7.1586633,0.4309563,7.120356,0.036651913,0.1600467,0.4166101
-6.4619503,1.9680338,5.9783216,0.2284636,0.06352998,0.64996064
-6.2512608,2.5115175,6.600814,-0.6401868,0.029321533,0.47647488
-6.4404025,0.51235914,7.2592196,0.19181168,-0.040317107,-0.29932398
-5.9998693,1.8124107,6.655881,-0.06963864,0.059864793,0.36285394
-6.64391,0.33997664,6.859388,-0.021991149,-0.13805555,-0.45814893
-5.758055,2.4492683,7.00304,-0.09285152,0.04886922,0.44715336
-7.7548194,0.4333505,7.043741,0.06352998,-0.037873644,-0.48747048
-5.719748,1.99437,6.742072,-0.31642818,0.018325957,0.48747048
-7.249643,0.021547815,7.103596,-0.07696902,0.004886922,-0.45448375
-6.172252,1.7357962,7.1059904,-0.12950343,0.032986723,0.49602258
-6.931214,1.5131354,7.455544,0.07452556,-0.10140363,-0.5363397
-6.0118403,1.6256629,7.0245876,-0.25045475,0.06963864,0.45081854
-6.789956,0.5793968,6.612785,-0.095294975,-0.06841691,-0.32620203
-5.872977,2.3654714,7.431602,-0.14660765,-0.040317107,0.31887165
-8.066066,-1.1061212,6.5361705,-0.43860126,-0.04520403,-0.22602014
-5.473145,1.5658079,6.457162,-0.27366763,-0.021991149,0.02076942
-6.88333,-0.08140286,6.540959,-0.7122689,-0.11728613,-0.38973203
-8.1163435,-3.2752678,8.614338,-0.64996064,0.172264,0.056199603
-6.751649,-0.33997664,6.232107,-0.1600467,0.21746802,0.535118
-5.9783216,2.767697,6.8929067,-0.35918877,0.23335053,0.6084218
-6.3949127,0.545878,7.240066,-0.3286455,0.09162979,0.4361578
-6.0980315,0.011971008,6.493075,-0.21502456,-0.13439035,-0.44715336
-7.3765354,-0.39025488,7.21373,0.20525073,0.019547688,0.2968805
-6.2823853,0.9528923,5.9926867,0.32253686,-0.08552113,-0.54000485
-6.9168487,-1.2593501,7.654263,0.22113322,-0.039095376,0.32253686
-6.4978633,0.16759412,6.0477533,0.081855945,-0.08674286,-0.55955255
-6.8067155,-0.7685388,8.046912,0.09040806,-0.012217305,0.2932153
-6.215348,0.9720459,5.542577,0.3213151,-0.11362094,-0.53878313
-6.7827735,0.20590134,7.3885064,0.015882496,0.015882496,0.27000242
-7.2328835,-1.9608512,6.775591,-0.16126843,0.058643065,-0.2773328
-6.0046577,1.5801731,6.6726403,0.18936823,-0.039095376,-0.06352998
-6.8450227,-0.9888053,7.1945763,0.065973446,-0.056199603,0.105068825
-6.0716953,3.2704794,5.559336,0.112399206,0.10629055,0.040317107
-7.335834,-1.7357962,7.603985,-0.09285152,-0.02443461,-0.08674286
-6.0477533,2.8754363,5.9519854,0.20158553,-0.0012217305,-0.0012217305
-6.7851677,-1.1420342,7.515399,0.07452556,-0.06963864,0.10873401
-6.0621185,2.5258827,6.093243,0.05009095,0.1282817,0.057421334
-7.074866,-1.2473791,7.965509,0.112399206,-0.0036651916,0.23335053
-6.2392898,0.9552865,6.4763155,0.030543262,-0.12095132,-0.204029
-6.5098343,0.21787235,7.762002,-0.06352998,0.042760566,0.21013765
-6.2392898,1.9656396,5.9878983,-0.07086037,-0.07696902,-0.20280726
-4.584896,1.7669208,6.670246,0.7147123,-0.1600467,-0.56688297
-6.241684,-3.466804,8.899248,-0.7049385,0.24678956,-1.0323622
-7.4723034,-2.336741,7.240066,-0.14049901,0.44348818,-0.04642576
-6.4044895,-1.2497733,3.9983168,-1.3206906,-0.081855945,-0.43249258
-6.6295447,-4.6926355,6.5481415,-0.9114109,0.16737708,0.3005457
-7.821857,-4.7668557,5.801151,0.3359759,0.24312437,0.3640757
-7.252037,-1.388637,5.6646814,0.7293731,0.012217305,0.35063666
-6.7803793,0.49799395,6.775591,0.11728613,-0.032986723,0.7611381
-7.026982,-1.1468226,6.658275,0.18203785,-0.20525073,0.31520647
-7.216124,0.81402856,6.1004257,-0.93218035,-0.07574729,0.25778514
-6.105214,0.6631939,7.61835,0.22113322,-0.039095376,0.07574729
-5.959168,0.93852705,6.4763155,-0.8051204,0.06352998,-0.35796702
-6.5002575,2.3511062,8.010999,0.4801401,-0.042760566,0.65484756
-6.4068837,-0.47165772,7.03177,0.20891592,0.10629055,-0.18692477
-7.3909006,-1.0989386,6.3206925,-0.40683624,-0.080634214,0.111177474
-5.482722,0.31364042,7.1754227,0.062308256,0.12095132,-0.19058995
-7.884106,-0.5674258,6.8091097,-0.07574729,-0.09773844,0.032986723
-5.813122,0.81642276,7.517793,0.028099801,0.09407325,-0.15271631
-8.470686,-2.0733786,6.375759,-0.09162979,-0.008552114,0.13072516
-5.446809,0.80205756,7.6375036,0.15149458,0.12217305,-0.06719518
-7.5584946,-0.076614454,6.078878,0.10629055,-0.05375614,-0.019547688
-5.6359506,1.8028339,8.1881695,0.1600467,0.14538592,-0.09407325
-7.795521,0.4141969,5.683835,0.07086037,-0.03176499,0.065973446
-5.6646814,1.3599066,7.73806,0.16126843,0.096516706,-0.05009095
-6.6654577,2.2361844,6.3350577,0.07941248,-0.1600467,0.13316862
-7.465121,0.60812724,6.4427967,0.37140608,0.087964594,-0.16615535
-6.564901,1.1827357,5.5521536,-0.37873647,0.087964594,0.28344148
-7.3286514,1.067814,6.7205243,0.22479841,-0.009773844,-0.21502456
-7.433996,1.328782,6.169858,-0.064751714,0.111177474,0.0012217305
-6.205771,1.3311762,8.058883,0.20647246,0.043982297,-0.1685988
-6.517017,2.078167,6.3542113,0.0012217305,-0.04520403,-0.17470746
-6.327875,-0.12210429,7.261614,-1.237613,-0.018325957,-0.6010914
-8.243237,-3.9480386,6.8330517,0.0061086523,-0.095294975,-0.22113322
-5.9783216,0.3184288,6.2488666,0.84299403,0.24678956,0.30909783
-7.1275387,-0.11971009,6.7133417,0.45448375,0.18692477,0.3811799
-6.7612257,-2.0901382,7.0485296,-0.02443461,0.017104227,-0.103847094
-6.969521,-0.2633622,6.76362,-0.25289822,-0.05131268,0.44593164
-6.579266,2.0949266,7.2472486,-0.081855945,0.10629055,0.9272934
-6.5984197,0.5650316,6.622362,-0.7464773,-0.172264,0.312763
-6.1866174,0.23942018,7.3286514,-0.037873644,0.017104227,0.39828414
-6.253655,1.3790601,6.682217,0.17348573,-0.02565634,-0.036651913
-7.6973586,-3.8426938,8.231265,0.118507855,-0.017104227,0.047647487
-6.133945,1.2521675,5.7125654,0.5717699,-0.089186326,-0.3200934
-7.144298,-0.60333884,7.9272017,-0.28344148,0.058643065,0.27977628
-6.4404025,2.2864625,5.9878983,0.27977628,-0.10995574,-0.36163223
-6.4858923,-0.81881696,8.456321,0.12217305,0.014660766,0.2932153
-6.14831,1.4413095,6.327875,-0.061086524,-0.14049901,-0.66339964
-6.4140663,-0.107739076,8.058883,-0.052534413,0.081855945,0.38240165
-6.6774287,-1.0845734,6.694188,-0.38240165,-0.17959438,-0.593761
-6.543353,-0.06943185,7.541735,0.06841691,0.16371189,0.4288274
-6.363788,-0.8834604,6.8091097,-0.30176744,-0.20280726,-0.52412236
-6.2728086,0.10055647,7.893683,-0.0720821,0.1001819,0.33475417
-6.232107,0.24420857,6.375759,-0.13072516,-0.18448131,-0.5705481
-6.4404025,0.15083471,7.752425,0.13805555,0.18325958,0.46303585
-6.3446345,0.32321724,6.5864487,-0.11728613,-0.14905111,-0.35796702
-6.447585,-0.7517793,8.185776,0.081855945,-0.018325957,0.26511553
-5.920861,0.62967503,6.8641763,-0.15271631,-0.28710666,-0.44715336
-5.925649,1.9728222,7.0485296,0.33841935,0.20280726,0.47036624
-6.337452,-1.4173675,7.728483,-0.017104227,-0.119729586,-0.35063666
-5.722142,-1.508347,7.7428484,-0.4251622,-0.043982297,-0.6072
-5.1140146,-0.5434838,8.051701,0.21135938,-0.02443461,-0.47525316
-7.3645644,0.16998832,7.599196,1.5577064,0.43493605,-0.08674286
-7.050924,-4.4556093,7.6710224,0.33964106,0.16371189,-0.28588495
-7.225701,2.4181437,5.6790466,0.14905111,0.20280726,0.37751472
-6.5984197,1.4939818,6.4380083,-0.3481932,0.065973446,0.16249016
-7.2951326,1.3599066,6.3781533,0.007330383,0.096516706,0.35918877
-6.655881,0.46686932,6.9527617,-0.26267207,0.12217305,0.42638394
-6.435614,2.3319526,6.3709707,0.35796702,0.1001819,0.30909783
-5.813122,3.4213142,6.631939,-0.19303341,-0.08552113,0.22968534
-8.549694,0.074220255,6.7492547,0.0842994,-0.19914207,-0.6218608
-5.363012,2.516306,6.105214,-0.4813618,0.03176499,0.3811799
-7.422025,1.3072342,7.1083846,0.2284636,-0.118507855,-0.5558874
-6.3589997,1.6711528,5.6407394,-0.16126843,0.07819075,0.5522222
-7.4244194,0.14604631,7.0581064,-0.10262536,0.019547688,-0.4605924
-5.497087,2.3894134,6.7947445,-0.06352998,-0.05375614,0.5534439
-7.855376,-1.8435353,6.945579,-0.14172074,0.014660766,-0.50701815
-5.837064,2.147599,6.361394,0.018325957,0.065973446,0.38606682
-8.032547,-1.412579,7.393295,-0.010995574,0.010995574,-0.36651915
-5.815516,1.1707647,5.815516,0.28344148,0.11362094,0.5216789
-6.375759,2.0685902,5.9160724,-0.029321533,-0.06352998,-0.675617
-6.7803793,1.922544,6.895301,0.25167647,0.10629055,0.2968805
-6.179435,-0.0047884034,7.1059904,0.19547687,-0.009773844,-0.2687807
-6.9647326,1.0055647,6.5385647,0.111177474,0.04642576,0.3567453
-5.93762,1.2856863,6.919243,-0.13927728,-0.05131268,-0.25045475
-6.9360023,0.4237737,6.081272,-0.058643065,0.06963864,0.3555236
-7.038953,0.07182605,7.1634517,-0.3200934,0.112399206,-0.3005457
-6.4523735,1.5825673,5.913678,-0.91996306,0.17592919,-0.5534439
-7.4962454,-2.1811178,6.4763155,-0.7684685,-0.12583824,-0.61086524
-6.411672,-0.32800564,7.2352777,0.04642576,0.22602014,0.44348818
-7.1275387,-2.0614076,7.1826053,-0.0842994,0.064751714,0.065973446
-6.6630635,-0.9911995,6.7923503,-0.11484267,-0.10629055,-0.15027285
-6.8186865,0.6607997,6.3589997,0.039095376,-0.15027285,-0.11484267
-7.443573,-0.22984336,6.9503675,-0.2932153,0.052534413,0.47158796
-6.801927,1.0654198,6.7133417,-0.18081611,0.1001819,0.7696902
-6.1123967,1.0199299,6.2752028,-0.052534413,0.0842994,0.32253686
-6.054936,1.7621324,7.5848308,0.2003638,-0.13194689,-0.7611381
-7.1706343,-0.0023942017,6.775591,-0.052534413,0.1881465,0.51923543
-6.799533,0.58897364,6.8162923,0.07452556,-0.12705997,-0.67073005
-6.579266,0.79008657,7.041347,0.23701571,0.09285152,0.57910025
-6.4906807,0.8355764,6.397307,-0.013439035,-0.26145032,-0.79534656
-6.706159,0.94570965,7.311892,0.018325957,0.204029,0.63041294
-7.2831616,-2.1045034,7.0485296,-0.111177474,-0.09896017,-0.66828656
-6.2105594,3.3183637,6.2943563,0.19181168,0.10995574,0.40439278
-7.548918,-1.3623008,6.8569937,0.042760566,-0.18325958,-0.36285394
-6.1411276,3.7828386,5.647922,0.16982053,0.23457226,0.32986724
-7.4986396,-1.283292,7.6111674,-0.13805555,-0.18081611,-0.04153884
-5.9184666,3.0190883,5.973533,0.18692477,0.17837265,0.44226643
-7.1634517,-1.4580688,7.326257,0.02321288,-0.14905111,-0.2724459
-5.8203044,3.98874,5.5042696,0.24556783,0.11484267,0.11362094
-7.608773,-0.45010993,7.52737,-0.111177474,-0.040317107,0.0036651916
-5.722142,5.3223104,5.1666875,0.44959682,-0.0842994,-0.06963864
-6.2464724,2.1380222,6.849811,-0.20647246,-0.15760323,-0.47647488
-6.5026517,-0.23942018,6.943185,-0.24556783,-0.19547687,-0.6609562
-7.132327,-3.0262709,9.13388,0.4569272,0.042760566,-0.12461651
-6.4619503,-0.14604631,6.7013707,-0.64996064,0.24801129,0.17348573
-6.7947445,0.6440403,6.411672,-0.2687807,0.13805555,0.09285152
-7.156269,0.59376204,6.4427967,0.056199603,0.081855945,0.56199604
-6.6415157,0.34476504,6.6391215,-0.37751472,0.05497787,0.44348818
-6.6606693,1.2162545,6.9838862,0.3494149,0.064751714,0.30543262
-6.4044895,1.6304513,6.895301,-0.37995818,0.040317107,0.25167647
-6.0405707,1.3096284,7.2687964,-0.012217305,0.118507855,-0.07819075
-8.183381,0.4285621,3.8618474,-0.172264,-0.02565634,0.1441642
-6.203377,1.412579,7.9343843,0.25411993,0.09407325,-0.25167647
-6.789956,0.8834604,5.801151,-0.28344148,-0.10140363,0.35063666
-6.6486983,0.94092125,8.149862,0.24801129,0.1282817,-0.32375857
-6.991069,-0.58418524,6.2249246,-0.44837508,-0.08552113,0.2687807
-6.205771,0.059855044,7.867347,0.4166101,0.17715092,-0.38240165
-6.483498,1.5801731,6.447585,-0.36041048,-0.17470746,0.3640757
-7.1131735,-0.7469909,6.8282633,0.56321776,0.09162979,-0.16982053
-5.547365,2.72939,7.6015906,-0.19914207,-0.057421334,0.20280726
-7.192182,0.22505496,5.377377,0.20158553,0.0061086523,-0.059864793
-5.3845596,1.9033904,8.255207,0.059864793,0.105068825,-0.073303826
-7.5225816,-0.36391866,5.317522,-0.15271631,0.030543262,-0.02565634
-6.1004257,1.2545617,7.750031,0.4447099,0.15027285,-0.20647246
-6.4787097,1.1659763,6.9360023,-0.46303585,-0.09162979,0.22968534
-8.674192,0.19393034,5.3821654,0.10751228,0.17592919,-0.13316862
-5.861006,2.6408045,6.0142345,-0.12095132,0.042760566,-0.3408628
-6.31351,-0.5626374,6.9000893,0.015882496,-0.37995818,-1.0042624
-7.8745294,-3.0334535,9.397242,0.30543262,0.19792034,0.32986724
-5.717354,1.2641385,6.4164605,0.2724459,-0.040317107,0.09162979
-6.567295,0.22266077,7.1059904,0.23579398,0.30176744,0.49113566
-6.766014,-1.0223241,7.252037,-0.030543262,0.0061086523,0.028099801
-6.7612257,0.4165911,6.991069,0.021991149,0.089186326,0.37873647
-7.177817,0.2896984,6.9383965,-0.28099802,0.24923302,0.47769663
-6.7348895,1.1755531,6.203377,-0.5558874,0.004886922,0.31642818
-6.375759,1.4820108,6.373365,-0.12095132,0.095294975,0.20158553
-7.8266454,-2.2984335,7.905654,-0.16982053,-0.17470746,-0.39828414
-6.208165,2.7581203,5.559336,0.27000242,0.16615535,0.3567453
-7.1514807,-0.6991069,7.2544312,0.036651913,-0.119729586,-0.17592919
-5.7125654,2.2481554,5.825093,0.08674286,-0.095294975,-0.22724187
-7.28795,-0.45010993,7.5106106,-0.42638394,0.0036651916,0.19058995
-6.184223,2.681506,6.208165,0.2321288,-0.13561209,-0.4129449
-6.979098,1.0390835,7.249643,0.02321288,0.12950343,0.4288274
-7.3047094,-2.8275523,6.993463,-0.17348573,-0.1282817,-0.47403142
-6.9048777,-0.62488663,7.491457,-0.10140363,0.24923302,0.54244834
-6.706159,-1.9369092,6.5481415,-0.33475417,-0.14660765,-0.5143485
-6.9838862,-1.3239936,7.6829934,-0.45448375,0.12095132,0.18936823
-7.2711906,-2.3008277,7.019799,-0.028099801,-0.19792034,-0.408058
-6.543353,2.123657,6.203377,0.30787608,0.15515977,0.344528
-7.2711906,-2.3223755,7.85777,-0.3200934,-0.12583824,-0.112399206
-5.8107276,2.7988217,5.793968,0.19058995,-0.05131268,-0.057421334
-7.2065473,-1.9608512,8.073248,-0.17470746,0.004886922,0.16493362
-6.090849,2.030283,5.9448028,0.0842994,-0.08307768,-0.18936823
-6.7564373,1.9536686,7.237672,-0.12095132,0.2125811,0.35063666
-6.8091097,-1.7286136,7.505822,-0.061086524,0.05131268,0.08552113
-6.078878,0.22026655,6.5026517,-0.35308012,-0.31398472,-0.96761054
-6.145916,-3.0933087,8.63828,0.0,-0.20525073,-0.8857546
-6.7803793,-0.19871874,7.551312,1.5577064,0.41172317,0.042760566
-7.299921,-0.23223756,6.4619503,0.46181414,0.42271876,0.20647246
-6.9407907,-0.7254431,6.7324953,-0.1966986,-0.017104227,0.028099801
-6.6175733,1.2401965,6.564901,-0.07696902,-0.047647487,0.042760566
-7.867347,0.1364695,7.4148426,-0.28710666,-0.056199603,0.17837265
-6.7827735,2.0901382,6.619968,0.27366763,0.1563815,0.71959925
-5.985504,1.8363527,6.351817,-0.7892379,0.03176499,0.33108896
-6.205771,1.1731589,6.83784,-0.14172074,-0.119729586,-0.59620446
-6.7085533,1.4197617,7.2927384,-0.21991149,0.040317107,0.53878313
-6.9479733,0.51954174,6.373365,-0.035430185,-0.013439035,-0.56077427
-6.8426285,1.6759412,6.291962,0.105068825,0.09407325,0.47158796
-6.1507044,2.1188686,7.00304,0.28588495,-0.059864793,-0.6780604
-7.5704656,0.35434186,6.4427967,-0.16126843,0.05497787,0.43860126
-5.889736,1.3215994,6.991069,0.36774087,0.13072516,-0.39706242
-7.69257,1.5442601,5.793968,-0.4007276,-0.081855945,0.32986724
-5.374983,3.41892,7.180211,0.30176744,0.056199603,-0.04642576
-8.312668,-0.81402856,5.9280434,0.20891592,-0.105068825,0.1001819
-5.583278,1.6591818,6.600814,0.105068825,-0.13072516,-0.29443705
-7.2568254,2.171541,6.5696893,0.08307768,-0.07086037,-0.039095376
-6.8067155,1.388637,6.5002575,-0.70249504,-0.15515977,-0.15393804
-7.4124484,-0.62009823,8.425196,0.07574729,-0.056199603,0.453262
-6.471527,0.9816227,6.7013707,-0.36896262,0.1966986,0.7819075
-6.220136,2.4157495,6.0645127,-0.15882497,0.019547688,0.2968805
-6.921637,0.21068975,6.619968,-0.04886922,-0.007330383,-0.019547688
-7.1059904,0.24420857,6.5984197,0.08674286,0.02076942,-0.30176744
-7.639898,-1.4508862,7.3310456,-0.10262536,-0.040317107,0.06963864
-5.8562174,1.769315,5.8322754,0.14905111,-0.10140363,-0.23945917
-7.189788,0.35194764,7.800309,0.039095376,-0.08307768,0.14660765
-5.6551046,3.4476504,5.2959743,0.3933972,0.056199603,-0.13439035
-7.867347,-0.22984336,7.5225816,-0.039095376,-0.032986723,-0.09285152
-5.7987566,3.229778,5.5258174,0.27855456,0.06352998,-0.07819075
-7.0365586,1.6950948,6.9503675,0.12339478,0.13194689,0.15271631
-7.2113357,-1.9416976,6.933608,-0.13683382,-0.042760566,-0.2932153
-6.3925185,3.3494883,5.746084,0.17959438,0.032986723,0.10140363
-7.2711906,-1.0726024,7.1610575,-0.03176499,-0.061086524,-0.10140363
-6.1507044,3.572149,5.650316,0.12095132,0.09285152,0.105068825
-7.3669586,-1.1348516,7.845799,0.35063666,0.057421334,0.22724187
-6.2847795,1.0151415,5.901707,-0.112399206,-0.15393804,-0.47403142
-5.777209,1.3910311,6.279991,0.15882497,-0.22235495,-0.68783426
-5.8801594,-3.1723173,7.2831616,-1.0152581,-0.10995574,-1.2730432
-6.9862804,-4.4843397,7.261614,0.88086766,-0.034208454,0.14782938
-6.7205243,1.4269443,6.6295447,0.7867944,0.41050145,0.5815437
-6.825869,-0.260968,6.375759,-0.002443461,0.21013765,0.7696902
-7.503428,-0.7757214,6.8306575,0.172264,0.030543262,0.516792
-6.5457473,0.9552865,6.0477533,-0.029321533,-0.0012217305,0.50335294
-6.1243677,3.9384618,5.839458,0.21013765,-0.04153884,0.5131268
-5.6646814,2.4540567,7.252037,-0.052534413,-0.039095376,0.23823744
-7.517793,1.6328455,5.659893,-0.16493362,0.08674286,-0.548557
-4.7022123,5.6407394,7.565677,0.23335053,-0.16982053,0.32620203
-9.569624,-1.3670892,5.6982,-0.002443461,0.14049901,-0.22724187
-4.2185836,4.951209,8.034941,-0.50335294,-0.15393804,0.15149458
-8.8777,-0.8762778,6.2464724,-0.034208454,-0.062308256,0.02076942
-5.317522,2.6431987,7.943961,0.04642576,0.056199603,-0.13316862
-7.747637,0.6895301,5.595249,0.096516706,-0.07696902,0.13683382
-5.9639564,1.5705963,7.5800424,0.14049901,0.13072516,-0.32498032
-6.8785415,1.7357962,5.9783216,-0.28710666,-0.1001819,0.33353242
-6.6271505,1.9249382,7.359776,0.48991394,0.13194689,-0.3408628
-6.447585,1.0414777,5.5760956,-0.37873647,0.014660766,0.2968805
-6.5696893,0.9864111,6.9120603,0.41172317,0.15271631,-0.408058
-6.576872,1.4077905,6.0405707,-0.39706242,0.010995574,0.2773328
-7.726089,-0.11492168,6.069301,0.13439035,0.14294247,-0.29932398
-5.638345,2.707842,6.220136,-0.32498032,-0.11728613,0.41538838
-6.703765,2.1571758,5.78918,0.10262536,-0.07574729,-0.37995818
-6.167464,1.5945383,6.600814,-0.21991149,-0.12339478,-0.48502702
-6.5265937,-0.7493851,5.803545,-1.4257594,-0.07574729,-0.77213365
-5.9759274,-3.016694,9.382876,0.6768387,-0.53023106,-0.79412484
-5.4563856,-2.755726,7.620744,0.34574974,0.019547688,0.118507855
-5.592855,-1.8746599,8.7771435,0.17470746,0.11728613,0.13927728
-6.327875,1.283292,5.9783216,0.13805555,0.32742378,0.6963864
-6.349423,0.6703765,7.0700774,0.31398472,0.13805555,0.49846604
-6.787562,1.043872,6.6893997,-0.02687807,0.13561209,0.50701815
-6.145916,1.5562311,6.167464,-0.21013765,0.13805555,0.63285637
-6.090849,2.4660277,5.7843914,-0.061086524,0.056199603,0.12339478
-7.9631147,-2.2481554,8.659827,-0.27977628,-0.034208454,-0.08307768
-5.12838,2.719813,5.2409077,0.17959438,-0.089186326,-0.064751714
-8.571242,-0.9744401,8.559271,-0.2602286,-0.15515977,-0.11362094
-5.0302176,3.7612908,5.5760956,-0.0842994,0.0012217305,0.06841691
-8.288726,-1.4796166,8.465898,-0.103847094,0.015882496,0.06352998
-5.1523223,4.0701427,4.39336,0.19547687,-0.035430185,0.09285152
-8.121132,-0.29688102,7.9990277,-0.45081854,0.02687807,0.10751228
-4.572925,3.98874,5.6886234,0.14905111,-0.061086524,0.14660765
-7.4627266,-0.8403648,8.027759,-0.21135938,-0.0842994,-0.11362094
-5.365406,2.7629087,5.580884,-0.013439035,-0.056199603,-0.16371189
-7.098808,0.2705448,7.6375036,0.07819075,0.02443461,-0.09407325
-5.475539,4.378995,5.398925,0.16371189,0.043982297,0.13194689
-7.3071036,-1.8459295,8.439561,-0.11484267,0.004886922,0.23335053
-5.959168,1.4389153,6.2512608,0.17715092,-0.13683382,-0.38606682
-5.068525,0.866701,7.2544312,-0.081855945,-0.05131268,-0.65484756
-6.1985884,-3.9743748,9.8042555,0.5131268,-0.16737708,-1.3121386
-6.4643445,-1.079785,5.767632,1.2425,0.41538838,0.13927728
-6.5146227,-0.15083471,7.129933,0.05009095,0.14660765,0.039095376
-6.5936313,0.8403648,6.9240313,-0.24801129,0.39828414,0.593761
-7.086837,1.2378023,6.5265937,0.1001819,0.087964594,0.4251622
-6.5218053,1.0175357,6.4499793,-0.48747048,0.18692477,0.3726278
-7.1730285,0.521936,6.203377,0.064751714,0.2932153,0.5204572
-5.0254292,5.8634,6.8881183,0.6291912,-0.17837265,0.10140363
-8.765172,-1.3503298,7.1083846,-0.13561209,-0.08674286,-0.089186326
-5.183447,4.0054994,5.662287,-0.30787608,-0.029321533,-0.12461651
-8.389283,1.1372458,6.4906807,-0.14782938,0.13683382,0.1160644
-5.0014873,4.5178585,5.9543796,-0.20525073,-0.052534413,-0.02443461
-9.124303,-0.33279404,7.086837,-0.22602014,0.13805555,-0.014660766
-5.377377,3.0621839,5.839458,0.11484267,0.02687807,-0.1160644
-7.747637,1.5921441,6.9168487,-0.22235495,0.065973446,0.096516706
-5.4444146,4.7165775,6.2464724,0.312763,-0.028099801,-0.06352998
-7.1059904,2.3942018,6.203377,-0.04886922,0.06352998,0.22724187
-5.4922986,3.1890767,6.7827735,0.25045475,0.043982297,-0.2003638
-7.8529816,2.420538,6.169858,0.013439035,-0.09162979,0.013439035
-5.849035,3.3614593,6.045359,-0.10629055,-0.002443461,-0.35185838
-6.5385647,1.9752164,6.3206925,-0.040317107,0.07941248,0.3567453
-6.543353,0.90740246,6.8881183,-0.1160644,-0.103847094,-0.441