3.2561142,0.79966336,9.478644,0.061086524,-0.032986723,-0.0012217305
2.2122424,-0.035913024,9.902418,-0.95172805,-0.14049901,0.008552114
2.5689783,-4.0198646,8.303091,-5.8814106,-0.41416663,-0.25411993
6.5625067,-10.407595,4.0078936,-1.6346754,0.3286455,-1.3414601
5.803545,-4.1060557,4.110844,1.2986995,1.097114,-1.505172
4.259285,-3.265691,5.813122,-0.0061086523,0.78801614,-0.2919936
3.8618474,-0.12928689,9.646238,1.1007792,-0.829555,0.096516706
1.3383588,-3.0071173,14.640543,-0.040317107,0.6169739,0.04886922
7.005434,3.0382419,3.8426938,-0.31520647,1.105666,-0.50579643
9.52174,0.36870706,2.4301147,1.4123205,-0.9492846,-0.45937067
4.4699745,-3.3327289,9.540894,-0.24556783,-1.3109168,0.15393804
1.2234371,-1.2306197,14.077906,-0.52656585,0.31887165,0.0720821
7.2065473,1.496376,7.606379,-2.1930063,1.3158038,0.12583824
8.288726,2.1428106,4.414908,0.9993755,-0.103847094,-0.18692477
1.2449849,-0.48602295,9.033323,0.007330383,-0.6414085,0.16126843
-0.61291564,-1.0390835,13.326127,-0.93218035,0.68661255,0.18936823
10.101137,6.8689647,2.731784,1.070236,0.27488935,-0.40317106
9.610326,1.5107412,5.2768207,1.8570304,-1.0580186,-0.32253686
2.6719291,-1.5346833,9.725247,0.20525073,-1.2620476,0.035430185
0.9959879,0.7422025,13.9438305,-1.0311406,0.8735373,-0.04642576
9.323022,5.08289,2.7629087,1.174083,0.59620446,-0.51923543
10.196905,0.05746084,2.3463178,-0.17837265,-1.8777997,-0.0842994
6.4739213,-0.320823,8.015787,-0.66828656,-1.3292428,0.2125811
-0.45729253,2.1691468,14.777013,-0.03176499,1.0567969,-0.36041048
9.059659,1.7501614,2.3702598,0.53023106,1.033584,-0.3323107
13.31655,-3.7612908,-0.51954174,-0.31520647,-1.328021,-0.059864793
8.520964,-0.7398083,8.796297,-1.0592403,-1.6175711,0.72204274
0.56982,1.4413095,13.546393,-1.0641272,0.13683382,0.54611355
8.418014,2.2601264,2.2002714,-0.34697145,1.2253957,-0.5522222
13.850457,-4.027047,-5.434838,1.0225884,-0.6585127,-0.31764993
10.280702,-2.8538885,4.745308,0.23457226,-1.4978416,0.37140608
4.7500963,-0.38307226,8.214506,-0.86376345,-0.5815437,0.37018433
6.0597243,0.5291186,8.075643,0.1881465,1.5943583,-0.013439035
11.860875,1.9752164,-2.944868,0.9859365,0.18203785,-0.61208695
11.164163,-4.630386,0.3878607,0.675617,-1.2144,0.3567453
6.349423,-0.557849,8.111555,-0.27122417,-0.50579643,0.2773328
2.5833437,1.9033904,10.905589,0.17837265,0.77946407,0.30909783
10.235212,-2.4301147,1.6711528,-1.640784,1.097114,-0.56321776
12.378023,-2.456451,-1.6663644,0.9896017,-0.267559,-0.31764993
8.956709,-4.4125137,6.0357823,-0.8527679,-0.9016371,0.267559
5.5737014,-1.1994951,8.26239,-0.3494149,-0.5204572,0.30787608
3.6248214,0.25378537,10.093954,0.15027285,0.9932669,-0.204029
10.326192,-2.6048915,3.2321723,-0.43493605,0.90408057,-0.33964106
12.734758,-4.936844,-1.1228806,0.95172805,-0.79045963,-0.0842994
7.845799,-2.5234885,8.406042,0.25045475,-0.31764993,0.30665436
3.2082303,-0.4309563,11.949461,0.6462954,1.2742649,0.2687807
6.5265937,3.821146,4.8099513,-0.13683382,1.8594738,-0.09040806
9.7803135,2.4756045,0.36391866,1.2754866,0.012217305,-0.535118
8.973468,-0.04070143,3.1842883,1.2718215,-1.102001,-0.21380283
5.3486466,-0.7278373,5.097255,-0.119729586,-0.73548174,0.35796702
2.5881321,-0.4165911,11.793838,-0.7623598,0.26267207,0.17470746
9.643845,3.1986535,3.53863,-0.27977628,0.66950834,-0.087964594
11.494562,1.745373,1.8148049,1.2803736,-0.27488935,-0.14905111
8.92319,0.17477672,7.3525934,-0.64751714,-1.0189233,0.24678956
5.0158525,-2.0685902,8.683769,0.061086524,-0.081855945,0.25289822
8.0924015,1.4053963,5.2265425,-0.87109387,1.5076154,0.22602014
11.044453,0.22984336,-2.0039468,0.77579886,-0.42149702,-0.37507126
11.027693,-2.3918076,4.268862,-0.5925393,-1.2156218,-0.035430185
4.9919105,-1.6950948,9.43076,-0.081855945,-0.6976081,0.20525073
8.930372,-6.2584434,4.2784386,-2.5094345,1.287704,-0.88697636
12.157756,-1.6280571,-2.4540567,0.9089675,-0.009773844,-0.63529986
11.058818,-1.9153614,2.932897,0.04886922,-1.4306464,0.37507126
6.435614,0.7302315,6.907272,-0.7281514,-0.7049385,0.28099802
7.1275387,-0.2753332,4.3047748,-0.3286455,1.6175711,-0.46792278
13.117831,-2.4732103,-4.7764325,0.81489426,0.112399206,-0.5729916
12.41633,-0.8762778,2.0278888,0.05131268,-1.409877,0.52656585
4.6806645,0.01436521,9.476251,-0.24923302,-0.30298916,0.23823744
4.2305546,-1.0295067,8.853758,-1.0910053,1.563815,-0.9077458
11.657368,2.372654,-1.2282255,0.9761627,0.766025,-0.28955013
12.720393,-1.4556746,-0.92176765,0.3481932,-0.9138544,0.06963864
6.5625067,-4.0797195,6.184223,-0.50823987,-0.48624873,0.23701571
4.268862,0.61530983,10.436325,-0.14538592,0.548557,0.12461651
8.276755,-0.04070143,4.486734,-1.8216002,1.1484267,-0.2406809
13.156138,-0.38067806,-0.7206547,0.79168135,-0.18448131,-0.46792278
10.807426,-3.394978,6.8067155,-0.35063666,-0.6817256,0.22968534
2.7700913,0.78769237,10.536881,1.4990633,1.0079277,0.46670106
3.1124623,0.8571242,8.973468,-0.35796702,0.99204516,0.29810223
7.8625584,3.0909145,2.0374656,0.05497787,1.0567969,-0.33475417
11.702858,2.3080103,1.745373,1.2864822,-0.593761,-0.22724187
7.395689,-4.1012673,7.359776,-0.83199847,-0.9761627,0.2687807
3.4644098,0.92176765,10.323798,-0.40683624,0.05375614,-0.032986723
6.3925185,5.2121773,2.1906946,0.3042109,0.040317107,-0.06963864
14.992491,-5.925649,7.0102224,-3.717726,-1.740966,0.66950834
10.805033,-3.2154129,4.4316673,-0.98715824,-0.27122417,-0.32742378
7.9870567,-3.323152,3.3542767,0.7538077,-0.7147123,0.1160644
8.956709,-2.243367,4.654328,-0.9431759,0.23335053,-0.50823987
15.241488,-3.940856,-1.7022774,0.5131268,-1.2070698,0.14660765
5.5401826,-3.6607344,5.0254292,-1.3548992,-0.36651915,0.15271631
7.9966335,-0.94331545,3.3638535,0.48502702,0.86132,-0.32375857
14.00608,-1.9752164,-2.980781,1.9254472,-0.61208695,-0.02076942
6.136339,-1.8938135,6.955156,-0.43004912,-0.46670106,0.3811799
6.600814,0.9624691,1.6759412,-0.27000242,1.078788,-0.5021312
14.396335,0.12928689,-4.987122,1.881465,-0.6035349,0.16737708
7.321469,-0.29927522,6.131551,-0.7770206,-0.6951646,0.66706485
4.4101195,-1.946486,3.550601,-0.21991149,0.8185594,-0.50335294
14.003686,-3.2010477,-2.5785553,1.1129965,0.15760323,-0.23090707
12.121843,-2.6168625,0.92176765,-0.37873647,-0.8454375,0.6291912
4.0892963,1.2545617,7.00304,-0.9272934,0.63285637,-0.5644395
9.871294,-0.033518825,-0.9552865,0.36041048,0.68661255,-0.5546656
16.546328,-3.53863,-1.4580688,0.9773844,-0.98715824,0.766025
6.2632318,-0.81402856,5.8203044,-1.3866642,-0.40194935,0.204029
5.7963624,1.0342951,0.59855044,-0.3371976,0.79168135,-0.83077675
16.124949,-2.741361,-2.0470424,0.33353242,-0.21135938,0.4642576
8.50181,-3.7086184,5.949591,-1.4978416,-0.8002335,0.47403142
1.7956513,-0.23942018,1.2210429,-0.2321288,0.7733554,-0.5045747
19.136854,-4.4819455,-1.6424223,0.19303341,-0.27977628,0.2968805
6.727707,-2.0733786,3.691859,-0.059864793,-0.5497787,0.59620446
2.2361844,-1.2521675,1.6831238,-0.49968776,0.6988298,-0.54733527
15.555128,-4.88896,-2.7748797,0.9944886,-0.7855727,-0.5045747
9.193734,-0.6703765,2.7509377,-0.3286455,-0.5888741,0.7684685
3.265691,-3.1555579,1.4317327,0.013439035,0.94806284,-0.5326745
14.71237,-4.0342298,-2.9759927,0.7171558,-0.036651913,-0.24312437
11.391612,-0.7230489,2.006341,0.27855456,-0.5510005,0.54611355
2.8275523,-2.846706,2.2266076,-1.740966,0.6133087,-0.12705997
13.326127,-4.0821137,-2.5881321,0.50946164,0.40561453,-0.53878313
15.713146,-1.7836803,-0.78050977,0.20769419,-0.9114109,0.87964594
3.2489316,-2.2266076,2.9879637,-0.85154617,0.47036624,-0.0036651916
11.135432,-3.3207579,-2.0278888,-0.12095132,0.63529986,-1.0629056
17.908628,-4.333505,-2.5474305,0.25411993,-0.98837996,0.73792523
4.31914,-4.1395745,2.9999347,-0.6646214,-0.18203785,0.27000242
9.196129,-1.9321208,-0.04070143,-0.41905355,0.9138544,-1.1410962
17.104177,-7.0844426,-2.6886885,0.18692477,-0.5546656,0.8491027
6.6295447,-1.1324574,2.2050598,0.14538592,-0.37873647,0.59864795
1.9680338,-1.958457,1.5682021,-0.4654793,0.4642576,-0.66706485
14.626178,-5.12838,-1.6783354,1.6102408,-0.19547687,0.07696902
9.765948,-1.3503298,3.6750996,0.49846604,-0.41416663,0.7489208
2.3319526,-2.7269957,1.0534488,-0.72326446,0.59498274,-0.4801401
10.78109,-4.173094,-0.39743748,0.53878313,0.32742378,-0.6389651
13.651738,-2.2529438,2.5737667,0.25534168,-0.6218608,0.7892379
3.6990416,-2.3918076,1.3120226,-0.87964594,0.4129449,-0.4447099
12.950237,-6.483498,-1.103727,1.2559389,-0.0012217305,-0.43249258
13.429077,-1.3335704,2.8993783,0.56199604,-0.53878313,1.219287
1.7286136,4.8123455,3.7972038,-0.2443461,0.6462954,-0.4813618
11.164163,-1.7525556,1.0414777,0.96761054,0.10140363,-0.5571091
14.973337,-0.011971008,4.2305546,-0.105068825,-0.47769663,0.9053023
1.328782,-2.3199813,0.25139117,-0.31398472,0.5375614,-0.73426
15.224729,-7.204153,-0.23223756,0.95172805,-0.13805555,0.17592919
9.437943,0.46926352,4.5657425,-0.16493362,0.064751714,1.1117748
11.190498,-4.6471453,5.5401826,1.6102408,2.2064452,-0.013439035
3.5745432,1.9369092,6.1530986,0.20891592,2.2088888,0.32498032
2.1021092,-0.007182605,7.699753,0.37140608,-0.15760323,0.7415904
0.8834604,-1.0175357,12.648567,0.49357912,0.25411993,0.04642576
5.401319,-3.2824504,7.8529816,-1.7568485,0.5815437,-0.41172317
9.3733,-0.45010993,4.7381253,0.85154617,-0.1563815,-0.3640757
4.096479,-0.7206547,10.539276,0.42149702,-1.1924089,0.080634214
0.7565677,-0.29448682,11.494562,-0.02076942,0.41050145,-0.17348573
7.5441294,5.197812,6.658275,-0.2321288,0.52656585,-0.05009095
6.9743094,-1.115698,6.8450227,-1.1899655,-1.6432275,0.18325958
4.0414124,-3.347094,14.159308,-1.2644911,-0.78801614,0.05131268
2.645593,-0.36152446,8.956709,-0.54611355,1.1093313,-0.4886922
10.429143,-2.1452048,3.3279405,-0.24312437,0.3371976,-0.75991637
12.7730665,-3.5051112,3.052607,-0.081855945,-1.2412782,0.02321288
6.43322,-2.1523874,8.106767,-0.8393288,-1.3390167,-0.0012217305
5.2409077,-1.8842367,10.216059,-0.7440339,0.53878313,-1.0250319
11.954249,-0.6440403,1.3383588,-0.004886922,0.8539896,-0.3555236
12.406754,-3.7181952,1.2330139,0.3652974,-0.6401868,0.64873886
7.728483,-3.7062242,5.6359506,-0.45937067,-0.65240407,0.18081611
2.267309,-0.9624691,6.2967505,-0.017104227,1.0531317,0.16493362
10.618284,0.7398083,-0.39983168,0.02565634,1.0067059,0.14172074
14.322115,-3.277662,-2.8658595,0.68783426,-1.1667526,0.5155703
6.6271505,-4.55856,5.7987566,-0.35430184,-0.5815437,0.5656612
4.733337,-4.1659107,6.6534867,0.23090707,1.0677924,0.3042109
11.219229,-1.0773908,-0.4357447,0.2724459,0.13072516,-0.05497787
11.408371,-3.442862,3.6774938,-0.21502456,-1.2241739,0.2919936
2.8514943,-2.3295584,8.477868,-0.33841935,0.08552113,-0.058643065
7.043741,-4.5322237,1.8076223,-0.35308012,1.500285,-0.13561209
14.398729,-4.4364557,-4.4460325,1.8020525,-0.8576548,-0.42271876
8.829816,-1.3072342,3.9576154,-0.22479841,-0.7965683,0.23579398
2.8538885,-2.7964275,11.362882,-0.5522222,0.6169739,-0.119729586
8.839393,-1.0989386,0.9504981,-0.68416905,1.4110987,-0.44593164
13.819332,-4.0342298,-3.229778,0.16126843,-0.50946164,0.2932153
7.61835,-4.996699,8.403648,-0.5448918,-0.64873886,0.035430185
1.1827357,-2.0398598,10.5919485,0.41783184,0.74036866,-0.5216789
10.251971,-1.1947067,5.0996494,0.27122417,1.2852604,-0.2602286
13.965379,-2.5474305,1.0271125,0.38606682,-0.79534656,-0.13561209
6.0956373,-3.3063924,7.704541,-0.3555236,-0.8881981,0.04153884
3.3614593,-3.083732,6.727707,0.2443461,1.4905112,-0.23579398
11.439496,-0.035913024,-0.2873042,0.89919364,0.73548174,-0.4166101
12.74673,-2.7700913,0.7230489,0.6010914,-1.1239921,0.3323107
5.1259856,-1.7238252,8.236053,0.38973203,-0.19547687,0.09285152
3.7205894,-1.0869676,5.1379566,-0.15882497,1.0152581,-0.15149458
11.75553,1.4939818,1.7070658,0.38362336,0.09285152,-0.7867944
11.925519,-4.173094,5.353435,-0.15271631,-1.0323622,0.23701571
3.25372,-0.6871359,9.02614,0.516792,0.516792,0.4251622
8.908825,-0.011971008,3.6152446,-0.07941248,1.2473868,-0.41905355
13.177686,-1.0534488,-0.074220255,1.2938126,-0.16126843,-0.2846632
8.070854,-3.6870706,7.551312,-0.79779,-0.66339964,0.31520647
2.5833437,-0.50757074,10.005369,-0.35430184,0.41783184,-0.04642576
9.351752,0.5793968,4.9296613,-0.5571091,0.8405506,-0.29810223
12.332533,0.7302315,1.6304513,1.2046263,-0.7855727,0.043982297
4.405331,-0.34955344,8.880095,0.22602014,-0.30787608,0.111177474
5.9663506,0.24899697,7.855376,-0.72204274,1.0079277,-0.20525073
12.808979,3.3303347,-0.17717093,1.2754866,-0.21013765,-0.06841691
5.7389016,-2.908955,9.169792,-0.05375614,-0.88697636,0.19425514
3.193865,-1.3838485,10.18254,-0.5131268,0.64873886,-0.28710666
11.439496,2.956839,3.430891,0.99204516,0.17837265,-0.13561209
9.095572,-3.454833,8.942344,-0.35918877,-1.0177015,0.095294975
3.2944214,-0.81402856,8.166622,-0.8136725,0.33353242,-0.20647246
10.105926,4.0198646,3.3542767,0.29810223,0.60231316,-0.18325958
9.423578,1.3742718,4.4005427,0.91629785,-0.8698721,0.15027285
3.3087866,-0.9888053,7.9343843,-0.6389651,-0.081855945,0.018325957
8.135497,1.1324574,4.721366,-1.0800097,1.0250319,-0.13316862
12.495338,2.1260512,1.5011644,0.9260717,-0.7684685,0.20891592
4.4795513,1.5777789,5.482722,0.16249016,-0.7696902,0.19058995
5.2241483,0.1388637,7.8505874,-0.9822713,0.8393288,0.07696902
12.710816,2.0685902,0.6631939,1.0946705,-0.25534168,-0.13683382
8.025364,-1.6950948,8.106767,-0.52412236,-1.1264355,0.5045747
3.8163576,-2.5187001,8.968679,-1.0311406,1.1032226,-0.28710666
12.753913,-0.045489833,-0.6919243,1.1838568,0.13683382,-0.5742133
12.212823,-2.72939,5.901707,-0.6939429,-0.99082345,0.36285394
2.1667526,0.641646,8.971074,-0.23701571,0.6084218,-0.16493362
11.973403,2.1428106,-1.043872,0.16737708,0.40317106,-0.516792
11.178528,-1.5849615,1.946486,0.23701571,-1.0824533,0.7305948
3.8618474,-2.6503813,7.881712,-0.6585127,-0.10873401,0.2406809
10.69011,-1.553837,3.0454245,-0.829555,1.1728612,-0.657291
13.879188,-2.1332338,-0.38067806,0.26389378,-1.1887437,0.22602014
6.4188547,-2.5905263,5.781997,-0.42149702,-0.57910025,0.2932153
4.6495395,0.48123455,6.6391215,-0.51068336,1.0433578,-0.6389651
14.829685,-4.8865657,-2.4516625,0.6963864,-0.034208454,-0.26633725
9.038112,-1.6496049,6.6415157,-0.36163223,-1.0030408,0.5021312
2.918532,-0.45010993,8.336611,0.11362094,0.6621779,-0.24556783
11.554418,-0.2801216,-1.292869,0.93584555,0.6927212,-0.05131268
11.022904,-4.5537715,4.3861775,-0.44104472,-1.1814134,0.9737192
3.70383,-2.4372973,6.742072,-0.07819075,-0.11728613,0.47769663
7.771579,-3.7373488,3.9360676,-0.16737708,1.3732251,-0.04520403
11.947066,-4.781221,-1.8100165,0.6084218,-0.12461651,-0.059864793
6.481104,-4.747702,6.10282,0.22968534,-0.17959438,0.1160644
3.110068,-5.841852,8.865729,-0.75625116,0.23823744,0.014660766
9.524135,-4.795586,5.5042696,-0.11484267,0.54367006,-0.1685988
10.105926,-0.8810662,2.8538885,0.7611381,-0.82344633,0.103847094
2.0207062,-3.7110126,7.6829934,-2.3102922,-0.34208453,1.5247196
11.341333,-9.528923,4.951209,-2.615725,-0.5717699,-0.86742866
7.062895,-3.9384618,1.5801731,0.19425514,0.6976081,-0.86498517
13.101071,-5.48751,0.079008654,-0.2125811,-0.50701815,0.46914452
2.5210943,-5.133168,4.5394063,-1.2082914,0.5204572,0.62796944
12.13142,-7.1945763,-1.3790601,-0.52656585,0.7281514,-0.8210029
13.606248,-4.0653543,1.7166426,0.29443705,-0.63285637,0.79045963
3.9480386,-3.4500446,2.80361,-0.625526,0.57787853,0.08552113
11.587936,-6.873753,-0.34476504,0.5045747,0.267559,-0.6462954
11.556811,-6.481104,-0.48123455,0.37018433,-0.8881981,0.7611381
4.735731,-4.88896,2.540248,-0.7611381,0.06841691,-0.1160644
8.1163435,-3.169923,1.6759412,0.2125811,0.75136423,-0.784351
12.5504055,-6.8091097,-0.7637503,0.22602014,-0.79168135,0.68294734
3.6535518,1.4939818,6.2392898,-0.38728857,0.052534413,0.03176499
6.540959,-2.5953147,2.0374656,0.10995574,0.6658431,-0.784351
12.51928,-8.396465,-1.8411411,0.56077427,-0.40561453,0.27366763
5.9041014,-3.809175,4.6136265,-0.59742624,-0.3567453,0.376293
4.2784386,-3.6056678,2.087744,-0.46914452,0.5534439,-0.57910025
11.884817,-10.398018,-1.8267759,2.243097,-0.47891834,0.53023106
6.9168487,-5.556942,2.9376855,-0.9859365,-0.32986724,0.50579643
8.147469,-4.177882,2.1739352,0.18570304,0.15393804,-0.13561209
8.307879,-5.1690817,1.283292,-0.095294975,0.008552114,0.017104227
8.815451,-4.6471453,1.6903064,0.10873401,-0.012217305,-0.0061086523
8.276755,-4.548983,1.3551182,0.3652974,0.16737708,-0.27977628
12.562376,-6.655881,0.90979666,1.3255776,-0.42271876,0.1001819
4.546589,0.89543146,5.530606,-0.3885103,0.0061086523,0.38606682
8.183381,-2.1691468,1.6783354,-0.1441642,0.90408057,-0.9285152
14.707581,-9.923966,-1.1348516,0.75991637,-0.77824235,0.48624873
4.7907977,-3.2513258,3.6894648,-0.34574974,0.15271631,0.12705997
9.7324295,-3.7445314,1.8962077,0.56199604,0.91507614,-1.1508701
12.813767,-6.0645127,-1.1779473,1.0543534,-0.9896017,0.7122689
4.8985367,-1.8459295,5.2744265,-0.50701815,0.042760566,-0.052534413
9.959879,-3.6224272,-0.4285621,0.8698721,0.43371433,-0.8051204
14.539987,-5.9783216,-0.6655881,-0.008552114,-0.8222246,0.44104472
5.2049947,-1.7142484,4.3837833,-0.75625116,0.3286455,0.042760566
12.20564,-8.487445,0.48602295,-0.22235495,0.6059783,-0.7501425
13.491326,-4.5992613,0.2825158,0.643852,-0.90041536,0.8332202
4.2305546,-4.7500963,4.201824,-0.31764993,0.24190263,0.19058995
10.187328,-4.3239284,2.0278888,0.30176744,0.24801129,-0.64873886
9.483433,-1.9895816,5.9064956,-0.22113322,-0.41905355,0.9810496
2.4899697,-4.1395745,4.201824,-1.5137241,0.27855456,-0.91751957
11.025299,-3.4524388,2.5617957,-0.4092797,0.29565877,-0.49846604
15.521609,-5.961562,0.6584055,0.06963864,-0.5143485,-0.035430185
5.707777,-4.285621,4.3119574,-0.6560693,-0.35308012,0.7086037
6.667852,-3.1675289,1.3718776,0.073303826,0.58032197,-1.0885619
14.836868,-8.602366,-1.0845734,0.8686504,-0.54367006,0.46181414
7.785944,-2.4660277,5.729325,-0.7892379,-0.32620203,0.4972443
4.9296613,-3.086126,1.0366893,0.047647487,0.53878313,-0.816116
14.829685,-6.327875,-2.2697031,1.1252137,-0.70005155,0.39095375
7.943961,-2.7030537,4.0078936,-0.3481932,-0.52656585,0.4813618
4.486734,-3.8833952,1.5035586,-0.7770206,0.52778757,-0.7892379
13.845669,-4.3861775,-2.1667526,0.93828905,-0.5681047,0.344528
8.743625,-0.9504981,3.6248214,-0.40683624,-0.56077427,0.45081854
3.7804444,-0.9864111,2.1404164,-0.82344633,0.37873647,-0.5571091
12.842498,-5.351041,-1.9321208,1.7055358,-0.047647487,-0.2724459
9.552865,-2.743755,3.53863,-0.3848451,-0.7098254,0.48624873
2.9759927,-0.31124622,2.885013,-0.8417723,0.344528,-0.26511553
11.614272,-4.2425256,-1.0366893,-0.42760566,0.5131268,-0.5290093
15.811308,-5.0374002,-1.2665327,0.36651915,-0.8210029,0.6218608
3.016694,-2.15957,3.1842883,-0.86254174,0.28588495,-0.12950343
12.464214,-5.791574,-3.2848446,-0.31764993,0.29932398,-0.65118235
13.910312,-1.8459295,-1.721431,1.3316863,-0.8686504,0.81122905
2.8443117,-2.0254946,2.657564,-0.42271876,0.49235737,0.118507855
9.49301,-8.669404,2.6288335,2.4019222,0.52412236,0.8723156
9.6845455,-2.2337902,3.6176388,2.6035078,2.1135938,-0.46181414
2.1930888,-4.9416323,5.4563856,0.6072,1.7617353,0.41172317
7.0581064,-0.1316811,4.972757,-0.21624629,0.42638394,-0.31887165
7.1873937,-1.7956513,6.167464,0.5681047,-1.1948525,-0.1001819
3.7828386,1.412579,7.908048,0.83199847,-0.593761,0.3042109
2.5713725,-1.091756,8.631097,-0.5363397,0.59986967,-0.16737708
8.853758,-1.6496049,0.36631286,0.8918633,-0.7476991,0.37507126
7.1251445,-3.110068,7.6470804,-0.89675015,-1.881465,1.0384709
1.3311762,-2.4349031,9.469068,-0.64873886,-0.21013765,-0.111177474
10.522516,-2.9137435,-0.63206923,-0.12461651,0.29565877,0.037873644
10.965444,-9.11712,3.1435869,-1.3622295,-1.4929546,0.5558874
1.6089035,-5.449203,6.5385647,0.02321288,-0.2406809,-0.43493605
10.69011,-6.131551,-1.3359646,-0.21135938,1.1337659,-0.20280726
10.283096,-6.981492,2.360683,0.15271631,-0.13561209,0.37751472
2.5929205,-4.5872903,8.420407,0.2321288,-0.16737708,-0.44837508
8.219295,-6.423643,2.372654,-1.1301007,1.3414601,-0.68783426
13.855246,-5.628768,-1.2952632,0.312763,-0.31398472,0.10751228
8.207323,-6.859388,1.13964,-0.61575216,-0.69027776,0.06963864
6.4068837,-7.285556,5.631162,-0.68661255,1.3805555,-0.25045475
13.125013,-6.3063273,-4.235343,0.23090707,-0.1600467,-0.28221974
7.872135,-4.3047748,4.0462008,0.6169739,-1.3206906,0.2406809
6.933608,-7.091625,7.0006456,-0.23701571,1.1313224,-0.7623598
13.508086,-6.081272,-3.2369606,-0.07819075,-0.18936823,0.06719518
9.380483,-5.0038815,4.55856,0.2773328,-0.79290307,0.47036624
4.7764325,-1.5251064,7.1490865,-0.19425514,0.95539325,-0.46181414
12.454638,-0.8858546,-1.5035586,0.17592919,0.47158796,-0.3567453
9.818622,-5.571307,2.2457612,-0.2284636,-0.8588765,0.35918877
3.7493198,-3.2992098,7.57286,-0.3567453,0.3408628,-0.18081611
11.346122,-2.5474305,0.1604115,-0.57787853,0.7318166,-0.40317106
9.82341,-3.9911342,2.9855695,0.34574974,-0.89675015,0.49480084
5.8083334,-4.699818,7.1490865,-0.35430184,-0.14294247,0.20525073
9.43076,-2.9161377,0.36391866,-0.61086524,1.0396926,-0.41050145
11.324574,-6.229713,-0.6703765,0.65240407,-0.689056,0.10262536
6.588843,-4.8147397,5.149928,-0.17592919,-0.8881981,0.33964106
7.6255326,-2.8443117,3.787627,-0.54367006,1.1301007,-0.28955013
13.168109,-3.643975,-1.0319009,0.6450737,0.02321288,-0.27855456
8.954314,-2.3223755,4.0198646,0.2919936,-0.45448375,0.28588495
5.0613422,-2.5139117,4.6471453,0.5705481,0.5143485,0.19058995
8.74123,-3.8426938,9.349358,0.59986967,0.056199603,0.4007276
12.002133,-5.544971,2.3535004,0.376293,0.002443461,0.1001819
6.447585,-4.654328,3.2345665,-0.23701571,-0.8881981,0.72326446
5.4683566,1.7597382,6.232107,-0.7635816,0.6414085,-0.829555
11.865664,-3.892972,0.37349546,0.95172805,-0.3726278,-0.44837508
9.308656,-7.9487495,0.7422025,-0.07696902,-1.3414601,0.6768387
2.7269957,-1.745373,9.01417,-0.4972443,0.15271631,-0.21502456
10.948685,-1.520318,0.5267244,0.91874135,0.2761111,-0.6780604
12.378023,-4.185065,1.2354081,0.9126327,-0.7635816,0.5448918
4.630386,-2.1739352,8.171411,-0.5742133,0.17348573,0.12583824
10.225636,-0.7493851,1.1851299,0.5448918,0.44104472,-0.42271876
11.2312,-4.31914,1.436521,0.5363397,-0.9639453,0.5131268
3.0573955,-1.9057846,8.049306,-0.97249746,0.18570304,0.16615535
8.817844,-0.6655881,2.1667526,0.9297369,0.643852,-0.6206391
11.224017,-5.0637364,0.019153614,0.2284636,-1.0494665,0.54611355
4.7644615,-0.46447513,7.297527,-0.8393288,-0.0061086523,0.18448131
9.579201,-1.2497733,1.5634137,0.25167647,0.58276546,-0.8136725
15.545551,-6.967127,-0.41180268,0.48747048,-0.39461896,0.52290064
5.2026005,-3.383007,6.2823853,-0.8454375,-0.02321288,0.41783184
11.140221,-2.516306,-1.0989386,1.3976597,0.3567453,-0.5681047
11.379641,-5.674258,1.1324574,-0.28710666,-0.8588765,0.60231316
2.7126305,-2.1452048,6.447585,-1.8777997,0.33108896,0.24190263
11.678916,-5.9519854,-0.47644615,0.8246681,0.50946164,-0.2761111
12.11466,-6.493075,0.09816227,-1.8692477,-0.8527679,0.5045747
3.6942532,-3.442862,5.044583,-0.3640757,-0.08674286,0.22235495
8.985439,-4.721366,3.9719806,0.019547688,0.86132,-0.8368854
12.227188,-6.679823,-1.151611,-0.20525073,-0.45204028,0.79779
4.465186,-4.010288,4.4340615,-0.74281216,-0.52290064,0.56077427
4.936844,-0.7589619,5.449203,0.04153884,0.7867944,-0.40561453
11.073183,-4.6016555,-1.5849615,0.77824235,0.2125811,-0.3567453
7.603985,-2.504335,2.2577322,-0.05131268,-0.8197812,0.3286455
5.33907,0.35673606,3.5793316,-0.2602286,0.71959925,0.119729586
12.677298,-7.00304,-0.58418524,0.096516706,-0.4202753,-0.62796944
6.823475,1.1444284,1.8698715,1.078788,0.766025,-0.79412484
14.573505,-4.3478703,-0.90021986,-0.02321288,-0.47158796,0.07086037
6.2105594,-3.8905778,3.4476504,-0.02076942,-0.4886922,0.643852
6.4284315,-5.781997,1.1994951,-2.6780334,0.5448918,-1.2034045
15.009251,-9.902418,-2.813187,0.073303826,-0.34574974,0.63529986
6.5457473,-3.881001,2.5234885,-0.5375614,-0.2761111,0.6743952
5.425261,-3.0933087,2.1763294,-0.040317107,0.535118,-1.1533136
14.365211,-8.101978,-2.3702598,0.5131268,-0.1160644,-0.37507126
6.7588315,-3.157952,2.135628,-0.52656585,-0.087964594,0.8222246
7.029376,-4.7381253,0.94331545,-1.1068878,0.37018433,-1.033584
14.609419,-13.5296335,-3.0669725,0.97249746,-0.29443705,0.5705481
6.5241995,-3.4404678,3.1555579,-0.3481932,0.061086524,0.68661255
7.714118,-4.5058875,1.2162545,-0.6035349,0.27488935,-1.1899655
13.486538,-9.392453,0.30885202,0.44959682,-0.28955013,0.44959682
7.2711906,-2.1308396,4.673482,-0.55955255,-0.32620203,0.8344419
1.8914193,-0.22026655,2.1906946,-0.6621779,0.10629055,-0.453262
13.046005,-8.09719,-0.50038815,0.8014552,-0.06719518,-0.4288274
6.835446,-1.30484,3.4572272,0.0,-0.21991149,1.0238101
1.8028339,2.8299465,3.5673606,0.47036624,0.26511553,-0.5852089
11.054029,-9.363723,1.1540052,1.3365731,0.2773328,-0.80756384
10.821792,-5.0038815,0.7326257,0.0061086523,-0.41050145,0.9761627
4.891354,-0.6368576,2.5115175,-0.08307768,-0.032986723,-0.19058995
9.615114,-4.8386817,2.861071,0.3371976,0.27977628,-1.2571607
14.719552,-8.566454,1.553837,0.04642576,0.039095376,0.90408057
6.7564373,-5.0182467,2.657564,-1.1349876,0.004886922,0.1685988
7.93199,-3.3399115,4.232949,-1.0262536,0.34697145,-1.5418239
13.575124,-8.887277,0.6368576,-0.2284636,-0.23701571,0.86009824
8.734048,-2.906561,2.956839,-0.9810496,-0.3481932,0.2602286
6.5337763,-2.4995465,2.8419175,0.010995574,0.32498032,-1.2522738
12.485762,-9.957485,0.7038953,0.74036866,0.030543262,0.63163465
8.367735,-3.8762126,2.8299465,-1.2253957,-0.3494149,0.44715336
9.540894,-4.3239284,1.3503298,0.376293,0.27122417,-0.021991149
10.093954,-3.4835634,2.0207062,2.0024164,0.089186326,-0.23335053
8.561666,-4.7022123,2.7389667,-0.4361578,-0.36163223,0.17104226
9.291897,-1.3599066,3.9097314,0.21746802,0.17470746,-0.5693264
10.553641,-3.3662477,4.8123455,-2.1245892,-0.0036651916,0.105068825
4.9344497,-2.7341783,5.439626,-1.0616838,-0.18692477,0.27855456
6.8761473,-4.343082,2.3894134,-0.548557,0.4166101,-0.675617
11.080365,-4.1826706,-1.3120226,0.26511553,-0.09407325,-0.2565634
9.289502,-4.355053,1.8866309,-0.44348818,-0.52290064,0.6951646
3.787627,-1.5921441,6.9144545,-0.1441642,0.09407325,-0.6743952
9.011775,-3.2465374,0.6536171,-0.06719518,0.46792278,-0.32253686
12.983756,-8.37013,-2.0494366,0.26267207,-0.56199604,0.7965683
4.232949,-1.6711528,6.813898,-0.2761111,-0.14172074,-0.06963864
8.236053,-1.4652514,3.8618474,0.0036651916,0.95172805,-0.89675015
13.2351465,-4.6495395,-1.328782,0.30665436,-0.039095376,-0.13194689
9.610326,-1.163582,2.183512,0.6805039,-0.48747048,0.8332202
2.2457612,-1.412579,5.185841,-0.41050145,0.111177474,-0.21502456
11.046846,-5.0637364,-1.412579,0.83199847,0.38362336,-0.60231316
12.229582,-5.121197,-1.3551182,0.062308256,-0.6047566,0.7257079
10.3692875,-7.0940194,2.707842,-0.05497787,-0.18325958,0.24801129
5.729325,-0.521936,0.0,1.0140363,-0.16737708,-0.15882497
11.133038,-1.7525556,3.8235402,0.05497787,0.30543262,-0.07819075
13.297397,-2.2290018,-1.1492168,0.54367006,-0.32620203,0.15393804
8.853758,-5.140351,3.5984852,1.070236,0.48747048,0.3567453
6.9383965,-0.81163436,3.5482068,2.048842,1.3634512,-0.5143485
7.539341,1.3311762,2.767697,0.19914207,0.119729586,-0.15271631
12.1840925,-0.85473,3.8067808,0.9285152,-0.36896262,0.3885103
5.094861,-2.8921957,6.2967505,-0.44104472,-0.28588495,0.453262
6.7372837,1.436521,7.627927,-0.16126843,0.20525073,-0.6072
13.089101,-3.2872388,1.6759412,-0.6072,-0.2125811,0.14294247
6.9240313,-2.6168625,3.8187518,0.087964594,-0.80756384,0.7110472
4.510676,-0.04070143,7.563283,-1.1374311,0.25167647,-0.3885103
11.700463,-1.7908629,2.7629087,0.70005155,0.1160644,-0.23945917
10.670957,-1.7549498,4.307169,0.16615535,-0.48380527,1.0616838
4.9799395,-2.566584,4.960786,-0.8686504,0.047647487,-0.02687807
8.506598,0.78290397,5.494693,0.11362094,0.68783426,-1.0519099
15.20797,-7.079654,1.2378023,1.0079277,-0.41783184,0.18325958
7.7787614,-3.6727054,5.0278234,-0.90041536,-0.72082096,0.56688297
3.5075054,-1.5059528,8.470686,-1.0421361,-0.12217305,-0.2602286
10.498574,-1.292869,0.62967503,-0.09162979,0.42271876,-0.45814893
13.263878,-2.822764,2.813187,0.66828656,-0.28221974,0.8503244
6.136339,-4.6255975,4.4580035,-1.1948525,-0.28955013,0.46670106
5.8442464,-2.4133554,4.8458643,-0.39828414,0.5852089,-0.7611381
15.454572,-5.717354,-1.2258313,-0.56077427,-0.2406809,-0.172264
8.655039,-4.675876,4.7620673,0.61941737,-0.095294975,0.82344633
1.8507179,-0.9911995,8.032547,0.24801129,0.061086524,0.1160644
9.052477,-0.92895025,3.2441432,-0.28099802,0.4972443,-0.5363397
14.669273,-5.899313,-0.07182605,1.7617353,-0.28955013,0.45448375
7.065289,-4.7429137,3.9959226,-1.001819,-0.6072,0.49480084
5.0613422,-0.5363012,6.8426285,-0.21013765,0.72204274,-0.63163465
11.592725,-2.6671407,3.5362358,0.99204516,0.065973446,-0.5717699
8.3150625,-1.091756,5.556942,-0.376293,-0.4361578,0.7134906
3.0789435,0.8379706,5.7963624,0.267559,-0.07452556,-0.18692477
10.388441,-4.999093,0.81402856,-0.64751714,0.3115413,-0.6072
14.990097,-6.543353,-0.80924016,0.052534413,-0.35185838,0.42760566
6.9288197,-5.446809,4.2544966,-0.45081854,-0.20158553,0.5363397
2.918532,0.10295067,3.2728736,-0.20769419,0.49968776,-0.05375614
10.424355,-4.1826706,3.4021606,-0.004886922,-0.16249016,-0.04153884
13.309367,-10.6877165,2.3415294,-0.39461896,-0.42638394,0.6243043
3.9145198,-2.3989902,3.145981,-0.13072516,-0.119729586,0.26145032
7.225701,-1.4700398,8.47308,-0.5314528,1.0079277,-1.033584
16.551117,-9.01417,0.6775591,0.012217305,-0.5338962,-0.008552114
5.9759274,-3.9576154,3.2202013,0.12705997,-0.23945917,0.63041294
3.4644098,-0.79487497,5.8346696,-0.77579886,0.26389378,0.118507855
11.030087,-3.301604,2.0350714,0.84665924,0.41050145,-0.8894198
15.270219,-9.77792,-0.2753332,-0.9505063,-0.8038987,0.6597345
5.482722,-3.6942532,3.0478187,-0.45448375,0.02443461,0.3481932
6.1411276,-1.9153614,6.1650696,-0.44104472,0.7281514,-1.0690142
13.618219,-2.9831753,2.1164744,0.6792821,0.04520403,-0.33108896
7.833828,-1.4915876,5.554548,0.03176499,-0.3213151,1.0128145
2.4779987,-2.789245,4.570531,0.087964594,0.103847094,0.16371189
7.6734166,-0.7062895,2.5881321,1.070236,-0.5644395,0.3371976
9.244013,-4.132392,0.23223756,0.4202753,-0.35308012,-0.23823744
10.651803,-1.2330139,4.357447,2.2272146,-0.018325957,0.4251622
8.803479,-4.5034933,4.594473,-3.222925,0.13683382,-0.012217305
4.606444,1.4053963,2.765303,1.6835446,0.33353242,0.03176499
9.004593,-0.6991069,3.406949,0.4251622,-0.14172074,-0.81000733
12.77546,-9.775525,5.9160724,0.4447099,-0.09407325,0.5021312
6.588843,-1.9800048,2.9472623,-0.26511553,-0.064751714,0.5876524
6.9479733,-2.0326772,3.8187518,0.37018433,0.05009095,-0.8943067
11.434708,-5.2385135,5.523423,1.097114,0.05009095,-0.27000242
9.928755,-4.249708,4.903325,0.19547687,0.37507126,0.8258898
6.4643445,0.7182605,2.1212628,-0.3921755,-0.08674286,-0.8417723
9.9550905,-4.4843397,5.9926867,1.0213667,-0.16126843,-0.31398472
9.141062,-4.2185836,4.120421,-0.16371189,0.2443461,1.1691961
4.0892963,3.904943,4.173094,0.2846632,0.07696902,0.017104227
9.919178,-3.2728736,5.1690817,-0.30298916,-0.15515977,-0.8552113
11.631032,-8.212111,5.104438,-0.2443461,0.040317107,0.7415904
6.3206925,-0.6919243,3.3901896,-0.8552113,0.10873401,0.23823744
7.165846,-0.04309563,3.9576154,0.09896017,-0.15393804,-0.99082345
11.362882,-5.1020436,5.535394,0.2932153,-0.07941248,-0.10995574
8.47308,-0.4237737,4.5058875,-0.08674286,0.14172074,0.6585127
5.619191,-1.0319009,4.405331,-0.21135938,0.17837265,0.29810223
8.456321,-2.3104045,5.0421886,0.33353242,-0.08307768,-0.5742133
10.656591,-7.493851,5.935226,-0.25411993,0.07086037,0.7330383
5.813122,-1.4939818,6.157887,-1.9559906,0.15393804,0.344528
7.249643,-6.256049,2.4540567,-1.9926424,-0.26267207,-0.058643065
10.594342,-2.9113493,2.554613,4.597372,-0.037873644,0.0720821
8.822633,-1.0390835,5.626374,1.1007792,-0.08674286,-0.15149458
9.514558,-5.0613422,6.1746464,-3.010344,0.018325957,-0.9285152
11.68131,-9.6845455,4.6016555,-0.25778514,0.5644395,1.142318
3.5745432,-1.1899183,3.383007,0.72692966,0.056199603,0.40561453
7.8170686,-0.39743748,8.104373,-0.39828414,-0.02076942,-1.5882497
11.080365,-3.8666358,6.1866174,0.6817256,0.24556783,1.4220943
4.3382936,1.1755531,5.4563856,-0.12950343,0.9456194,0.20891592
7.237672,-1.103727,7.0365586,0.065973446,0.16615535,-1.3805555
9.782708,-6.3589997,5.767632,0.5216789,0.040317107,1.5100589
1.982399,4.3119574,5.6239796,0.64751714,0.37018433,0.2321288
10.354922,-1.9608512,5.4300494,1.2363913,-0.004886922,-0.7257079
2.767697,-1.1252748,8.413225,1.505172,0.38728857,-0.19792034
9.533711,-2.6360161,3.4284968,-0.50946164,0.73914695,-0.29443705
5.920861,-2.6048915,6.361394,1.6835446,-0.40317106,1.9498819
1.2761095,4.19943,7.93199,-0.48624873,1.0396926,-0.09040806
6.045359,-0.41180268,8.312668,-0.035430185,0.8491027,-0.002443461
5.011064,-1.4652514,8.010999,-0.27488935,-0.13316862,-0.08674286
4.8362875,-1.1372458,9.088389,0.1441642,-0.037873644,0.021991149
4.771644,-0.033518825,8.3868885,-0.043982297,-0.02443461,-0.36896262
6.7731967,-2.1571758,8.346188,0.675617,-0.1160644,0.8564331
-0.8403648,3.8307228,6.7731967,0.61086524,-0.56321776,0.36774087
8.944737,1.3599066,7.81228,-0.5766568,-0.6963864,-0.9663888
4.2904096,2.1619642,7.639898,0.58032197,-0.7318166,1.047023
4.0222588,3.6703112,6.2991447,-0.14172074,0.056199603,-1.2388347
15.286978,-11.382035,3.916914,-1.2266175,-0.42638394,0.5839872
5.7149596,-1.448492,7.5225816,-0.4361578,-0.25167647,0.19181168
7.2544312,0.6703765,5.044583,-0.53878313,0.2406809,-1.2669345
11.226412,-1.400608,6.5481415,0.39828414,0.056199603,1.1618657
1.7166426,-1.7884687,9.591172,0.06352998,-0.004886922,0.36163223
9.179369,0.46926352,5.813122,0.4092797,0.030543262,-0.63529986
12.066776,-1.8387469,1.8698715,0.53023106,-0.04153884,1.2498302
2.1212628,1.6280571,5.0781016,-0.009773844,0.05131268,0.08307768
12.471396,-7.252037,5.451597,-0.45814893,0.0842994,0.46181414
5.1571107,0.16759412,4.9775453,-0.6731735,0.5900958,0.204029
5.875371,0.7182605,4.608838,-0.32986724,-0.36774087,-1.6493362
11.959038,-9.473856,8.623915,-0.12583824,0.036651913,1.3072516
3.799598,2.3798366,5.231331,-1.2815952,0.48991394,0.55833083
6.3949127,-0.80445176,5.57849,-0.9053023,0.04153884,0.05131268
6.991069,0.9504981,5.303157,0.2003638,-0.08552113,-0.58032197
12.703634,-11.379641,8.039729,-0.19792034,0.12705997,0.47647488
6.375759,-0.93613285,4.4675803,-0.7147123,0.19181168,0.5131268
6.0645127,-1.7070658,6.0142345,-0.5900958,0.19058995,-1.0616838
9.665392,-5.604826,8.475474,1.0751228,-0.44593164,1.2791518
5.365406,0.8643068,7.321469,-0.31887165,-0.2321288,0.0720821
6.4763155,-2.8299465,5.3199162,-0.18936823,-0.59742624,-1.0274754
13.194446,-5.482722,4.0581717,0.12461651,-0.45204028,0.8368854
4.050989,1.6591818,6.208165,-0.5864306,0.12950343,0.57787853
7.4124484,-7.548918,5.619191,-0.30665436,-0.06963864,-0.5876524
12.038046,-3.205836,4.3167458,0.829555,-0.10262536,1.0885619
2.0326772,2.2601264,6.0956373,-0.6719518,0.25167647,-0.05131268
8.39886,-1.9895816,5.741296,-0.06841691,-0.065973446,-1.2473868
11.221623,-0.7661445,3.7900212,0.52412236,0.004886922,1.0042624
2.7102363,4.9823337,2.6527755,-0.45814893,0.081855945,-0.5864306
11.212047,-9.94312,3.8355112,0.79290307,-0.30787608,-0.31031954
8.396465,0.37349546,5.650316,0.7476991,0.21135938,1.0348058
3.8259344,0.35194764,1.4867992,-0.2761111,-0.06841691,-1.1410962
11.283873,-11.18571,5.279215,0.40439278,0.0012217305,-0.25167647
6.9767036,0.49799395,6.9000893,0.34330627,0.6206391,0.70249504
8.748413,-5.00867,6.4188547,-2.1783454,2.0683897,-0.30787608
5.875371,-3.5553896,4.2880154,0.042760566,1.8668042,-0.103847094
3.8522706,-6.3182983,6.38773,-2.4104743,0.48502702,0.5900958
2.3702598,-5.2169657,10.6398325,0.59498274,-1.0238101,0.39584067
-0.56982,-4.2066126,10.077195,0.68783426,0.18203785,-0.3200934
5.9543796,1.0319009,2.693477,0.43249258,0.39584067,-0.17348573
6.4427967,-3.775656,5.0014873,0.50335294,-0.6462954,-0.204029
2.873042,-3.5529952,9.562442,0.31887165,-1.0482447,0.36285394
3.41892,-4.4125137,11.312603,-0.118507855,0.93218035,-0.37995818
8.583213,-5.231331,1.163582,0.44715336,-0.22113322,-0.1600467
6.10282,-3.5745432,3.5793316,-0.43493605,-1.5442673,0.14049901
2.791639,-2.707842,11.35091,-0.97127575,0.31520647,-0.453262
8.437167,-3.6774938,0.9528923,-0.13194689,0.09896017,-0.8210029
10.680533,-4.4460325,1.0534488,0.43982297,-0.87598073,0.030543262
6.38773,-3.490746,3.7541082,-0.21502456,-0.50579643,0.44226643
3.6248214,-3.4524388,7.752425,-0.33475417,0.75991637,-0.3567453
11.731588,-5.920861,-1.910573,-0.4007276,0.3494149,-0.23823744
7.7667904,-4.5777135,4.213795,0.15760323,-0.99204516,0.50823987
3.8618474,-7.8170686,9.516952,-0.47403142,0.53878313,-0.2443461
9.363723,-6.658275,5.097255,-0.61819565,1.0824533,-0.24923302
8.209718,-4.0533834,2.0159178,0.49846604,-1.1007792,0.3042109
5.913678,-5.149928,8.372523,-0.17592919,-0.6072,0.28588495
6.397307,-6.667852,7.2472486,-0.24678956,0.9651671,-0.37384954
12.509704,-7.2831616,-2.2768857,0.48258355,0.25167647,-0.19058995
7.314286,-5.161899,3.466804,-0.034208454,-0.97249746,0.30543262
2.779668,-3.0071173,7.843405,-0.019547688,0.13072516,-0.1282817
9.916783,-4.4101195,0.074220255,-0.12950343,0.97494096,-0.18203785
12.126632,-5.583278,-1.6136919,-0.037873644,-0.8026769,0.35430184
6.2704144,-6.0764837,6.1411276,-0.4801401,-0.39461896,0.009773844
6.4739213,-7.019799,6.5026517,-0.55833083,1.536937,0.06719518
12.856863,-7.6710224,-3.3734303,-0.09896017,-0.28221974,0.24678956
7.273585,-4.7979803,3.098097,0.6426302,-1.1667526,0.31764993
5.0637364,-5.7843914,7.8505874,0.43493605,1.2168436,0.032986723
10.572795,-4.3526587,-1.9129672,-0.02687807,0.8026769,0.02443461
7.374141,-4.259285,5.415684,-0.04153884,-1.0299188,0.57910025
-0.4405331,-5.8921304,12.014104,0.3885103,1.0238101,-0.25534168
13.043611,-6.0836663,-3.8307228,0.22479841,0.25411993,-0.12217305
7.632715,-4.594473,3.8067808,0.9309586,-1.2657127,0.31398472
2.4540567,-6.5744777,8.286332,0.096516706,-0.118507855,-0.05375614
7.3909006,-6.184223,5.011064,-0.79779,1.2889256,-0.23457226
10.967838,-5.707777,-0.4405331,0.48258355,-0.5742133,0.2003638
6.265626,-1.8435353,5.0876784,1.0812315,-0.91751957,0.12339478
2.9041667,-4.831499,11.226412,0.36041048,0.7672467,-0.40194935
10.812215,-1.9680338,-0.20350714,0.70249504,1.0005972,-0.1160644
6.136339,-3.7660792,7.8625584,0.53023106,-0.6536258,0.20158553
4.584896,-3.0478187,11.484985,-0.6389651,0.77091193,-0.22724187
10.948685,-0.6607997,-1.091756,0.21868975,0.61453044,-0.004886922
6.7324953,-4.5322237,7.6973586,-0.2761111,-0.72204274,0.4373795
2.2050598,-4.1922474,12.389994,0.15515977,0.40561453,0.14294247
10.110714,-1.5275006,4.582502,0.1441642,0.64873886,0.5852089
7.479486,-2.861071,2.2888567,1.3622295,-0.3286455,0.7367035
4.9296613,-3.2513258,7.5968018,0.0,-0.98349303,0.72692966
6.600814,-3.904943,8.8777,-1.5760323,0.7086037,-0.31764993
9.150639,-5.753267,3.0190883,-0.7086037,-0.16126843,1.287704
4.048595,-7.1083846,6.0262055,0.21868975,-1.2009611,0.12095132
6.931214,-6.1866174,5.145139,-1.0519099,0.42271876,-0.17104226
11.008539,-9.902418,-0.62488663,-0.18325958,0.119729586,0.38728857
4.5872903,-6.1866174,6.7851677,0.59742624,-0.46670106,-0.05375614
3.5194764,-5.793968,9.55047,0.22724187,1.600467,-0.99204516
9.904813,-9.528923,1.0319009,-0.7538077,-0.28221974,-0.06352998
3.892972,-8.085219,3.7469256,-0.22968534,-0.8368854,0.10629055
5.3342814,-7.5824366,4.7405195,-1.640784,0.9859365,-0.6133087
11.09473,-8.616732,-0.58418524,-0.22113322,-0.22968534,-0.33475417
4.0342298,-5.2002063,5.446809,-0.037873644,-0.7318166,0.49968776
4.414908,-4.4316673,7.831434,0.46914452,0.97249746,-0.74281216
12.119449,-9.054871,-1.0606314,-0.6658431,0.21746802,0.12583824
4.7884035,-7.252037,6.0764837,-0.2846632,-1.1972959,0.5204572
3.857059,-7.03177,8.204929,-0.2932153,0.7012733,-0.41905355
9.646238,-5.415684,-1.5993267,0.18692477,0.44226643,0.029321533
5.74369,-3.6415808,2.5929205,0.8344419,-1.3732251,0.6792821
2.4277205,-1.6352397,7.675811,0.30909783,-0.06963864,-0.4813618
9.854534,-5.305551,0.33518824,0.17715092,0.99082345,-0.1160644
8.468291,-6.4380083,-0.21547815,0.35185838,-1.0103711,0.85154617
3.8355112,-4.256891,6.2584434,-0.10873401,-0.44593164,-0.14782938
9.368511,-7.6829934,4.7740383,-0.15027285,1.4062119,-0.4288274
9.617508,-5.7748146,-0.15801731,0.27366763,-0.42149702,0.60231316
5.389348,-6.184223,5.1906295,0.029321533,-0.6780604,-0.37995818
6.054936,-3.6176388,6.8426285,-0.24678956,1.3524556,-0.86254174
12.088325,-9.543288,-2.6240451,-0.9126327,-0.3933972,0.40561453
5.707777,-2.8562827,2.741361,0.53023106,-1.0323622,0.0842994
2.6743233,-3.9217024,9.713276,0.3213151,0.98349303,-0.5546656
10.766725,-2.2122424,1.0223241,0.18203785,0.83199847,-0.17592919
10.33098,-9.868899,3.0214825,-0.9016371,-1.1337659,0.49602258
2.815581,-0.60333884,8.750807,0.0012217305,-0.002443461,-0.25900686
10.25676,-6.435614,4.072537,-0.7367035,1.1129965,-0.4447099
8.817844,-3.3638535,2.5809495,0.17592919,-0.13194689,0.4251622
3.394978,-1.8052281,9.653421,0.408058,-0.14049901,0.081855945
5.961562,-2.6024973,7.776367,0.095294975,1.0091494,-0.52412236
12.74673,-6.603208,-1.3694834,0.4605924,-0.111177474,-0.2406809
7.797915,-2.918532,5.5856724,0.06352998,-0.72326446,0.1160644
2.492364,-2.432509,10.014946,-0.057421334,0.7672467,-0.4092797
10.177752,-2.4277205,2.1452048,-0.26145032,0.4642576,-0.008552114
9.229648,-2.0494366,2.231396,0.5742133,-0.88208944,0.15760323
3.514688,-3.5290532,8.118738,0.0842994,-0.09285152,-0.26145032
10.012551,-4.4460325,4.510676,-0.8576548,0.8539896,-0.19792034
9.830592,-0.6967127,1.1061212,1.2620476,-0.60231316,0.12461651
6.045359,-4.261679,5.901707,0.18936823,-0.6059783,0.02076942
8.954314,-2.932897,2.9831753,-0.9761627,1.0934488,-0.087964594
9.660604,-4.197036,3.1675289,-2.1245892,-1.3255776,1.1618657
10.469844,-5.032612,2.1883004,-3.5161405,-0.71593404,-0.89552844
3.1292217,-5.947197,2.7150247,-1.9413297,0.2003638,-0.48991394
10.931925,-4.7381253,-2.5187001,-0.18570304,0.70616025,-0.08552113
5.6120086,-4.4101195,4.656722,-0.24801129,0.002443461,0.71959925
3.1172507,-2.1404164,1.3455414,-0.2846632,0.5497787,-0.8735373
15.011644,-5.231331,-2.018312,1.9193386,-0.45448375,0.04886922
5.1906295,-2.9735985,4.489128,0.0720821,-0.30298916,0.7134906
3.4213142,-2.80361,3.7445314,-0.95905846,0.5864306,-0.66950834
11.401189,-7.3047094,-0.5650316,0.8857546,0.073303826,-0.40683624
7.563283,-6.1530986,2.0254946,-0.38973203,-0.9285152,1.1154399
4.426879,-6.8929067,2.6599581,-0.6536258,0.6084218,-0.8332202
13.249513,-5.973533,-2.4229321,0.8356637,-0.05131268,-0.12461651
8.020576,-5.171476,6.5218053,0.14049901,-0.5656612,0.71837753
3.098097,-3.2345665,1.2162545,-0.8564331,0.79901177,-0.956615
14.1904335,-7.905654,-1.3383588,1.2815952,-0.5925393,0.41905355
5.4300494,-4.27365,6.2512608,-0.61941737,-0.18692477,0.5815437
3.9264908,-5.058948,1.7597382,-0.63407815,0.8698721,-1.2840388
15.248671,-6.847417,0.9504981,0.9138544,-0.66706485,0.6768387
2.2385786,-3.2944214,5.068525,-0.9334021,0.30298916,0.5314528
9.392453,-4.537012,1.4891934,0.2602286,0.7049385,-1.3267993
11.030087,-4.721366,2.6671407,0.26389378,-0.7147123,0.91996306
3.8786068,-0.81402856,1.5682021,0.22479841,0.31642818,-0.39950588
12.129025,-5.6120086,2.9137435,-1.1753048,-0.9089675,-0.010995574
3.9001546,-5.60722,0.93613285,-0.60231316,0.50946164,-0.20158553
12.344504,-6.9288197,-1.4796166,0.79412484,-0.010995574,-0.05009095
8.408437,-4.4819455,4.3957543,0.065973446,-0.3933972,0.93951076
3.2800562,-6.9288197,-1.3958195,-0.83199847,0.58032197,-1.1166617
15.986085,-9.464279,-0.90500826,1.4306464,-0.6169739,0.37507126
6.5361705,-5.377377,5.0374002,-0.3323107,-0.1600467,0.8038987
2.7748797,-4.903325,0.24420857,-0.9126327,0.6414085,-1.0225884
15.531186,-7.644686,-0.4381389,1.2241739,-0.6536258,0.5729916
7.465121,-5.0613422,5.5018754,-0.9309586,-0.2773328,0.77824235
1.7405846,-5.121197,2.1619642,-1.0494665,0.52534413,-0.95172805
13.682862,-6.9288197,-0.1604115,0.8588765,-0.15149458,-0.13927728
8.058883,-4.175488,3.691859,-0.111177474,-0.6059783,0.7611381
2.0254946,-2.5498247,3.1148565,-1.1936307,0.44959682,-0.784351
13.409924,-7.905654,-2.7150247,0.24190263,0.043982297,-0.45937067
10.647015,-3.5051112,1.9081788,0.7244862,-0.77091193,1.0922271
1.5227122,-4.0581717,1.8483237,-0.8405506,0.70371675,-0.7293731
13.077129,-8.207323,-0.61052144,-0.36285394,0.204029,-0.5326745
12.028469,-3.289633,1.7549498,0.38728857,-0.8491027,0.94806284
1.5346833,-4.024653,2.1619642,-0.87109387,0.52778757,-0.44837508
12.897565,-7.7189064,-2.3511062,0.3494149,0.15271631,-0.516792
14.78659,-4.0462008,-0.89543146,0.82833326,-0.9602802,1.1985176
1.3958195,-3.229778,2.1164744,0.07086037,0.22479841,0.17715092
7.2568254,-2.5881321,-0.1604115,0.44104472,0.58276546,-1.3316863
12.313379,-9.617508,4.1036615,1.91323,0.5888741,1.4770721
8.37013,-2.6719291,5.097255,2.3542747,2.0696115,-0.204029
1.3000516,-2.7102363,5.463568,1.3732251,1.5222762,0.22968534
7.6710224,0.8379706,4.3287168,0.87964594,0.007330383,-0.10995574
8.872911,-6.045359,6.0046577,-0.3811799,-1.2425,0.31764993
2.8299465,-4.489128,8.276755,0.15027285,-0.9089675,0.32620203
3.074155,-3.6248214,9.660604,-0.5338962,0.75869465,-0.75136423
10.828975,-4.1515455,4.7022123,-0.36163223,-0.47769663,0.12950343
5.020641,-2.96881,7.651869,-0.24556783,-0.9297369,0.6291912
0.92895025,-1.9153614,12.5504055,-0.42271876,0.4166101,-0.48991394
8.7125,-4.5872903,4.5513773,0.028099801,0.4129449,0.02321288
4.7189717,-3.1268275,9.301474,1.3084733,0.4361578,0.32253686
5.437232,-3.0573955,6.9982514,0.55955255,0.5143485,0.21868975
3.4931402,-1.3575124,8.7053175,0.3481932,0.9944886,-0.20647246
2.066196,-1.910573,8.406042,0.6267477,0.56199604,0.05375614
1.9153614,-1.8818425,9.320627,-0.12705997,-0.1282817,0.032986723
2.2002714,-2.327164,9.32781,-2.0011945,-0.008552114,-0.07086037
0.93613285,-6.4068837,8.42759,2.4556782,-0.4972443,-0.042760566
3.5817258,-3.2680852,7.8050976,-0.32986724,0.089186326,-0.95417154
9.440337,-6.2728086,2.741361,0.89919364,-0.87598073,0.3323107
3.2321723,-2.9879637,8.365341,0.83199847,-1.2278391,0.07941248
2.621651,-1.127669,9.062054,1.0250319,1.0433578,-0.8173377
11.267113,-8.810662,1.5586253,-0.27488935,0.267559,-0.03176499
3.5553896,-6.325481,6.7205243,-1.1484267,-1.1630874,0.58032197
0.89064306,-0.8619126,8.14268,-0.14049901,0.2602286,-1.0482447
10.850522,-5.949591,2.5617957,0.15271631,0.73426,-0.61453044
8.348581,-8.058883,2.6048915,0.29810223,-0.7672467,0.89552844
0.9888053,-0.5506664,7.8410106,0.28099802,0.02076942,-0.18081611
8.78672,-8.492233,6.5122285,-0.70738196,1.0775663,-0.8491027
11.135432,-7.651869,0.30885202,-0.008552114,-0.86132,0.61941737
5.281609,-5.056554,7.074866,-0.6059783,-0.95905846,0.3726278
4.9416323,-3.2010477,8.149862,0.4654793,1.1435398,-0.86620694
12.220005,-7.501034,-1.3790601,0.37751472,-0.3481932,0.31887165
5.961562,-2.087744,4.1156325,0.9077458,-1.0677924,0.39584067
1.8219875,-2.4420857,9.416395,0.17104226,0.31031954,-0.25289822
9.533711,-2.15957,4.120421,0.18325958,1.0054842,-0.21746802
8.463503,-1.7190368,3.193865,1.1753048,-0.63529986,0.2932153
5.221754,-3.4045548,6.849811,0.56077427,-0.43004912,0.18448131
4.1036615,-3.9719806,11.370064,-0.7134906,1.3121386,-0.13316862
9.938332,-1.9057846,2.3774424,0.6963864,-0.06841691,-0.089186326
6.9383965,-8.652645,5.3007627,-0.97249746,-0.89919364,0.1600467
3.1866825,-4.879383,8.805874,-0.44837508,-0.065973446,-0.057421334
7.1275387,-4.3957543,6.505046,-0.8491027,0.8014552,-0.16737708
9.531317,-3.739743,2.9113493,0.4972443,-1.0201449,0.28955013
4.5537715,-3.9815574,7.5106106,1.1142182,-0.80756384,0.3115413
6.823475,-3.9911342,6.179435,-1.251052,1.5357152,-0.043982297
10.8624935,-3.8259344,-0.39983168,0.26389378,-0.5314528,0.30176744
3.9791632,-2.3774424,4.5322237,0.9932669,-0.14660765,0.47403142
7.28795,-5.9998693,6.849811,-1.7336355,-1.5943583,0.04886922
9.52174,-8.480263,3.4835634,-1.6688838,0.22235495,-0.74281216
10.084377,-3.5314474,-0.7589619,-0.22113322,-0.64996064,0.32498032