2.2936451,1.8124107,10.94629,-2.2064452,0.5131268,-0.2687807
-1.6687586,-4.7500963,9.306262,-2.543643,1.1508701,1.5894713
-3.0765493,-0.20111294,8.616732,-0.0036651916,0.16126843,0.7831292
-2.1978772,-2.2266076,7.7548194,1.0005972,-0.087964594,0.26145032
-5.142745,-0.38067806,7.513005,1.1374311,0.5131268,0.34574974
-1.934515,-1.9081788,9.995792,-0.03176499,-0.10262536,-0.15393804
-4.012682,0.047884032,7.551312,-0.09162979,0.15760323,0.32986724
-4.7381253,-0.90021986,8.7125,0.8857546,0.32986724,-0.26389378
-1.5131354,-0.25617957,9.928755,-1.1191051,-0.40194935,-0.030543262
-4.6279917,0.5386954,6.5577183,0.5558874,0.39095375,0.2406809
-4.4939165,-2.8778305,9.425972,0.39095375,0.43249258,-0.44593164
-2.0398598,-1.9919758,10.833763,-0.61819565,-0.45204028,-0.013439035
-4.642357,-0.9792285,6.849811,0.5119051,0.12583824,0.27366763
-4.2161894,-2.0374656,10.0508585,0.37140608,0.16249016,-0.32742378
-1.6711528,1.6831238,9.260772,-0.19303341,-0.5143485,0.28588495
-5.4180784,-1.2282255,7.0245876,0.43004912,0.2321288,0.14294247
-3.9576154,-1.127669,10.766725,0.49357912,0.0720821,-0.111177474
-0.9911995,1.5777789,10.149021,-0.65118235,-0.59986967,0.061086524
-3.7732618,1.9776106,4.735731,0.22602014,0.10995574,0.13439035
-4.2880154,-0.076614454,8.073248,0.5900958,0.6805039,-0.2724459
-1.5897499,-0.055066638,11.456255,-0.66950834,-0.26145032,-0.12339478
-2.4396915,2.7341783,7.369353,0.080634214,-0.26633725,0.1563815
-5.566519,-1.2641385,6.835446,0.25289822,0.33353242,0.06352998
-3.9911342,-1.1587936,10.371682,-0.10751228,0.29932398,-0.6450737
-3.107674,-0.4141969,9.394848,-0.75869465,-0.33353242,0.11728613
-7.524976,-2.135628,5.837064,0.2125811,0.41783184,0.06841691
-5.932832,-0.79966336,8.913613,0.43982297,0.41172317,-0.46914452
-2.0135236,1.9632454,9.746795,-0.6291912,-0.548557,0.056199603
-5.33907,-0.9624691,6.0166287,0.16249016,0.1600467,0.42760566
-7.038953,-1.8387469,7.575254,0.77091193,0.625526,-0.44104472
-1.9488802,1.1540052,11.650186,-0.57543504,-0.2773328,-0.15271631
-4.4699745,-0.14604631,6.3805475,-0.0720821,0.014660766,0.593761
-8.075643,-3.5410242,7.0126166,0.41905355,0.5742133,-0.2443461
-3.667917,-2.1380222,11.166556,-0.009773844,0.021991149,-0.12217305
-2.5929205,2.2290018,9.255983,-0.65118235,-0.7293731,0.41905355
-7.9152308,-2.4612393,5.78918,0.21624629,0.44226643,-0.015882496
-5.4180784,-1.0869676,10.196905,0.6230826,0.32375857,-0.37995818
-1.7741034,2.087744,10.941502,-0.64873886,-0.53023106,-0.0036651916
-4.9679685,2.861071,4.733337,2.9895744,0.11362094,0.21013765
-6.921637,2.2936451,7.4363904,-0.05131268,0.27122417,-0.32620203
-7.079654,2.8921957,10.783484,-0.87109387,0.27855456,0.36041048
-3.5410242,3.6248214,5.475539,-0.18692477,0.1600467,0.25900686
-5.604826,1.8842367,9.040505,-0.10751228,0.32253686,0.22968534
-5.1666875,2.9616275,7.714118,0.27000242,-0.39584067,-0.43982297
-4.185065,3.1148565,7.0940194,0.5571091,0.3921755,0.36774087
-5.887342,-1.3000516,7.9750857,-0.030543262,0.19181168,0.15027285
-6.7684083,2.6647465,8.825027,-0.32253686,-0.49480084,-0.5326745
-3.4644098,3.1675289,5.482722,0.5534439,0.12705997,0.40194935
-5.5377884,-1.4293385,8.413225,0.4092797,0.3408628,0.46792278
-6.655881,1.2952632,9.050082,-0.25900686,-0.44837508,-0.6206391
-3.4859576,5.4180784,5.5282116,0.28588495,0.012217305,0.32986724
-4.831499,1.9009962,7.6351094,0.10995574,0.43493605,0.3848451
-6.3566055,0.059855044,7.8769236,-0.46670106,-0.23823744,-0.7696902
-5.1642933,5.0278234,6.603208,0.06352998,-0.34697145,-0.013439035
-3.9073372,2.6312277,7.1466923,0.12095132,0.3371976,0.5448918
-6.1004257,1.1563994,9.588778,-0.7318166,0.014660766,-0.47647488
-5.645528,2.2577322,8.556877,0.35185838,-0.5717699,-0.46914452
-3.4165258,2.566584,5.839458,0.012217305,0.35185838,0.6646214
-6.172252,-0.9935937,9.634268,-0.0720821,0.24678956,0.18692477
-6.181829,2.2146366,9.155427,-0.13072516,-0.4801401,-0.44104472
-2.9640217,3.8546648,6.3326635,0.96883225,0.20280726,0.5143485
-5.097255,0.16998832,8.310274,0.47158796,0.4092797,0.48502702
-6.5122285,0.50517654,9.284714,-0.6731735,-0.42394048,-0.7110472
-3.9480386,4.225766,6.169858,-0.5558874,-0.118507855,0.08552113
-5.0374002,2.0853498,8.291121,0.5717699,0.44959682,0.61453044
-5.7748146,0.08379706,9.404425,-0.49602258,-0.37507126,-0.74281216
-4.146757,6.9383965,5.7963624,0.29932398,-0.13683382,-0.096516706
-4.156334,3.7373488,5.7628436,0.05497787,0.28221974,0.5497787
-5.6239796,-0.8283938,8.5473,-0.57787853,0.052534413,-0.4166101
-6.217742,1.8243817,9.038112,0.2443461,-0.46181414,-0.6951646
-2.9712043,6.8929067,6.019023,-1.1215485,0.14294247,0.21502456
-4.807557,0.021547815,8.803479,0.46914452,0.4129449,0.8491027
-4.7189717,-2.3415294,9.873688,-0.79901177,-0.40683624,-0.60231316
-5.097255,1.1228806,9.593566,1.6261233,-0.408058,-0.28221974
-4.450821,2.6599581,6.5984197,-0.5546656,0.007330383,0.48380527
-4.0222588,1.2880806,8.291121,0.5119051,0.5693264,-0.49235737
-2.3127987,3.9504328,9.598354,-1.1032226,-0.8491027,0.44837508
-6.615179,1.0726024,1.8483237,0.35918877,0.25778514,0.037873644
-6.9647326,-0.90500826,10.084377,0.7684685,0.72692966,-0.44593164
-0.89543146,2.966416,13.192051,-1.4575244,-0.6914995,0.204029
-3.2944214,3.6008794,6.2632318,-0.5839872,-0.28955013,0.2125811
-5.801151,0.94092125,3.727772,0.8979719,0.49235737,-0.07696902
-4.2305546,0.46686932,10.759542,0.5045747,0.2883284,-0.45937067
-1.9297266,3.083732,11.482592,-1.2437216,-0.8454375,0.10995574
-4.465186,1.7860745,7.9224133,-0.4007276,-0.1685988,0.3885103
-6.8210807,-1.2449849,4.4795513,0.49357912,0.5131268,-0.09162979
-4.1180267,-0.1364695,12.133814,0.31887165,0.21013765,-0.23945917
-2.7605145,2.2122424,8.317456,-1.0983357,-0.89675015,0.3005457
-6.5122285,-0.6679823,4.0916905,0.22113322,0.4654793,0.036651913
-5.08289,0.4213795,10.919954,0.54611355,0.3115413,-0.22602014
-1.2856863,3.9959226,9.933543,-0.81000733,-0.93828905,0.17959438
-6.2943563,0.5243302,4.4220905,0.42271876,0.4972443,0.1282817
-7.548918,0.023942016,8.808268,0.89552844,0.6401868,-0.312763
-1.1827357,4.1706996,11.741165,-0.82344633,-0.66339964,-0.0012217305
-5.482722,1.1587936,4.225766,0.16371189,0.12950343,0.32253686
-7.5968018,1.8962077,8.255207,1.396438,0.48380527,-0.43249258
-2.9855695,1.9081788,11.293449,-0.35308012,-0.42760566,-0.05131268
-4.015076,5.5760956,4.235343,0.2565634,-0.408058,0.27855456
-7.326257,0.36152446,6.706159,0.61575216,0.57787853,-0.4007276
-4.237737,3.3207579,11.145009,-0.10262536,-0.06719518,0.06719518
-3.4955344,2.528277,6.9527617,-0.5558874,-0.31398472,0.36163223
-7.6614456,0.31364042,5.415684,0.6389651,0.75136423,-0.14049901
-7.393295,-0.16519992,9.610326,0.0720821,0.4373795,-0.22968534
-2.183512,4.795586,11.638214,-0.65240407,-0.6401868,0.26511553
-5.389348,1.541866,3.1292217,0.19181168,0.036651913,0.095294975
-6.4787097,1.9081788,8.049306,0.52778757,0.64751714,-0.44837508
-2.930503,1.8555063,13.194446,-0.70738196,-0.5644395,0.0061086523
-4.642357,3.3758245,3.277662,-0.38973203,-0.4361578,0.18325958
-8.231265,0.33518824,3.4620156,0.61941737,0.8332202,-0.3005457
-5.2648497,0.22984336,11.32218,0.089186326,0.18081611,-0.15271631
-2.932897,4.156334,6.576872,-0.8417723,-0.7415904,0.18692477
-6.7229185,0.5410896,3.1387985,0.54611355,0.49113566,0.009773844
-7.3549876,0.6823475,9.244013,0.93584555,0.52656585,-0.44959682
-1.8076223,4.7285485,9.811439,-1.0946705,-1.0054842,0.064751714
-6.483498,0.7134721,3.833117,0.15882497,0.2919936,0.21991149
-8.195353,0.79726917,8.159439,0.8735373,0.6585127,-0.45081854
-2.846706,1.3982137,12.512098,-0.7831292,-0.59864795,0.05131268
-5.8921304,1.673547,3.1268275,0.052534413,0.089186326,0.38973203
-8.269572,0.47884035,7.144298,0.71593404,0.6646214,-0.3323107
-3.289633,1.079785,11.882423,-0.4886922,-0.28955013,0.002443461
-3.9001546,3.821146,6.205771,-0.41905355,-0.41905355,0.45204028
-6.991069,2.456451,3.8977604,1.6212363,0.24678956,-0.16249016
-6.6079965,2.657564,9.059659,-0.4886922,-0.037873644,-0.16493362
-4.7979803,6.2512608,6.5625067,-0.7122689,0.5729916,0.33108896
-5.98311,3.5122938,9.078813,-0.22968534,-0.09407325,0.18325958
-3.2130187,2.6839,5.41329,0.18936823,-0.06719518,0.002443461
-6.1004257,1.7788919,7.5345526,0.22235495,0.5839872,0.28099802
-8.00621,-0.61291564,9.356541,-0.61086524,-0.36041048,-0.55833083
-3.289633,4.2544966,6.1770406,-0.009773844,-0.39095375,-0.04520403
-4.3718123,1.685518,5.9543796,0.30298916,0.48747048,0.39950588
-7.141904,-1.8962077,9.464279,-0.35430184,-0.010995574,-0.5534439
-6.0142345,3.5913026,7.9966335,-0.32986724,-0.6059783,-0.22113322
-3.0454245,2.956839,5.3103395,0.4642576,0.41538838,0.5534439
-6.14831,-2.9735985,9.753978,0.5705481,0.37018433,0.20647246
-6.7803793,1.8531121,9.483433,-0.15882497,-0.6536258,-0.6401868
-2.7988217,5.57849,4.8243165,0.14660765,-0.05009095,0.16493362
-5.0062757,0.035913024,7.7811556,0.5729916,0.6462954,0.4801401
-6.8426285,-0.39264908,10.584765,0.13439035,-0.20158553,-0.516792
-5.6096144,5.0757074,6.739678,-0.34574974,-0.45937067,0.035430185
-3.2034419,2.078167,5.659893,0.04153884,0.5900958,0.5925393
-7.273585,-1.4628572,10.929531,-0.2443461,-0.095294975,-0.5326745
-5.5282116,3.514688,7.429208,-0.2321288,-0.5742133,-0.29810223
-2.885013,3.5529952,5.887342,0.6096435,0.5204572,0.58276546
-6.715736,-1.2425907,9.674969,-0.3933972,0.028099801,-0.41538838
-5.4803276,3.2704794,7.773973,-0.07574729,-0.6206391,-0.2602286
-2.966416,4.235343,5.0781016,-0.5363397,0.24678956,0.4605924
-6.4763155,1.6543933,8.774749,0.32986724,0.7367035,0.7623598
-5.145139,-1.5753847,7.5465236,0.02321288,-0.11362094,0.10262536
-4.903325,0.25617957,8.853758,0.38240165,0.2968805,-0.095294975
-6.6295447,3.8043866,9.165004,-0.3848451,-0.5009095,-0.48502702
-3.3997664,5.4683566,4.8602295,0.030543262,0.13561209,0.3481932
-6.6846113,-0.093373865,9.61272,0.24312437,0.48747048,0.45204028
-5.614403,2.147599,7.347805,-0.061086524,-0.6914995,-0.5571091
-3.3925838,2.9879637,6.117185,0.5326745,0.56199604,0.41172317
-6.813898,0.04070143,10.192117,-0.79901177,-0.0061086523,-0.4166101
-5.0158525,5.6407394,6.4643445,0.14172074,-0.516792,0.064751714
-3.5984852,1.7022774,6.76362,0.019547688,0.48991394,0.6059783
-5.1475334,0.38067806,10.271125,0.27000242,-0.6780604,-0.68539083
-4.596867,2.4037786,7.0221934,1.328021,-0.17837265,-0.42149702
-5.619191,1.9369092,7.553706,0.10629055,0.59864795,0.15149458
-2.3942018,4.1659107,7.764396,-1.7531832,0.172264,-0.3408628
-4.1683054,3.0765493,7.704541,-0.19058995,-0.79045963,0.6450737
-7.0341644,-0.5770026,3.4117374,-0.1966986,0.4288274,-0.040317107
-5.3558292,0.10055647,11.171345,0.5180137,0.4202753,-0.02321288
-0.5602432,5.9448028,11.061212,-1.3610078,-1.0409144,0.27977628
-4.9703627,2.846706,2.2720973,0.017104227,0.31764993,0.26633725
-8.75799,-1.0366893,7.6015906,0.8038987,0.8222246,-0.344528
-1.6136919,2.6408045,13.239936,-0.39095375,-0.35185838,-0.12339478
-3.7325604,3.1244333,5.518635,-0.94806284,-0.63163465,0.7293731
-8.24563,-1.7932571,4.285621,0.11362094,0.453262,-0.18692477
-3.9959226,0.79487497,10.551247,0.6927212,0.2846632,-0.29932398
-1.6352397,3.9815574,9.653421,-0.5852089,-0.79779,0.31642818
-7.3310456,-0.7206547,4.132392,0.2687807,0.27977628,-0.3200934
-5.889736,0.47644615,9.476251,0.95294976,0.52290064,-0.6072
-0.51235914,4.280833,11.32218,-0.6780604,-0.9773844,-0.112399206
-6.5098343,0.7661445,3.8115692,0.4569272,0.35308012,0.02076942
-8.298303,0.7302315,9.241618,0.91874135,0.7244862,-0.4605924
-1.9129672,2.755726,11.314998,-0.657291,-0.4605924,0.061086524
-5.985504,0.40462008,3.9600096,0.32375857,0.18936823,0.25411993
-8.516175,1.697489,9.01417,1.2205088,0.65484756,-0.50579643
-2.966416,3.4284968,11.959038,-0.6646214,-0.49968776,0.19547687
-2.8682537,4.807557,5.2600613,-0.54244834,-0.9089675,0.46181414
-5.647922,1.5753847,4.9344497,1.3219124,0.6646214,-0.48747048
-5.267244,1.2114661,11.08276,0.3921755,0.40439278,-0.1881465
-0.30885202,3.8833952,12.828133,-1.6847663,-1.2583824,0.25778514
-4.560954,2.1284454,4.841076,-0.15515977,-0.4728097,0.32742378
-7.5920134,0.6775591,4.8099513,0.7049385,0.77824235,-0.04642576
-5.8825536,1.1348516,10.97502,0.8576548,0.7440339,-0.19303341
-1.1707647,2.5881321,12.445061,-1.6615535,-0.91507614,-0.02076942
-5.0421886,2.695871,3.394978,-0.24312437,-0.28588495,0.25534168
-7.656657,-1.7070658,6.0142345,0.1282817,0.88208944,-0.41050145
-4.0557775,0.074220255,10.850522,0.98471475,0.4202753,-0.29932398
-2.6264393,2.0709844,9.363723,-1.047023,-0.9370673,0.35918877
-6.2943563,0.7062895,3.3734303,0.32498032,0.12583824,0.08674286
-6.021417,1.7836803,9.397242,1.3561208,0.64751714,-0.60231316
-1.3599066,2.882619,12.873623,-0.8552113,-0.71593404,0.059864793
-5.2720323,2.0829554,3.4620156,-0.19425514,-0.13072516,0.27366763
-8.863335,-0.5554548,7.577648,0.7244862,0.9272934,-0.51923543
-1.0726024,2.695871,13.132196,-0.17715092,-0.37018433,-0.057421334
-3.4763808,3.3973722,7.0581064,-0.21380283,-0.89919364,0.7635816
-6.5098343,1.9752164,4.24492,1.9559906,0.061086524,-0.37507126
-7.1227503,2.7844565,9.643845,-0.3371976,0.2932153,0.39584067
-6.8809357,0.22984336,8.882488,-0.79045963,0.40683624,0.64873886
-5.923255,-0.15562311,8.820239,-0.39095375,-0.5729916,-0.47158796
-3.3997664,3.7828386,7.026982,0.25289822,-0.2406809,-0.16126843
-6.1650696,0.9600749,7.321469,-0.1966986,0.36896262,0.24556783
-7.3669586,-0.17956513,8.391677,-0.3555236,-0.36651915,-0.8503244
-3.110068,4.4580035,6.0166287,-0.38240165,-0.31764993,-0.105068825
-4.5801077,2.018312,6.873753,0.035430185,0.59986967,0.43982297
-7.4746976,-0.4285621,8.863335,-0.8979719,-0.2932153,-0.6780604
-3.6487634,5.403713,5.722142,0.012217305,-0.064751714,0.23823744
-5.734113,1.103727,7.7213006,0.021991149,0.5717699,0.5143485
-7.086837,0.80445176,8.832211,-0.6096435,-0.29443705,-0.7147123
-3.383007,5.446809,5.592855,-0.008552114,-0.064751714,0.14049901
-6.0597243,-0.12928689,8.724471,0.13316862,0.4092797,0.31887165
-6.715736,3.5793316,8.714894,0.017104227,-0.50335294,-0.47525316
-3.145981,4.1419687,5.5042696,0.50701815,0.15271631,0.4447099
-6.823475,-1.6687586,9.234436,0.36896262,0.2919936,0.12461651
-6.4739213,2.9783869,7.8410106,0.007330383,-0.548557,-0.46670106
-3.9839516,2.4708161,6.0142345,0.2003638,0.36896262,0.59498274
-6.7492547,-0.33997664,9.516952,-0.24556783,0.12095132,-0.05131268
-6.054936,3.4093432,7.773973,-0.035430185,-0.56077427,-0.36041048
-3.169923,4.3622355,5.650316,0.2125811,0.20647246,0.6035349
-6.835446,-0.8619126,9.406818,0.38240165,0.39461896,0.32986724
-6.327875,1.4987702,8.377312,-0.0720821,-0.52290064,-0.5571091
-2.767697,4.999093,5.7484784,-0.089186326,0.17470746,0.3555236
-4.879383,-0.15801731,8.561666,0.49846604,0.45204028,0.17959438
-6.50744,0.38307226,9.768343,0.34330627,-0.6560693,-0.63529986
-5.583278,0.7374141,8.801085,0.98837996,-0.09285152,0.014660766
-4.721366,3.2369606,6.7947445,0.18203785,0.3494149,0.46914452
-4.285621,1.4197617,6.5577183,-2.1954496,0.35430184,0.03176499
-2.243367,7.8050976,7.680599,-1.2449434,-0.6951646,0.2602286
-6.9144545,0.31364042,4.5657425,0.5375614,0.4129449,0.13805555
-5.5760956,1.0223241,9.165004,0.8356637,0.4007276,-0.38728857
-1.7477672,4.3837833,10.556035,-0.9627236,-0.71593404,0.25167647
-5.305551,3.074155,4.5992613,0.7257079,0.073303826,0.2565634
-7.017405,0.4213795,7.515399,0.47525316,0.44959682,-0.16249016
-2.9975405,2.755726,11.379641,-0.88086766,-0.21135938,0.09896017
-5.118803,2.9855695,3.5913026,0.1966986,-0.0036651916,0.111177474
-7.821857,-0.04070143,6.706159,0.14782938,0.5900958,-0.3481932
-3.6750996,1.6567876,11.504139,-0.35430184,-0.030543262,-0.12339478
-4.8099513,3.1483753,4.9464207,0.36774087,-0.052534413,0.27000242
-7.896077,-1.4077905,7.908048,-0.065973446,0.50946164,-0.21135938
-3.8235402,0.51235914,11.269507,-0.38728857,-0.22602014,-0.09896017
-3.1435869,4.010288,5.6215854,-0.5338962,-0.43982297,0.20769419
-7.3310456,-0.91697925,5.1906295,0.16249016,0.46303585,-0.12339478
-4.783615,0.35194764,10.299856,0.36285394,0.19058995,-0.26145032
-2.6671407,3.2824504,8.659827,-0.6817256,-0.60231316,0.21502456
-6.3470287,0.16519992,5.142745,0.5448918,0.3494149,-0.015882496
-5.0302176,0.80924016,10.812215,0.50701815,0.16982053,-0.3323107
-2.0207062,3.8043866,10.101137,-0.6035349,-0.74036866,0.07941248
-5.767632,1.1085154,5.023035,0.5021312,0.18570304,0.019547688
-5.686229,0.92895025,9.634268,0.42149702,0.3408628,-0.35796702
-2.9592333,3.0573955,9.208099,-0.5412266,-0.535118,0.25900686
-6.030994,1.4413095,4.498705,0.72204274,0.22479841,0.010995574
-5.9759274,0.8810662,8.35337,0.51068336,0.42760566,-0.2932153
-2.6168625,3.9336734,11.010934,-0.8698721,-0.5375614,0.30176744
-5.971139,1.484405,3.5889084,0.3555236,0.040317107,0.22968534
-6.4667387,1.2018893,8.573636,0.89675015,0.54611355,-0.2773328
-2.1739352,4.355053,11.506534,-0.7110472,-0.33964106,0.2773328
-6.26802,2.779668,3.6367924,0.41538838,-0.09896017,0.3567453
-8.171411,0.61770403,7.2951326,0.9993755,0.70249504,-0.2968805
-2.719813,2.4827871,11.733982,-0.5876524,-0.08307768,-0.27855456
-3.466804,4.7764325,6.421249,-0.65240407,-0.59620446,0.18692477
-8.429984,-1.8938135,4.7500963,0.11484267,0.70616025,-0.18081611
-5.437232,0.272939,10.424355,-0.05009095,0.43371433,-0.25411993
-2.9999347,2.2385786,9.287108,-0.91874135,-0.6914995,0.21868975
-6.967127,-0.016759412,4.4077253,0.5045747,0.30787608,0.043982297
-5.2361193,0.866701,9.82341,0.7305948,0.36774087,-0.3726278
-2.861071,1.8195933,10.66138,-1.2009611,-0.7330383,0.112399206
-6.5385647,0.23942018,4.1706996,0.24801129,0.07819075,0.073303826
-6.603208,0.1340753,8.504205,1.0201449,0.5363397,-0.30176744
-1.9536686,1.0319009,10.268731,-1.0494665,-0.65484756,-0.065973446
-6.191406,1.2186487,5.233725,0.267559,0.32742378,0.20158553
-5.2026005,0.45010993,8.331821,0.267559,0.22479841,-0.48747048
-1.757344,4.4939165,10.673351,-0.28955013,-0.6621779,-0.010995574
-8.243237,-0.7038953,4.486734,0.24801129,0.30665436,-0.13072516
-4.5753193,1.4221559,10.503363,0.93462384,0.27855456,-0.23579398
-1.3455414,6.2225304,9.404425,-0.77579886,-1.0861185,0.09285152
-6.5505357,-0.0047884034,4.5034933,0.39828414,0.021991149,0.19425514
-7.189788,2.1547816,6.2225304,0.5766568,0.24923302,-0.3494149
-2.2505496,3.7708676,12.409147,-0.72082096,-0.42149702,0.04642576
-2.8060043,3.8618474,5.305551,-0.8491027,-0.6047566,0.23090707
-6.4547677,-0.045489833,6.540959,0.48258355,0.65484756,-0.26511553
-3.2010477,2.1739352,11.44189,-0.37384954,-0.16737708,-0.089186326
-4.7141833,2.384625,5.7484784,-0.7098254,-0.35430184,0.43493605
-7.7811556,-1.0845734,5.269638,1.0250319,0.71593404,-0.15515977
-3.4691982,0.24181437,8.640674,0.56321776,0.07696902,-0.15515977
-5.7963624,4.4436383,6.030994,0.50946164,0.17959438,-0.062308256
-5.650316,2.0207062,9.452309,-0.13072516,0.019547688,-0.07574729
-4.7022123,2.4061728,8.62152,-1.0800097,0.6927212,0.8723156
-5.628768,0.2825158,10.931925,-0.5534439,-0.36896262,-0.14905111
-3.5889084,2.9496565,5.839458,0.6963864,-0.029321533,-0.004886922
-5.391742,0.5722142,8.1163435,0.28588495,0.675617,0.3811799
-7.1993647,-0.6368576,9.078813,-0.28588495,-0.2406809,-0.46914452
-4.0078936,5.595249,5.4324436,0.48380527,-0.14782938,0.25900686
-4.867412,0.25378537,7.0820484,0.0036651916,0.4728097,0.36774087
-7.36217,1.1803415,8.664616,-0.65118235,-0.23579398,-0.5766568
-3.335123,3.071761,5.6335564,0.3042109,0.015882496,0.41416663
-6.5816603,-1.2330139,9.526528,0.54367006,0.20525073,-0.042760566
-6.090849,4.3143516,7.6111674,-0.19303341,-0.44104472,-0.32620203
-3.8474822,3.3518825,5.93762,0.32375857,0.28955013,0.54733527
-7.1371155,-0.81402856,8.932767,-0.28588495,0.05131268,-0.5656612
-4.232949,4.1371803,6.090849,0.28221974,-0.18325958,0.23090707
-5.5856724,1.2593501,7.896077,0.172264,0.38606682,0.2284636
-6.603208,2.4947581,7.9343843,0.010995574,-0.34208453,-0.37873647
-4.1252093,3.7684734,5.5521536,0.22479841,0.15515977,0.31520647
-7.5465236,-0.18435353,9.095572,0.1441642,-0.08674286,-0.21991149
-4.084508,3.2010477,6.9048777,-0.10140363,-0.26389378,0.021991149
-5.351041,2.1284454,7.723695,0.21502456,0.39828414,0.12339478
-7.228095,2.291251,8.157045,-0.31642818,-0.22479841,-0.57787853
-3.8666358,3.9911342,5.770026,0.30665436,-0.015882496,0.33964106
-6.3925185,-0.06943185,7.8146744,0.2443461,0.36285394,0.030543262
-6.1530986,2.882619,7.6949644,-0.35063666,-0.37751472,-0.4092797
-3.857059,3.8379054,6.2704144,0.05375614,0.09896017,0.58276546
-5.935226,-1.5873557,8.504205,0.41783184,0.018325957,0.3115413
-5.0278234,0.320823,8.655039,0.25534168,-0.5009095,-0.26267207
-6.4044895,1.7238252,8.571242,0.91507614,-0.15149458,-0.26267207
-2.1308396,5.185841,6.600814,-1.9107865,0.111177474,0.5681047
-7.419631,0.5410896,6.289568,0.8185594,0.36041048,-0.6035349
-3.4763808,3.086126,10.218452,-0.9492846,-0.12705997,0.22602014
-4.189853,3.881001,4.268862,-0.34697145,-0.19547687,0.36774087
-7.7069354,1.0223241,5.592855,0.2003638,0.43860126,-0.19181168
-3.0358477,4.733337,10.642226,-0.593761,-0.27000242,0.047647487
-4.3047748,5.1666875,3.5553896,0.26511553,-0.08552113,0.3115413
-7.2687964,3.1555579,7.1275387,1.2938126,0.36163223,-0.41416663
-2.327164,3.6128504,11.049241,-1.2315043,-0.07574729,-0.012217305
-5.094861,3.9432502,3.53863,-0.015882496,0.013439035,0.22357668
-7.405266,1.400608,6.301539,0.30909783,0.6951646,-0.4202753
-2.779668,4.3981485,12.193669,-0.35430184,-0.2919936,-0.080634214
-5.4420204,2.942474,4.654328,-0.10629055,0.029321533,0.33475417
-7.469909,0.5243302,6.0381765,0.22357668,0.49357912,-0.3555236
-3.3638535,2.1284454,11.417948,-0.43127087,-0.13194689,-0.18203785
-4.7524905,3.643975,6.7612257,0.11362094,-0.21380283,0.44959682
-7.9391727,1.1851299,6.7731967,0.42638394,0.41783184,-0.22968534
-3.9217024,1.5155296,10.103531,-0.61575216,-0.24801129,-0.105068825
-5.267244,2.078167,5.626374,-0.037873644,0.16615535,0.44593164
-7.8266454,-0.16519992,7.1706343,0.4129449,0.4202753,-0.17592919
-2.5210943,3.3854012,9.469068,-0.79045963,-0.37384954,-0.07574729
-6.4284315,1.0534488,5.2959743,0.6536258,0.27366763,0.23335053
-7.393295,0.8834604,8.532935,0.54611355,0.29077184,-0.36285394
-2.5234885,4.618415,9.148245,-0.48380527,-0.5363397,0.080634214
-6.265626,2.3774424,4.8338933,1.1227703,0.09285152,0.05375614
-7.393295,0.2896984,7.0245876,-0.7134906,0.33475417,-0.32986724
-3.833117,4.8841715,10.024523,0.33353242,-0.32742378,0.04642576
-4.0557775,4.256891,5.33907,-0.70249504,-0.36774087,0.44348818
-7.086837,1.5346833,4.0892963,-0.39461896,0.44226643,-0.27488935
-4.5657425,2.8993783,10.99178,0.02443461,0.05131268,-0.04886922
-3.442862,4.3837833,8.080431,-0.21868975,-0.48747048,0.34330627
-7.3909006,0.107739076,4.1659107,0.12339478,0.22235495,-0.02687807
-5.3845596,2.528277,8.669404,0.7452556,0.3567453,-0.39584067
-4.209007,2.2625206,6.8186865,0.15760323,-0.25778514,-0.07696902
-7.03177,2.1164744,5.221754,-0.95417154,0.11362094,-0.32375857
-6.493075,2.5809495,10.730812,-1.097114,0.40439278,0.5131268
-3.0382419,3.9839516,4.560954,0.02076942,0.029321533,0.27000242
-6.5385647,1.8148049,11.137826,-0.21135938,0.032986723,0.19914207
-4.733337,-0.50038815,4.9799395,-0.030543262,-0.11728613,-0.20280726
-5.9041014,-0.2633622,9.461885,0.7330383,0.21868975,-0.22235495
-5.8083334,4.355053,6.172252,-0.26145032,-0.41905355,-0.09896017
-4.0557775,3.2010477,5.2983685,0.2932153,0.45204028,0.43127087
-6.694188,0.22026655,9.416395,0.052534413,0.029321533,-0.42149702
-4.268862,2.731784,5.8442464,-0.15515977,-0.21135938,-0.15027285
-5.875371,2.8107927,7.565677,0.2724459,0.4801401,0.4007276
-6.943185,3.335123,7.7667904,-0.21502456,-0.46670106,-0.50335294
-4.1826706,4.2784386,4.817134,0.6426302,0.10995574,0.3848451
-7.716512,-0.31364042,8.070854,0.44715336,0.4251622,0.021991149
-4.7644615,4.1683054,6.0477533,0.16982053,-0.453262,-0.22724187
-5.2648497,1.7956513,5.6766524,-0.25289822,0.5815437,0.44104472
-7.6135616,0.28491,8.652645,-0.061086524,-0.10873401,-0.4007276
-4.853047,5.4324436,5.0493712,-0.21868975,-0.26389378,0.14905111
-6.7803793,1.1348516,8.013393,-0.33964106,0.5717699,0.3811799
-6.754043,1.8387469,8.049306,-0.31642818,-0.535118,-0.39461896
-3.8594532,3.5793316,5.9304376,0.43982297,0.37873647,0.56199604
-7.5321584,-0.6512229,8.750807,-0.10873401,0.13805555,-0.14782938
-5.3223104,4.1132383,5.2720323,-0.25167647,-0.18936823,-0.04642576
-4.8841715,1.7190368,6.694188,-0.02565634,0.5143485,0.59131753
-7.563283,0.01436521,9.43076,-0.06841691,-0.21502456,-0.344528
-4.6950297,4.1012673,5.7843914,-0.2125811,-0.2602286,0.037873644
-5.183447,0.6967127,7.2544312,-0.36041048,0.49113566,0.42394048
-5.17387,1.13964,9.842564,0.0036651916,-1.2412782,-0.6963864
-5.4420204,2.3558946,8.449138,1.251052,-0.40561453,-0.59986967
-2.8491,5.829881,9.165004,-0.7134906,0.24556783,0.23335053
-7.053318,-0.090979666,2.1452048,-0.11362094,0.49602258,-0.29077184
-6.9479733,1.7310078,8.379706,0.48991394,0.71837753,-0.61208695
-1.5586253,5.729325,10.812215,-0.31887165,-0.77091193,0.13316862
-7.0844426,-0.260968,4.0174704,-0.5925393,0.26511553,-0.20891592
-7.144298,2.0949266,8.056489,0.7733554,0.4288274,-0.5900958
-2.054225,3.4811692,11.575965,-0.41050145,-0.7501425,0.18325958
-4.4460325,1.958457,3.7014358,-0.55955255,0.27488935,0.39828414
-8.451532,0.90740246,7.656657,0.2773328,0.68661255,-0.3555236
-3.1794999,2.5689783,10.979809,-0.7330383,-0.43127087,-0.036651913
-5.12838,2.8395233,4.486734,-0.20525073,0.21868975,0.45570546
-8.437167,0.9768343,7.2544312,0.4813618,0.453262,-0.41416663
-2.6431987,3.3303347,9.92636,-0.46914452,-0.40683624,-0.03176499
-6.339846,2.1212628,5.884948,0.02565634,0.28955013,0.3408628
-7.711724,0.46208093,8.24563,0.9211848,0.18692477,-0.21991149
-2.0470424,4.9655743,9.507375,-0.9089675,-0.7415904,0.42271876
-5.4420204,3.3997664,4.122815,0.35185838,0.19792034,-0.02321288
-6.208165,2.8443117,8.286332,0.8735373,0.37507126,-0.7367035
-1.8770541,5.0996494,11.149797,-1.0958922,-0.73914695,0.09285152
-6.1746464,2.1188686,3.3877954,0.55955255,0.26511553,0.30298916
-5.9304376,1.6759412,9.512163,0.7330383,0.41538838,-0.54367006
-2.3989902,4.6950297,9.512163,-1.1508701,-0.7171558,0.32986724
-7.103596,-0.50757074,3.478775,0.47158796,0.3286455,0.05497787
-5.1762643,3.1771057,9.105149,0.73792523,0.28344148,-0.5314528
-3.3997664,4.8817773,8.248025,-1.1032226,-0.45814893,0.36163223
-7.6351094,0.39264908,3.8474822,0.47891834,0.3323107,0.15027285
-5.410896,2.7581203,8.707711,0.61819565,0.37018433,-0.43493605
-2.2649148,4.8243165,10.28549,-1.1582005,-0.6939429,0.15149458
-6.528988,1.30484,3.0789435,0.48747048,0.33108896,0.103847094
-5.327099,2.9113493,8.018182,0.21746802,0.3848451,-0.66706485
-2.0805612,4.7668557,12.258312,-1.1276573,-0.7244862,-0.14905111
-6.0501475,1.5394717,3.7924154,0.3933972,0.1001819,0.3494149
-6.019023,1.5107412,8.1881695,0.6743952,0.45814893,-0.5888741
-2.1188686,4.201824,10.55843,-1.2144,-0.78801614,0.12217305
-6.241684,2.1164744,2.9831753,0.5338962,0.2773328,0.31764993
-7.3190746,1.4317327,8.767567,0.6096435,0.47525316,-0.5412266
-3.0310593,3.2082303,8.3629465,-1.0213667,-0.61208695,0.13072516
-7.153875,0.22505496,4.924873,0.35308012,0.35796702,-0.058643065
-6.1076083,2.1045034,9.94312,0.51923543,0.23823744,-0.4007276
-2.5234885,5.1930237,8.276755,-0.4361578,-0.79534656,0.31398472
-7.943961,-0.021547815,4.675876,0.22479841,0.43127087,-0.12583824
-4.8698063,2.753332,9.184157,0.45204028,0.04642576,-0.33841935
-3.9624038,3.691859,6.931214,-0.64996064,-0.40194935,0.3726278
-7.3071036,-0.29448682,3.9839516,0.68416905,0.33964106,-0.39095375
-4.9703627,5.279215,4.522647,-1.1557571,-0.2602286,-1.0384709
-8.243237,1.3072342,10.728417,-0.17592919,0.3042109,0.49235737
-5.08289,4.2042184,3.6607344,0.38973203,0.17470746,0.56321776
-6.4260373,2.360683,8.6813755,0.57787853,-0.13072516,0.23457226
-5.583278,2.2266076,6.469133,0.5326745,0.39095375,0.31031954
-7.189788,3.5745432,7.21373,-0.4092797,-0.5338962,-0.18692477
-3.8953662,3.335123,4.8626237,0.28955013,0.4373795,0.6010914
-7.893683,0.47884035,9.308656,-0.4288274,0.06841691,-0.13561209
-6.007052,4.7884035,5.899313,0.012217305,-0.6462954,-0.105068825
-4.4196963,3.122039,5.149928,0.267559,0.7415904,0.56199604
-8.0684595,1.4437037,9.059659,0.07086037,-0.33108896,-0.42149702
-3.739743,5.403713,3.9097314,0.1563815,-0.18570304,0.1685988
-6.919243,2.5378537,8.322245,0.48258355,0.65484756,0.22357668
-6.0238113,4.3167458,6.7492547,0.06719518,-0.63529986,-0.42149702
-3.667917,5.0900726,4.596867,0.02076942,0.2321288,0.40439278
-8.037335,0.79008657,8.983045,-0.15271631,-0.007330383,-0.3408628
-3.3925838,4.4340615,5.57849,-0.5155703,-0.3005457,0.065973446
-5.815516,2.5761611,6.9479733,0.86254174,0.7086037,0.2968805
-7.422025,4.1180267,7.66384,0.039095376,-0.3555236,-0.74281216
-3.8833952,6.0836663,4.795586,-0.09407325,-0.13194689,0.17104226
-6.646304,2.3774424,7.654263,0.25045475,0.59986967,0.21135938
-7.836222,3.6894648,7.007828,0.004886922,-0.49480084,-0.6096435
-3.596091,4.2425256,5.3486466,-0.009773844,0.10751228,0.51068336
-7.371747,0.48841715,8.492233,0.20647246,0.2846632,-0.06352998
-5.2265425,4.3358994,6.3925185,-0.40194935,-0.4251622,-0.087964594
-5.035006,3.442862,5.9280434,-0.23701571,0.6291912,0.51068336
-7.7308774,2.315193,8.710106,-0.028099801,-0.43249258,-0.59498274
-4.0294414,5.671864,4.9655743,0.112399206,-0.087964594,0.22235495
-7.1275387,2.4899697,7.6494746,0.23823744,0.5009095,0.2321288
-6.361394,3.5673606,6.4906807,0.3371976,-0.40683624,-0.30787608
-4.2042184,3.6511576,4.876989,0.019547688,0.32375857,0.46792278
-7.551312,0.8762778,8.027759,0.02565634,-0.058643065,-0.4972443
-4.39336,6.847417,5.3199162,-0.043982297,-0.21624629,0.16615535
-5.4204726,3.2968156,6.327875,0.09162979,0.47158796,0.37873647
-7.642292,2.3104045,7.1083846,-0.21991149,-0.32742378,-0.75747293
-4.06296,5.159505,4.9105077,0.2443461,0.09773844,0.53878313
-7.422025,0.7110779,7.7332716,-0.002443461,0.1881465,-0.3200934
-5.5976434,4.9823337,6.4882865,0.09040806,-0.33964106,-0.21868975
-4.271256,4.0916905,5.2983685,-0.4642576,0.27366763,0.37507126
-8.109161,2.1859062,8.0684595,-0.37507126,-0.20891592,-0.71593404
-3.53863,6.469133,6.054936,-0.22968534,-0.4801401,0.13561209
-5.90889,3.9480386,7.9272017,0.5888741,-0.30543262,-0.1685988
-5.765238,3.0933087,5.5138464,0.46670106,0.4166101,0.37018433
-2.1643584,9.217676,9.124303,-2.0024164,0.09773844,-0.035430185
-7.041347,-0.8882488,2.4708161,-0.42638394,0.28344148,0.18692477
-6.9479733,4.036624,7.9822683,0.9114109,0.657291,-0.32620203
-2.906561,4.9344497,10.479421,-1.5931365,-0.63529986,0.26511553
-6.05733,2.1212628,3.70383,0.27488935,0.36041048,0.16371189
-8.5473,1.8076223,8.1402855,0.39950588,0.63285637,-0.4251622
-2.267309,4.757279,11.851298,-0.4251622,-0.8491027,0.07819075
-5.3701944,2.291251,3.0813377,0.2602286,0.2773328,0.17470746
-8.152257,1.2737153,7.69257,0.65240407,0.7684685,-0.40194935
-2.5761611,4.271256,12.01171,-0.56077427,-0.6585127,-0.0012217305
-5.485116,2.3247697,3.1771057,0.02687807,-0.06719518,0.27488935
-8.9998045,0.079008654,6.0836663,0.1563815,0.7611381,-0.21135938
-3.074155,3.9863458,11.530476,-0.5131268,-0.43860126,-0.081855945
-6.3302693,2.4899697,3.7780502,0.17959438,0.2443461,0.57787853
-8.532935,1.0606314,6.4547677,-0.062308256,0.5876524,-0.30665436
-2.6791117,5.506664,10.8864355,-0.6792821,-0.41905355,-0.14294247
-6.0262055,2.087744,3.2920272,0.44104472,0.25289822,0.4007276
-7.967903,1.5251064,7.4148426,0.2846632,0.4972443,-0.53023106
-2.3223755,5.2169657,11.647791,-0.5143485,-0.53023106,-0.12339478
-6.751649,1.5801731,2.944868,0.36651915,0.22357668,0.30543262
-7.177817,2.765303,7.644686,0.59131753,0.38240165,-0.56199604
-2.633622,4.841076,9.720459,-0.65240407,-0.7012733,0.27366763
-7.93199,-0.33758244,3.6008794,0.41416663,0.344528,0.059864793
-6.066907,2.195483,8.525752,0.0,0.29565877,-0.09040806
-3.0933087,6.4068837,11.171345,-0.79045963,-0.6010914,0.02443461
-6.0477533,2.2290018,2.1260512,0.13927728,-0.20647246,0.33841935
-7.52737,3.1172507,5.243302,1.7373008,0.6658431,-0.3652974
-4.72376,2.4875755,10.34774,-0.27855456,-0.096516706,-0.065973446
-2.822764,4.2640734,9.224859,-1.1459832,-0.89675015,0.22113322
-7.383718,0.39025488,3.0909145,0.21746802,0.26633725,0.16982053
-7.78355,0.19871874,6.3542113,0.9334021,0.829555,-0.64996064
-3.5745432,3.7612908,11.851298,-0.7501425,-0.53023106,0.087964594
-6.143522,2.0614076,2.8275523,0.23579398,0.10629055,0.4447099
-8.588001,1.4915876,5.068525,0.55955255,0.62796944,-0.35796702
-4.4364557,2.4061728,12.23437,-0.21380283,-0.087964594,-0.05131268
-4.486734,3.7445314,4.2904096,-0.12339478,-0.37873647,0.39950588
-9.703699,-1.1563994,4.7022123,0.13805555,0.74281216,0.10995574
-4.5418005,1.4652514,10.749966,0.032986723,0.111177474,-0.22968534
-4.5298295,3.98874,6.4667387,-0.42149702,-0.45448375,0.45081854
-9.854534,-0.47644615,4.0940847,0.20158553,0.6646214,-0.111177474
-5.4085016,1.3599066,10.386047,0.3811799,0.16737708,-0.23579398
-4.1132383,4.1299977,6.339846,-0.61819565,-0.59498274,0.47403142
-9.325416,-0.5386954,3.3446999,0.02565634,0.56321776,-0.042760566
-6.009446,1.5873557,9.921572,0.6206391,0.22235495,-0.22968534
-2.5833437,6.667852,7.759608,-0.21746802,-0.6401868,0.16493362
-6.8881183,4.1060557,4.225766,1.3695599,-0.12705997,-0.080634214
-9.246407,0.11731588,9.921572,-1.5503759,0.43860126,0.33964106
-4.9559975,2.8299465,6.849811,-0.6450737,0.06841691,0.50701815
-6.7133417,2.4468741,7.6710224,0.172264,0.057421334,0.13683382
-6.7229185,4.1252093,5.5760956,0.042760566,-0.74036866,-0.38606682
-4.2880154,4.10845,5.5641246,0.56688297,0.47647488,0.3481932
-7.941567,0.51714754,9.004593,-0.3005457,-0.10262536,-0.44348818
-5.9783216,6.2488666,5.9878983,0.3286455,-0.32498032,0.0
-4.1802764,2.0757728,5.734113,-0.009773844,0.3811799,0.44959682
-6.9767036,0.15322891,8.111555,-0.48258355,-0.056199603,-0.42149702
-4.9703627,5.161899,6.145916,0.02565634,-0.15882497,-0.080634214
-4.6662993,2.4037786,6.021417,-0.036651913,0.42638394,0.41172317
-7.66384,0.9792285,8.350976,0.12950343,-0.12583824,-0.45204028
-5.269638,4.8003745,3.7181952,-0.07574729,0.05131268,0.1881465
-6.861782,3.3997664,8.327033,0.2687807,0.17715092,0.008552114
-6.6630635,4.5274353,6.706159,-0.064751714,-0.49357912,-0.2003638
-3.4691982,5.729325,5.1523223,0.007330383,-0.0842994,0.38973203
-7.0461354,0.31364042,8.291121,0.2602286,0.25534168,0.04642576
-4.7668557,4.795586,5.6790466,-0.32986724,-0.2846632,-0.33353242
-4.6591167,3.4045548,4.8003745,-0.21868975,0.49357912,0.5119051
-8.192958,1.4820108,7.5824366,-0.74281216,-0.28099802,-0.6206391
-4.4460325,5.109226,4.5896845,0.058643065,-0.09040806,0.07574729
-7.8410106,0.23463176,8.305486,-0.19792034,0.28710666,-0.19058995
-5.374983,3.6056678,7.2448545,-0.408058,-0.59498274,-0.14294247
-3.964798,3.8666358,5.1882353,0.28710666,0.3555236,0.59986967
-7.680599,-0.074220255,8.65025,-0.28955013,0.018325957,-0.27977628
-3.1028855,4.1515455,7.386112,-0.17837265,-0.6230826,-0.18081611
-7.1945763,2.9257145,8.595184,1.0067059,-0.26145032,-0.25900686
-5.791574,1.9081788,6.26802,-0.55833083,0.3323107,0.4569272
-5.90889,3.8187518,6.3422403,0.03176499,0.43371433,-0.11484267
-3.028665,8.051701,10.556035,-0.9492846,-0.52778757,-0.040317107
-5.8801594,4.1611223,1.7836803,0.6646214,-0.17470746,0.25900686
-7.893683,1.2210429,5.645528,0.2602286,0.70738196,-0.33108896
-3.052607,6.363788,11.870452,-0.18203785,-0.44715336,-0.013439035
-4.996699,4.3742065,3.2824504,0.043982297,-0.3042109,0.21380283
-9.205706,-0.25378537,4.9296613,-0.052534413,0.6035349,-0.26633725
-5.8083334,1.8842367,9.9790325,0.22602014,0.37873647,-0.37018433
-3.1028855,5.8466406,7.8769236,-0.50946164,-0.7965683,0.1001819
-7.524976,-0.48362875,2.633622,0.07574729,0.52412236,0.035430185
-7.417237,1.9871874,8.020576,0.9627236,0.4972443,-0.593761
-3.4356794,5.2744265,10.733206,-0.8063421,-0.6976081,0.172264
-6.457162,1.0127473,2.255338,0.39095375,0.3200934,0.2919936
-5.602432,3.2800562,8.978256,1.3439035,0.40439278,-0.55955255
-3.7134068,3.5338416,8.942344,-0.9896017,-0.9822713,0.12339478
-8.130709,0.6799533,2.9113493,0.073303826,0.39950588,-0.052534413
-5.5377884,2.2577322,9.11712,0.79045963,0.31887165,-0.32742378
-5.628768,2.3774424,6.435614,-0.77091193,-0.4092797,0.29932398
-10.005369,-0.019153614,4.259285,0.44715336,0.6072,0.081855945
-5.9304376,1.6448165,9.531317,0.096516706,-0.015882496,0.17104226
-5.8634,3.5434184,3.3901896,0.24678956,-0.0720821,0.42394048
-8.154651,0.61052144,5.305551,0.43004912,0.5839872,-0.4813618
-5.6239796,3.9815574,9.890448,0.19914207,-0.040317107,-0.18081611
-3.833117,5.2409077,7.515399,-0.6365216,-0.7611381,0.376293
-8.300697,1.4077905,2.3056161,0.7684685,0.5900958,-0.0036651916
-5.695806,3.1052797,8.781932,0.54367006,0.30298916,-0.43371433
-3.5936968,3.7253778,8.6334915,-0.99082345,-0.73914695,0.16126843
-7.216124,1.8842367,2.4133554,-0.028099801,0.3115413,0.24801129
-6.1387334,2.4420857,8.583213,0.35185838,0.24312437,-0.33475417
-3.3614593,3.1387985,8.892065,-1.319469,-0.66950834,0.18448131
-7.165846,1.6256629,3.3183637,0.065973446,0.44593164,0.12950343
-7.1706343,1.7501614,7.314286,0.72204274,0.45081854,-0.49602258
-2.8778305,4.9799395,9.950302,-0.79901177,-0.6805039,0.064751714
-6.727707,1.8100165,3.7684734,0.593761,0.1966986,0.1685988
-7.479486,1.2856863,8.255207,0.5925393,0.41416663,-0.44593164
-3.4213142,3.4213142,9.923966,-1.0262536,-0.66339964,0.18936823
-7.0724716,1.5155296,3.2513258,0.6267477,0.19425514,0.16737708
-8.432379,1.3814543,7.515399,0.6365216,0.42271876,-0.52534413
-4.4340615,1.5873557,7.0581064,0.5852089,-0.4569272,-0.021991149
-7.8865004,3.2465374,3.6128504,0.1282817,0.27855456,-0.14782938
-6.567295,4.309563,7.457938,-1.2522738,0.42394048,0.84665924
-3.667917,1.2761095,6.471527,-0.31887165,0.10873401,0.17715092
-6.6103907,2.5091233,7.965509,0.18081611,-0.09773844,-0.16982053
-3.928885,3.9959226,5.8322754,-0.1563815,0.096516706,0.27366763
-6.4787097,0.34955344,8.26239,0.40317106,0.17959438,0.25778514
-7.1490865,2.813187,7.6949644,-0.18692477,-0.39706242,-0.57910025
-3.2992098,3.3542767,7.350199,0.5571091,0.029321533,0.52778757
-5.851429,-0.095768064,7.8888946,0.33108896,0.32253686,0.26511553
-7.067683,2.3822308,8.379706,-0.39095375,-0.28344148,-0.5888741
-3.5889084,3.4261026,6.181829,0.21502456,0.030543262,0.4813618
-5.971139,0.9528923,7.908048,0.07696902,0.36041048,0.29077184
-7.467515,2.597709,7.785944,-0.41783184,-0.22113322,-0.61453044
-3.4165258,5.207389,6.5577183,0.47158796,0.073303826,0.42394048
-6.227319,-1.0630256,8.389283,0.2602286,0.2443461,0.11728613
-6.5960255,2.1859062,8.303091,-0.18325958,-0.30787608,-0.54733527
-3.8019924,4.390966,6.2823853,-0.02076942,0.34697145,0.6169739
-6.8330517,0.6799533,8.35337,-0.41172317,-0.0036651916,-0.0720821
-6.0142345,2.9233203,7.249643,0.29443705,-0.15393804,-0.24678956
-3.9360676,4.3047748,6.0022635,-0.21624629,0.3213151,0.5876524
-6.969521,1.934515,8.269572,-0.103847094,-0.13683382,-0.49968776
-5.391742,3.25372,6.423643,-0.10751228,-0.2761111,-0.15882497
-4.9536033,2.2337902,6.459556,-0.13194689,0.41416663,0.6084218
-7.61835,0.10295067,8.408437,-0.27855456,-0.13805555,-0.3726278
-4.1060557,5.2145715,5.6215854,0.111177474,-0.04642576,0.07574729
-5.530606,2.4133554,7.1634517,0.23579398,0.2761111,0.23701571
-7.350199,1.5586253,7.9583263,-0.31031954,-0.19303341,-0.6939429
-3.9240966,6.229713,6.2249246,0.4092797,-0.03176499,0.14049901
-6.4140663,1.757344,7.759608,0.5742133,0.33964106,0.42394048
-7.6015906,1.3455414,7.314286,-0.10995574,-0.26511553,-0.71593404
-3.8379054,6.131551,6.172252,0.10995574,-0.095294975,0.105068825
-6.117185,3.6990416,6.1938,0.02076942,0.49602258,0.48258355
-7.9822683,1.0390835,7.3909006,0.25045475,-0.2761111,-0.71593404
-4.256891,5.8322754,5.0134583,0.15271631,0.062308256,0.06352998
-6.6893997,3.6343982,6.564901,0.18692477,0.3286455,0.41783184
-8.0684595,2.9376855,7.28795,-0.25045475,-0.3213151,-0.75502944
-4.9775453,5.5617304,5.145139,0.02687807,-0.08674286,0.16249016
-7.0581064,3.5625722,7.8769236,0.9786061,-0.5143485,-0.16737708
-6.136339,2.9257145,5.497087,0.32498032,0.02687807,0.24678956
-4.510676,7.5824366,9.016563,-1.0274754,0.50823987,-0.24190263
-8.710106,-0.18674773,1.4700398,-0.7415904,0.3933972,0.008552114
-6.564901,2.5306711,7.620744,0.9663888,0.46181414,-0.39828414
-3.6703112,6.9000893,8.372523,-0.6585127,-0.81122905,0.48747048
-7.776367,1.6879122,2.006341,-0.46670106,0.18936823,-0.12583824
-7.1993647,3.0765493,8.573636,-0.4447099,0.021991149,-0.19425514
-2.0135236,3.0454245,9.718064,-1.409877,-1.0005972,0.23579398
-6.1076083,0.58657944,4.3885717,-0.11362094,0.18203785,0.2602286
-4.5992613,1.6903064,9.500193,-0.13439035,0.18936823,-0.65118235
-2.4253263,3.526659,9.14585,0.040317107,-0.49968776,0.019547688
-6.775591,-1.6543933,3.442862,0.41050145,0.34208453,0.081855945
-8.528147,0.34955344,8.659827,0.3933972,0.50946164,-0.4886922
-1.4460979,5.9759274,9.775525,-0.25534168,-0.6377433,0.12950343
-5.499481,2.6168625,4.9105077,0.61086524,0.13561209,0.39095375
-9.222465,0.14844051,7.314286,0.039095376,0.7012733,-0.43371433
-2.9161377,3.1675289,10.850522,-0.48624873,-0.41050145,-0.19425514
-6.3925185,1.448492,5.2959743,0.4728097,0.058643065,0.3567453
-6.325481,2.5953147,7.8529816,-0.0061086523,0.019547688,-0.5705481
-2.717419,5.0302176,9.150639,-0.112399206,-0.23457226,0.0036651916
-6.588843,1.1252748,4.3957543,0.56199604,0.1441642,0.42271876
-6.133945,3.3255463,9.040505,1.0384709,-0.009773844,-0.40439278
-2.882619,4.7261543,8.240842,-0.5766568,-0.657291,0.42394048
-6.6989765,0.6631939,4.098873,0.31398472,0.27366763,0.17348573
-7.728483,1.448492,8.51857,0.6010914,0.5314528,-0.11484267
-3.3039982,4.733337,10.283096,-0.44104472,-0.69027776,-0.09162979
-5.650316,4.0940847,2.9855695,-0.59620446,-0.035430185,0.18448131
-7.8984714,0.6655881,5.5377884,0.17104226,0.6560693,-0.22357668
-4.783615,3.892972,10.805033,0.19914207,-0.17592919,-0.17837265
-3.98874,4.43885,6.0740895,-1.0005972,-0.7049385,0.20647246
-7.8984714,-0.8738836,3.775656,0.20891592,0.5448918,-0.09407325
-6.3685765,2.5354595,9.150639,0.3286455,0.46303585,-0.49113566
-3.1316159,5.1786585,8.74123,-0.9615019,-0.84788096,0.32253686
-8.985439,-1.9919758,2.8060043,-0.21013765,0.49235737,-0.10873401
-6.363788,1.3599066,8.700529,0.89552844,0.6389651,-0.5534439
-1.8148049,6.873753,11.020511,-0.40439278,-0.6621779,0.16493362
-6.7803793,-0.01436521,3.904943,-0.061086524,-0.002443461,0.22724187
-8.590396,1.5179238,3.6248214,0.45814893,0.2968805,-0.24678956
-6.2129536,1.8507179,9.083601,-1.174083,0.20525073,0.12583824
-6.9168487,1.9009962,5.497087,-0.5815437,0.14294247,0.6267477
-5.4444146,1.8794483,8.714894,0.17715092,-0.48258355,-0.24678956
-4.0198646,3.6415808,5.070919,0.47891834,-0.18570304,0.1160644
-5.741296,2.3127987,8.559271,0.3811799,0.41172317,0.30543262
-6.5122285,0.521936,8.295909,-0.71837753,-0.19914207,-0.52290064
-4.012682,4.331111,6.291962,0.71959925,0.019547688,0.34208453
-6.136339,0.82121116,7.9511437,0.2761111,0.32742378,0.2773328
-6.7348895,2.645593,7.5225816,0.38973203,-0.29565877,-0.6621779
-4.829105,3.739743,5.046977,0.3652974,0.35063666,0.42394048
-6.3111157,0.39504328,8.528147,0.2565634,0.17959438,0.035430185
-6.4523735,3.7445314,7.1826053,-0.12217305,-0.48258355,-0.49113566
-4.3885717,4.644751,5.7125654,0.14782938,0.2761111,0.46303585
-6.505046,-0.10055647,8.53054,-0.13683382,0.057421334,-0.096516706
-6.1219735,3.572149,6.835446,-0.21135938,-0.22479841,-0.20525073
-4.24492,4.5561657,5.9184666,-0.3933972,0.16126843,0.48502702
-6.619968,-0.2657564,8.9758625,0.2883284,0.095294975,0.02443461
-6.3805475,2.456451,7.1227503,-0.28344148,-0.20647246,-0.2565634
-4.010288,5.509058,5.542577,0.065973446,0.111177474,0.3200934
-6.069301,0.7206547,7.97748,0.20647246,0.28955013,0.35430184
-7.627927,1.733402,7.666234,-0.22479841,-0.12950343,-0.63041294
-4.06296,3.58412,5.829881,0.20158553,0.02687807,0.3286455
-6.7133417,0.60333884,8.76996,-0.10873401,0.29810223,0.2406809
-6.0022635,2.7724855,7.5321584,0.34330627,-0.34697145,-0.6218608
-4.381389,2.3439236,6.0980315,-0.2443461,0.1001819,0.46914452
-7.4507556,1.9177556,8.7292595,-0.5009095,-0.056199603,-0.44959682
-3.620033,3.1794999,7.0940194,0.02687807,-0.29077184,-0.12217305
-5.7149596,2.0015526,6.531382,-0.18448131,0.38973203,0.47891834
-7.517793,0.34476504,8.336611,-0.28221974,-0.12705997,-0.7281514
-3.9839516,6.0645127,6.7588315,0.14905111,-0.2003638,0.021991149
-5.7029886,1.9488802,6.3925185,0.103847094,0.20891592,0.52534413
-7.651869,-0.7469909,9.315839,-0.675617,-0.058643065,-0.54000485
-3.1052797,5.533,6.385336,0.40439278,-0.24190263,-0.08674286
-6.4906807,3.0789435,6.145916,-0.17837265,0.31520647,0.5534439
-5.365406,1.1827357,8.195353,-0.30176744,-0.46303585,-0.38973203
-3.4691982,2.3870192,7.843405,0.59498274,0.29077184,0.48258355
-6.1004257,1.6017209,8.647857,-0.33964106,-0.22357668,-0.49235737
-3.8402996,4.024653,5.9424086,0.5839872,0.1966986,0.23823744
-6.1219735,-1.1851299,9.44752,0.1282817,0.06352998,-0.096516706
-6.2129536,2.7030537,7.6494746,0.008552114,-0.24556783,-0.4801401
-3.3782187,5.719748,5.3127337,0.015882496,0.04153884,0.6267477
-4.9057193,2.2720973,8.717288,0.6047566,-0.33964106,-0.22235495
-5.872977,1.5658079,7.603985,1.0250319,0.31398472,-0.018325957
-2.9999347,6.969521,7.2664022,-1.1728612,0.22113322,-0.29565877
-5.3821654,2.504335,3.5649664,0.02076942,-0.16249016,0.42271876
-8.1402855,1.0510546,5.2648497,0.19914207,0.7367035,-0.10629055
-4.261679,3.8618474,9.78989,-1.3206906,-0.12461651,-0.09040806
-4.853047,4.51307,5.315128,-0.46303585,-0.5204572,0.28588495
-8.695741,0.6344634,6.1530986,1.0641272,0.7819075,-0.2883284
-4.6806645,3.620033,10.6398325,-0.5143485,-0.04153884,-0.05497787
-3.7924154,5.1810527,7.0341644,-1.0323622,-0.70005155,0.13194689
-7.6255326,-0.32561144,4.0294414,0.018325957,0.3652974,-0.035430185
-7.2352777,1.8722657,9.069236,-0.13927728,0.6377433,-0.19303341
-3.3327289,4.7788267,9.907207,-0.5119051,-0.63285637,0.13805555
-7.0245876,-0.4381389,3.6343982,-0.23823744,0.037873644,0.1600467
-7.441179,0.9696517,8.008605,0.59864795,0.6243043,-0.57787853
-3.0214825,4.0438066,10.158598,-0.63285637,-0.675617,0.38362336
-7.630321,-0.36391866,2.9975405,-0.12705997,0.12705997,0.13561209
-5.133168,2.1859062,8.4587145,0.34208453,0.07819075,-0.5497787
-2.6862943,3.430891,8.616732,-1.2486086,-0.6768387,0.22724187
-7.9032598,-1.091756,5.21936,0.7611381,0.42394048,-0.02565634
-5.2026005,2.3870192,10.096349,0.8564331,0.18570304,-0.39584067
-2.4109612,3.9935284,8.774749,-0.90285885,-0.64873886,0.0842994
-8.085219,-1.6160861,5.0517654,0.1685988,0.3885103,-0.20158553
-5.959168,1.4173675,9.301474,0.8503244,0.21013765,-0.4092797
-2.6048915,3.1651347,9.160215,-0.57910025,-0.593761,0.1966986
-7.4028716,-0.5315128,3.7014358,0.41538838,0.25900686,-0.05009095
-6.301539,1.7477672,7.9846625,0.6976081,0.3213151,-0.33841935
-3.0214825,4.6782703,10.132261,0.3371976,-0.28099802,-0.1600467
-5.671864,1.0630256,5.9280434,1.2547172,-0.19914207,0.20525073
-6.4044895,2.2529438,4.55856,-0.8026769,0.13072516,-0.26633725
-7.654263,1.2066777,9.270349,-0.6365216,0.087964594,0.38362336
-3.6942532,4.1946416,5.6096144,-0.43249258,0.27366763,0.5729916
-5.255273,3.4452562,7.6949644,0.28710666,0.26389378,0.27000242
-6.5840545,-0.12689269,10.168175,-0.35430184,-0.41172317,-0.36774087
-3.6774938,6.457162,4.4580035,0.039095376,-0.103847094,-0.061086524
-5.7389016,3.904943,7.3406224,0.10873401,0.21868975,0.4605924
-6.667852,1.7980455,7.9367785,-0.27366763,-0.25411993,-0.20158553
-3.7229836,4.3143516,6.0597243,0.3286455,0.062308256,0.37507126
-5.5282116,0.20829555,8.389283,-0.16737708,0.33964106,0.23457226
-6.7923503,1.1731589,7.654263,-0.064751714,-0.23945917,-0.5705481
-3.1866825,6.5337763,5.0038815,-0.07941248,0.14049901,0.14782938
-6.3446345,-0.6799533,9.057265,0.22602014,0.3885103,0.42638394
-6.55293,3.2034419,8.173804,0.56077427,-0.2761111,-0.5681047
-3.6152446,5.279215,4.642357,0.12095132,0.23090707,0.39828414
-6.519411,0.4189853,8.4587145,0.16737708,0.29443705,0.24312437
-5.7389016,2.327164,7.678205,0.16371189,-0.26267207,-0.52412236
-4.757279,3.0813377,6.579266,-0.3494149,0.43371433,0.7098254
-7.884106,1.0055647,8.319851,-0.28344148,-0.07696902,-0.3408628