0.9816227,-4.900931,8.607155,-0.5558874,0.073303826,-0.04520403
0.3184288,-11.9135475,7.493851,-3.2339206,2.6682594,1.3377949
-9.528923,-6.945579,1.1061212,-0.009773844,0.1563815,4.169766
-6.042965,-2.5474305,3.514688,1.5430456,-0.9981538,1.78617
-7.338228,-0.21308395,4.232949,0.29810223,-0.49968776,0.51068336
-7.0245876,-1.055843,7.0245876,0.6768387,0.79045963,-0.44959682
-6.76362,-1.1133038,5.221754,-0.5900958,-0.6218608,0.43860126
-7.52737,-0.9696517,5.3606176,-0.9016371,-0.052534413,0.10751228
-6.315904,-0.18914193,4.924873,0.49968776,0.4361578,-0.4007276
-11.03727,-2.3056161,5.6982,-0.32742378,0.12950343,0.49968776
-6.6654577,-2.4947581,5.171476,-0.5815437,-0.22357668,-0.37995818
-10.87207,-4.0174704,5.473145,-0.09285152,0.40194935,-0.40683624
-5.45878,-1.9440918,4.9296613,-0.06352998,-0.09407325,-0.034208454
-11.860875,-3.8163576,4.853047,-0.087964594,0.5510005,-0.095294975
-5.446809,-1.2425907,5.011064,0.36651915,-0.14172074,-0.12095132
-10.371682,-3.4284968,4.936844,0.453262,0.052534413,0.17592919
-6.7971387,-0.48123455,4.5657425,0.02321288,-0.23701571,-0.33475417
-10.022128,-2.5570073,4.3957543,0.24801129,0.034208454,0.3359759
-7.1634517,0.90500826,5.2648497,0.095294975,-0.4251622,-0.28588495
-9.801862,-0.80445176,4.948815,0.6365216,0.13316862,0.39584067
-6.3350577,0.61770403,5.0134583,-0.16982053,-0.35185838,-0.3323107
-8.89446,-0.40222588,4.5418005,-0.27488935,0.034208454,0.9810496
-5.884948,-0.6727707,6.0621185,0.25534168,-0.19425514,-0.5497787
-5.559336,1.1563994,5.9064956,0.13194689,0.07819075,0.86742866
-9.758766,0.2801216,7.867347,0.07819075,0.20769419,-1.2437216
-4.307169,2.2266076,5.035006,0.59864795,0.017104227,-0.40317106
-9.64145,-1.5011644,8.319851,1.0800097,-0.36774087,-0.5180137
-5.650316,1.3742718,3.5338416,-0.09896017,-0.02321288,0.042760566
-10.309433,-2.9855695,6.7731967,0.38728857,0.86009824,-1.0592403
-6.7133417,-4.0916905,4.3263226,-0.79045963,0.21502456,-0.43371433
-10.216059,-3.9432502,4.498705,0.5644395,0.13805555,0.42271876
-8.159439,-2.1787236,6.196194,0.29565877,-0.073303826,-0.09407325
-6.4044895,-0.9600749,4.4603977,-0.19303341,-0.24312437,1.2962561
-12.119449,-3.6104562,5.7748146,-0.22113322,-0.02321288,-0.14538592
-3.4763808,-0.8690952,5.6910176,0.032986723,0.008552114,0.2406809
-7.78355,-0.93613285,5.269638,0.3323107,-0.25778514,1.5601498
-11.84651,-0.06943185,7.261614,-0.22357668,-0.10995574,-0.3555236
-0.059855044,2.4588451,6.4667387,0.89675015,-0.047647487,0.05375614
-10.012551,0.25857377,6.117185,0.45448375,0.21502456,0.5510005
-5.398925,2.705448,6.4643445,0.05131268,-0.07452556,-0.7171558
-4.426879,3.5577838,6.7684083,0.015882496,-0.1282817,1.1472049
-12.873623,0.7517793,6.8785415,-0.073303826,0.2602286,-0.5448918
-1.4173675,3.265691,5.109226,0.4288274,-0.15149458,0.13805555
-11.063606,0.09816227,6.2871737,0.42149702,0.1881465,0.1282817
-4.8458643,1.1563994,5.889736,0.037873644,-0.2443461,-0.8258898
-7.7213006,2.8107927,4.8003745,0.7867944,0.1881465,0.75136423
-8.470686,2.9759927,7.5800424,0.30298916,-0.22968534,-1.174083
-1.2186487,2.5306711,5.7628436,-0.2687807,-0.46792278,0.57910025
-12.136209,0.320823,6.397307,0.2919936,0.3286455,0.0012217305
-5.7269306,2.2984335,5.315128,0.41050145,-0.04153884,-0.9443977
-4.630386,2.492364,5.9687448,-0.27488935,-0.39950588,1.0433578
-14.4370365,0.9840169,8.015787,-0.2602286,0.14905111,-0.63529986
-0.61770403,2.3104045,5.6766524,-0.018325957,-0.02565634,-0.1966986
-9.409213,2.870648,5.6000376,0.89552844,0.2602286,0.9334021
-10.457873,1.2354081,7.762002,-0.45937067,-0.14905111,-1.078788
0.38067806,2.825158,6.5146227,0.37018433,-0.55833083,-0.02687807
-8.588001,3.0119057,5.8634,0.6133087,0.14538592,0.6462954
-10.948685,1.8028339,7.747637,-0.33475417,0.07941248,-0.8698721
-2.4468741,3.2441432,5.398925,0.6609562,-0.02565634,-0.38728857
-5.0374002,3.1004913,6.421249,0.14294247,-0.062308256,0.9297369
-12.332533,2.2936451,5.9543796,0.34574974,0.26511553,0.10140363
-5.4300494,3.7205894,5.6096144,-0.15393804,-0.10873401,-0.7855727
-0.6344634,2.5570073,6.5146227,0.17348573,-0.07452556,0.59864795
-9.315839,4.5154643,5.068525,0.59131753,0.2602286,0.52412236
-7.6734166,4.7548847,6.979098,-0.4129449,-0.16982053,-0.7623598
-0.074220255,3.8426938,5.628768,0.4972443,-0.056199603,0.40317106
-7.893683,5.403713,6.1195793,0.6963864,0.12705997,0.6047566
-10.608707,2.6312277,5.1355624,-0.9138544,-0.22479841,-0.48258355
-2.315193,5.837064,5.781997,0.55833083,-0.14538592,-0.21624629
-3.2393548,4.0581717,7.015011,-0.22235495,-0.034208454,0.66706485
-8.863335,5.4444146,6.5601125,0.38606682,0.25167647,0.04886922
-2.789245,4.8817773,5.571307,0.103847094,0.036651913,-0.2932153
-3.0621839,2.9113493,6.8665705,-0.21991149,-0.10751228,0.45204028
-10.771513,5.475539,5.5976434,0.35918877,0.27488935,-0.062308256
-3.8426938,4.9224787,5.197812,-0.10873401,-0.17959438,-0.8368854
-4.3382936,3.7828386,6.6750345,-0.16371189,-0.14905111,0.6646214
-10.596737,6.4164605,4.501099,0.5119051,0.2565634,0.18936823
-3.8594532,6.5218053,3.6535518,0.13316862,-0.059864793,-0.3652974
-2.633622,4.0892963,5.815516,-0.1282817,-0.07819075,0.28099802
-9.469068,6.6534867,4.4484267,0.26389378,0.0842994,-0.02321288
-5.461174,5.434838,5.523423,-0.5326745,-0.29565877,-0.6536258
-2.2146366,2.9735985,6.4906807,-0.22357668,-0.014660766,0.112399206
-8.597578,6.775591,5.2600613,0.40439278,0.04520403,0.20525073
-4.572925,5.011064,5.925649,-0.5375614,-0.20769419,-0.68661255
-1.2952632,4.2521024,5.7484784,-0.31642818,-0.04153884,0.16126843
-7.620744,5.4922986,7.2568254,0.6169739,0.37140608,0.19792034
-7.299921,4.687847,2.741361,-0.874759,-0.2003638,-0.26267207
-4.7141833,2.645593,7.1107793,-0.97005403,0.7098254,-0.34574974
-5.861006,1.5801731,6.931214,-0.89675015,-0.11484267,0.27122417
-7.410054,5.159505,3.016694,-1.6065756,0.1160644,-0.15515977
-8.99741,-3.5577838,8.027759,-2.2687535,0.8564331,0.07452556
-8.6095495,-5.872977,7.714118,0.27366763,0.062308256,0.4251622
-7.1730285,-3.3614593,4.819528,0.75747293,0.27122417,-0.05009095
-6.907272,-1.1994951,4.8722005,0.37873647,0.20891592,-0.042760566
-6.2345014,1.2090719,5.161899,0.11362094,0.204029,-0.111177474
-14.872781,-6.835446,3.928885,-1.5650368,-0.32253686,0.2565634
-5.185841,-2.018312,4.972757,0.09407325,0.24801129,-0.4288274
-10.469844,-1.7262194,4.498705,-0.46792278,0.12217305,1.0897835
-11.331757,-3.095703,4.948815,-0.24678956,0.037873644,-0.829555
-4.0916905,0.48841715,2.9783869,-0.3371976,-0.017104227,0.6133087
-14.441825,-6.9240313,4.003105,-0.72204274,0.039095376,-0.062308256
-4.855441,-1.5729905,5.741296,-0.19547687,-0.096516706,-0.9285152
-6.787562,-1.6759412,4.381389,0.6401868,-0.08552113,1.1557571
-13.366828,-6.2847795,3.3686419,0.90285885,0.7110472,-0.95417154
-3.2872388,-3.5577838,3.7732618,-0.08307768,0.21746802,-0.16615535
-11.410766,-1.6687586,5.533,0.058643065,-0.09773844,0.8344419
-7.225701,0.10295067,5.887342,0.004886922,-0.036651913,-0.87598073
-4.1395745,0.6847417,3.833117,-0.24190263,0.064751714,0.752586
-14.173674,-5.755661,3.7469256,-0.46303585,-0.15515977,-0.19181168
-5.6096144,-1.6567876,4.501099,-0.53023106,-0.056199603,-0.35430184
-8.643068,-2.1260512,5.08289,-0.14049901,0.05131268,0.9260717
-10.149021,-2.992752,4.8985367,0.37140608,0.112399206,-0.9138544
-6.4044895,-5.21936,2.741361,-0.54611355,0.015882496,0.61208695
-12.512098,-2.3439236,4.390966,0.30543262,0.03176499,-1.0396926
-2.2960393,-2.396596,3.526659,-0.2932153,-0.062308256,-0.15271631
-11.20247,-2.0829554,4.134786,-0.25534168,-0.13683382,0.9761627
-8.456321,-1.4796166,4.4101195,-0.05009095,0.16249016,-1.1362094
-2.8203697,0.59376204,3.6367924,0.059864793,-0.017104227,0.33475417
-10.699687,-2.60968,3.2369606,-0.22724187,-0.19792034,0.7648033
-8.367735,-1.1420342,4.3143516,-0.2565634,0.29565877,-1.319469
-3.6296098,-1.3838485,2.6623523,-0.66706485,-0.2932153,0.4813618
-14.211981,-8.212111,3.7660792,-1.128879,-0.14538592,-0.21624629
-5.4300494,-2.4851813,3.430891,-0.67073005,-0.008552114,-0.5412266
-8.025364,-4.1515455,2.6384103,-0.052534413,-0.30665436,1.4391985
-13.165715,-4.735731,3.3423057,0.2443461,0.22113322,-1.1960741
-3.4572272,-2.3535004,2.3247697,-0.22235495,-0.12095132,0.48380527
-12.806585,-5.2624555,4.261679,0.56199604,0.2125811,0.23579398
-5.1762643,-3.2752678,3.6750996,-0.16371189,-0.06719518,-0.35308012
-10.907983,-3.2273839,5.161899,-0.11362094,-0.14905111,0.8698721
-8.331821,-0.9552865,4.9057193,-0.030543262,0.073303826,-0.97127575
-4.3622355,-3.0813377,2.6599581,-0.31031954,-0.23335053,0.38606682
-8.470686,-1.4532804,3.7565024,0.6401868,0.27122417,-0.9663888
-6.5744777,-2.3343468,3.241749,0.22357668,0.10262536,0.99204516
-13.898341,-6.090849,2.6886885,-0.56199604,0.081855945,-0.24801129
-6.3111157,-2.681506,3.7612908,-0.50946164,0.10140363,-0.33475417
-6.955156,-0.2705448,2.779668,0.44837508,0.018325957,0.93828905
-14.05157,-5.93762,2.8083985,-0.23945917,0.3640757,-0.6377433
-4.2042184,-0.94092125,3.2225955,-0.75869465,-0.4202753,-0.029321533
-9.469068,-3.7732618,3.301604,-0.38973203,-0.04642576,1.1716396
-13.9917145,-4.8267107,3.1172507,-0.34330627,0.24923302,-1.0164797
-2.7964275,-0.44771573,2.5905263,-0.07941248,-0.32742378,0.008552114
-14.221559,-4.9559975,4.232949,0.09162979,0.057421334,0.47158796
-6.2871737,-2.1523874,3.964798,-0.32742378,0.13683382,-1.1667526
-5.3223104,-0.23463176,2.789245,0.24190263,-0.15149458,0.6169739
-13.295002,-6.766014,3.4931402,-0.42149702,0.019547688,-0.23823744
-4.0318356,-2.0757728,3.8738184,-0.51068336,-0.032986723,-0.35308012
-8.358158,-4.024653,3.0334535,-0.49113566,-0.02565634,1.3524556
-13.771448,-6.742072,3.4213142,-0.73792523,-0.059864793,-0.35063666
-5.90889,-3.5865142,3.6727054,-0.72204274,-0.29810223,-0.3323107
-8.53054,-4.3837833,3.58412,-0.12583824,-0.004886922,1.0409144
-14.233529,-6.9719152,3.4763808,0.1685988,0.25289822,-0.5522222
-5.4539914,-2.4492683,4.0414124,-0.6218608,-0.1441642,-0.15027285
-8.76996,-1.0151415,2.1739352,0.63529986,-0.12583824,1.2278391
-13.618219,-5.0900726,2.942474,0.06963864,0.44226643,-0.8222246
-4.6399627,-1.6687586,3.0095115,-0.29565877,-0.14538592,0.02076942
-10.9822035,-3.098097,3.0023289,0.0842994,0.04153884,0.9077458
-10.21127,-4.0940847,3.086126,0.31887165,0.41783184,-1.2070698
-3.6774938,-1.4149733,2.1140802,-0.29443705,-0.36774087,0.7281514
-14.082694,-4.498705,2.4157495,0.5729916,0.50946164,0.13072516
-6.9240313,-1.5993267,3.098097,0.5815437,0.16371189,-1.1325442
-7.6135616,-0.842759,2.1404164,-0.02565634,-0.15271631,1.0323622
-12.08593,-4.3742065,2.885013,0.20280726,0.017104227,-0.9981538
-4.9823337,-0.7230489,1.9297266,-0.18448131,-0.26633725,0.10140363
-11.894394,-1.9369092,3.940856,0.13683382,-0.007330383,0.74036866
-8.92319,-2.4396915,2.9855695,-0.11362094,0.11362094,-0.9297369
-5.93762,0.9768343,3.0334535,0.12950343,0.061086524,0.4447099
-12.066776,-4.8626237,3.1292217,-0.2883284,0.07819075,0.24556783
-12.3038025,-4.661511,7.515399,0.8246681,-0.7464773,-0.43493605
-7.8745294,-2.9616275,2.60968,2.3591616,-1.7116444,1.2962561
-9.572019,1.8531121,2.3654714,0.26145032,-0.9419542,-0.034208454
-10.220847,2.1643584,3.1555579,0.23090707,0.09407325,-0.9309586
-3.9576154,5.681441,7.9008656,1.0042624,0.5363397,-0.49235737
-0.1364695,1.4796166,7.7093296,-0.59986967,-0.14294247,0.1685988
-3.904943,2.7724855,7.8888946,-0.8943067,-0.45081854,0.40317106
-9.3733,5.449203,4.644751,0.98715824,0.20891592,0.08552113
-13.01488,-1.3239936,4.55856,-1.7470746,0.04153884,-0.14538592
-8.911219,3.1914709,6.2967505,0.065973446,0.080634214,-0.9798279
-2.7605145,1.8818425,7.180211,0.49846604,0.09040806,-0.3213151
-1.8842367,1.4077905,7.6829934,-1.1704178,-0.07941248,0.61208695
-9.435549,2.123657,7.053318,-0.21746802,0.018325957,0.5375614
-17.355568,1.70946,5.142745,-0.5363397,-0.103847094,-0.23701571
-10.388441,1.6208745,5.195418,1.4440855,0.41905355,-0.70616025
4.525041,4.000711,7.989451,0.52534413,0.10262536,0.44226643
-9.028535,-0.93852705,5.315128,-0.22968534,0.018325957,1.505172
-17.283743,-2.7509377,6.054936,-0.7171558,0.18936823,-0.5497787
-5.60722,1.1563994,6.6654577,0.30787608,0.019547688,-1.3170254
-1.2976574,2.1021092,4.060566,0.39584067,-0.267559,1.1960741
-13.594277,-0.16280572,5.595249,0.02076942,0.3371976,0.79779
-16.031574,-0.6847417,7.2352777,-1.2754866,-0.2443461,-1.4453071
-0.5482722,-1.2306197,6.4547677,0.2932153,0.30176744,-0.9370673
-3.478775,-0.46686932,6.9288197,-0.4813618,-0.4007276,1.3402383
-13.515268,-1.4077905,6.71813,-0.57910025,0.27366763,0.8038987
-12.220005,0.7493851,6.622362,-0.31398472,-0.032986723,-1.6982054
2.7365725,0.7685388,7.098808,0.26511553,-0.04642576,-0.47891834
-7.81228,0.30406362,5.717354,0.32253686,-0.22235495,1.6664404
-20.195091,-2.9592333,5.5617304,-0.6133087,0.37140608,-0.22235495
-7.326257,1.4508862,5.5018754,0.93584555,0.12583824,-1.5406022
5.7029886,0.6512229,7.9846625,0.7819075,-0.012217305,-0.008552114
-4.5920787,-1.0103531,7.0341644,-0.31642818,-0.15515977,1.2400564
-15.710752,-1.3982137,5.631162,-0.5644395,-0.042760566,0.36285394
-11.286267,-0.9552865,5.3127337,0.18203785,0.2321288,-0.86254174
-2.6551697,1.2665327,6.1195793,1.2486086,0.2883284,-0.38973203
1.3718776,1.3335704,9.483433,0.014660766,-0.32986724,0.22968534
-0.16759412,0.51714754,8.212111,0.38728857,-0.5766568,0.73792523
-4.972757,-0.090979666,6.6989765,-0.1685988,-0.27366763,0.59864795
-11.573571,2.2888567,8.003817,0.4361578,0.17715092,0.453262
-13.113043,1.1923125,6.1387334,-0.7672467,0.096516706,-0.61819565
-3.169923,2.7102363,5.1786585,0.15393804,0.18081611,-0.71837753
-3.6128504,-0.08140286,5.243302,-2.3506095,2.021964,-0.63407815
-10.266336,-5.0757074,8.511387,-1.2730432,0.49357912,0.5131268
-4.654328,-5.4779334,3.7804444,-1.7568485,0.50335294,-1.5161675
-3.9791632,0.34237084,3.0071173,-1.1704178,-0.14049901,0.6560693
-15.576676,-7.5944076,0.8283938,0.24190263,0.20647246,0.4447099
-7.0964136,-2.8107927,3.3255463,0.70616025,0.52778757,-1.0396926
-2.9233203,-2.4468741,1.8435353,0.20280726,-0.72326446,0.84788096
-16.261417,-6.7133417,0.6536171,0.28221974,0.37751472,0.07086037
-3.4620156,-3.845088,2.3989902,-0.12461651,0.087964594,-0.5412266
-8.300697,-3.1603463,2.3822308,0.22968534,-0.42394048,0.6414085
-8.602366,-4.220978,4.3646297,-0.35063666,0.66339964,-1.0751228
-5.923255,-2.5330653,0.09816227,0.4288274,-0.63285637,1.033584
-14.156915,-6.9503675,1.6998832,-0.4447099,0.66339964,-0.75747293
-2.15957,-2.4540567,2.6551697,-0.021991149,-0.19547687,0.24678956
-12.8832,-6.3925185,1.1109096,0.010995574,-0.10751228,0.39461896
-5.4300494,-4.3478703,2.5139117,-0.43249258,0.23335053,-0.6047566
-9.82341,-5.875371,2.1308396,0.47647488,-0.35063666,1.1826351
-11.44189,-4.0414124,2.1188686,0.080634214,0.7049385,-1.0360274
-3.3542767,-2.0614076,1.2593501,0.23945917,-0.41538838,0.6719518
-15.763424,-8.025364,-0.48602295,-0.002443461,0.54611355,-0.25534168
-5.602432,-5.068525,0.7302315,-0.12095132,-0.08674286,-0.23701571
-10.752359,-4.951209,1.8483237,-0.39095375,-0.3115413,0.35918877
-5.853823,-3.7900212,3.5482068,-0.8552113,0.22235495,-1.1716396
-6.909666,-5.889736,2.0326772,-0.04886922,-0.7440339,1.2095132
-12.818556,-6.7803793,-0.02873042,-0.15271631,0.6206391,-0.84299403
-2.6623523,-3.6248214,0.25617957,-0.38973203,-0.34697145,0.096516706
-13.29979,-5.3582234,1.4317327,-0.18570304,-0.3115413,0.64751714
-7.374141,-3.5625722,2.4157495,-0.47036624,0.54244834,-0.95417154
-6.6415157,-4.757279,-0.21547815,0.15271631,-0.5681047,0.77457714
-11.109096,-11.293449,2.597709,0.21868975,0.17470746,-1.5076154
-11.774684,-3.4404678,4.7141833,4.8038445,-1.9486601,0.25167647
-0.2873042,3.4596214,7.896077,2.2602015,-0.6010914,-0.91874135
0.5315128,-3.6248214,7.005434,0.2687807,-0.50701815,0.19914207
-5.861006,-3.086126,6.861782,0.2932153,0.043982297,0.44837508
-11.386824,0.34955344,7.920019,0.5290093,0.36163223,0.1282817
-8.542512,-4.5633483,6.145916,-1.7055358,0.47036624,-0.74036866
1.30484,-0.17956513,9.105149,0.3933972,-0.14660765,0.062308256
-2.7485435,-2.5689783,7.2113357,-0.1881465,-0.38606682,0.5363397
-8.334216,-1.6352397,7.3645644,-0.26511553,0.13805555,0.3115413
-13.13459,-2.858677,5.628768,-0.9077458,0.4569272,-0.40194935
-2.099715,-3.0885203,7.752425,-0.16737708,0.6365216,-0.29932398
-0.6631939,-5.449203,7.038953,-0.25534168,-0.2321288,0.70371675
-10.608707,-2.8754363,5.415684,0.09162979,-0.13194689,0.86254174
-14.707581,-5.058948,4.903325,-0.23823744,0.8857546,-0.9786061
-0.5530606,-3.4835634,7.4603324,-0.1966986,0.33841935,-0.4813618
-4.4436383,-4.924873,5.9639564,-1.1887437,-1.0555751,0.99204516
-12.090718,-3.4356794,3.0597897,0.08307768,-0.21868975,0.66706485
-8.561666,-7.5201874,4.0054994,1.0665708,0.99204516,-1.2596041
0.50278234,-0.1316811,8.5473,4.6169195,0.19792034,0.5705481
-9.629479,3.1986535,4.8267107,2.2797492,0.08674286,1.0189233
-9.339781,1.412579,4.7620673,-0.12950343,-0.5045747,-0.8344419
-2.801216,2.621651,7.651869,-0.23945917,-0.24678956,0.3640757
-11.621455,-3.3782187,8.307879,-0.643852,-0.04520403,0.19914207
-1.4796166,1.4748282,5.109226,-1.6224581,-0.08674286,0.03176499
-11.135432,-5.3438582,7.3525934,-1.4514158,-0.029321533,0.59498274
-5.533,-0.4429273,6.6367273,-0.20647246,-0.10995574,-0.2761111
-9.346964,-1.6065093,7.2185183,0.18203785,0.064751714,0.50701815
-3.9025488,-0.93373865,6.3829417,-0.13561209,-0.089186326,-0.3726278
-8.487445,-2.0278888,7.881712,0.33353242,0.081855945,0.59131753
-4.343082,-1.079785,6.7444663,0.56077427,0.037873644,-0.5852089
-8.710106,-1.8243817,7.943961,0.54733527,0.13561209,0.46792278
-3.3375173,-0.8499416,6.4068837,0.035430185,0.047647487,-0.18325958
-10.30225,-3.904943,7.560889,-0.42271876,0.017104227,-0.0036651916
-4.501099,0.22505496,6.277597,-1.17897,0.13072516,0.91629785
-8.046912,-0.5506664,6.7588315,0.5876524,-0.08552113,-0.8258898
-7.989451,-1.6591818,5.3199162,-0.20525073,0.13805555,0.91751957
-5.0038815,-1.8291701,7.007828,-0.5412266,0.059864793,-0.6597345
-8.384495,-1.5969325,6.5864487,-0.1881465,0.3408628,0.3494149
-3.5649664,-0.9672575,5.9759274,-0.32375857,0.09162979,-0.12461651
-8.956709,-4.4963107,6.6870055,0.25289822,0.13316862,-0.5290093
-4.5034933,1.5107412,6.14831,-0.07086037,-0.14660765,0.7147123
-9.387665,-4.534618,7.0126166,1.3109168,0.3726278,-0.63041294
-3.9935284,2.597709,6.5577183,0.34574974,-0.5338962,0.38973203
-9.830592,1.6448165,7.9367785,1.282817,-0.23823744,0.12950343
-4.1946416,2.042254,5.985504,0.77457714,-0.66950834,-0.9602802
-5.0038815,2.2409728,6.531382,0.3408628,-0.3286455,-0.14172074
-8.377312,2.480393,8.446744,1.0238101,-0.08674286,0.04642576
-2.7724855,3.3518825,7.038953,1.0922271,0.014660766,-0.5656612
-5.020641,3.110068,6.7348895,0.034208454,-0.08674286,0.5729916
-10.388441,1.2808979,6.423643,-1.4721853,-0.13194689,-0.77091193
-4.8865657,-0.12449849,7.4507556,-0.50701815,-0.38728857,-1.2205088
-2.2984335,0.80445176,7.273585,-0.7684685,0.20280726,0.06719518
-6.5696893,-3.2465374,7.489063,-0.13439035,0.19425514,0.41050145
-7.120356,-1.4939818,7.9702973,0.38973203,-0.14538592,-1.1691961
-2.4995465,0.25139117,8.372523,0.70371675,0.05009095,-0.22724187
-2.8921957,1.0271125,8.736442,0.3567453,0.26633725,-0.22724187
-8.394072,-2.597709,7.5968018,-0.3481932,0.09896017,0.18448131
-4.5896845,1.1252748,7.560889,0.32986724,0.2284636,-0.47403142
-6.375759,-2.3295584,7.117962,0.19425514,0.4251622,0.4642576
-8.887277,0.23942018,7.9367785,1.1398746,0.36651915,0.26633725
-4.7141833,4.673482,6.351817,1.9596558,0.20280726,0.88086766
-5.9519854,4.7860093,3.7565024,-0.4886922,-0.14172074,0.16371189
-8.829816,5.379771,4.8147397,-0.26389378,-0.39828414,-0.18692477
-4.673482,5.398925,5.5377884,0.36163223,-0.1001819,-0.5338962
-5.5521536,6.0381765,3.9121256,-1.8692477,-0.27977628,-0.16493362
-6.517017,1.7477672,7.2927384,-2.701246,-0.5717699,-0.43249258
-4.999093,-1.3814543,9.193734,-1.0091494,0.40683624,1.2608259
-5.6335564,-0.8690952,7.800309,0.04886922,-0.07452556,-0.3359759
-5.0302176,0.4141969,7.4004774,-0.267559,0.47403142,0.88453287
-6.291962,-1.5921441,7.3885064,-0.13194689,0.13194689,-0.5815437
-5.1475334,-1.6496049,7.3789296,0.29565877,0.5705481,0.6206391
-7.189788,-2.7269957,7.386112,0.3555236,-0.4813618,-0.6291912
-4.7979803,0.79726917,6.1123967,0.33841935,0.3494149,0.27000242
-7.644686,-6.55293,6.6415157,-0.013439035,-0.06963864,-0.34574974
-5.374983,-0.2681506,5.9400144,0.2761111,0.27122417,-0.14294247
-7.45315,-6.0740895,8.583213,0.30543262,0.06963864,-0.5204572
-5.073313,-0.1436521,6.7229185,-0.78801614,0.17348573,0.8454375
-6.9599442,-0.9504981,6.9982514,0.3042109,-0.010995574,-0.8014552
-7.117962,-1.2593501,6.5026517,1.065349,0.4129449,0.31764993
-6.8929067,-2.9783869,5.9878983,-0.9126327,-0.09773844,-0.15027285
-6.7372837,-6.363788,5.8107276,2.4446826,-0.10751228,-1.2302825
-6.0381765,-2.2098482,5.379771,0.20158553,0.32375857,0.98837996
-7.2664022,-1.283292,6.835446,0.0842994,0.03176499,-0.3933972
-6.789956,-5.0421886,7.8625584,0.24678956,0.039095376,0.034208454
-6.3326635,-0.49559975,5.911284,-0.10873401,0.2406809,0.43982297
-7.398083,-0.29448682,6.83784,0.5290093,0.030543262,-0.52778757
-6.8282633,-2.3989902,6.742072,-0.535118,-0.22479841,0.7049385
-7.0844426,-2.1906946,6.289568,-0.15393804,-0.07452556,-0.06841691
-7.3765354,-2.8562827,6.169858,0.43493605,0.12461651,-0.5656612
-6.6989765,-0.02633622,5.590461,0.20891592,0.28588495,0.61208695
-6.895301,0.4261679,6.179435,0.46670106,-0.13072516,-0.95539325
-6.5601125,-4.110844,6.6367273,-1.1508701,0.10262536,0.7476991
-7.632715,-1.30484,6.8091097,0.9505063,0.12950343,-0.47525316
-6.921637,-1.4173675,5.8681884,-1.8289305,-0.08552113,1.1569787
-9.682152,-3.1771057,6.385336,0.36041048,-0.19181168,0.08307768
-4.7860093,5.3845596,4.6399627,0.6658431,-0.13072516,0.2321288
-7.371747,-2.5378537,7.144298,-0.45204028,-0.35063666,0.4801401
-6.0262055,-0.21308395,8.183381,-0.85154617,-0.37140608,-0.111177474
-6.143522,-1.9800048,6.670246,0.2932153,0.08552113,0.9468411
-5.9783216,2.528277,7.8505874,0.26511553,-0.17470746,-1.6896533
-4.663905,6.253655,7.225701,1.9853121,0.66706485,0.9236283
-5.542577,-0.15562311,5.695806,1.0115929,0.35796702,0.05131268
-6.619968,2.078167,6.9168487,0.80756384,0.03176499,-1.2779301
-6.007052,2.3630772,5.971139,-0.55833083,0.31642818,1.2986995
-8.860941,-4.4316673,5.7245364,0.52656585,0.11362094,-0.7098254
-6.6056023,0.7110779,6.021417,-0.47525316,-0.14782938,-0.5338962
-7.8290396,-0.39983168,6.1123967,0.33108896,0.21868975,0.18692477
-6.823475,1.0654198,6.0860605,-0.24312437,-0.1966986,-0.8564331
-7.40766,-0.1316811,5.209783,0.45937067,0.33964106,0.6768387
-7.5465236,2.2457612,5.722142,-0.6536258,-0.21013765,-0.017104227
-7.654263,-0.09816227,5.497087,0.45081854,0.17348573,0.2773328
-6.2249246,1.1779473,5.0637364,-0.63163465,-0.037873644,-0.004886922
-8.453926,-3.0071173,6.14831,-0.02076942,-0.1001819,-0.5009095
-5.719748,0.021547815,6.8641763,0.17715092,-0.037873644,-0.64873886
-8.080431,-0.4333505,6.021417,0.34208453,0.2602286,0.91996306
-9.31105,-5.5880666,5.995081,0.096516706,0.10995574,-0.6243043
-6.277597,1.7118542,6.1243677,-0.18936823,0.061086524,-0.062308256
-8.700529,-2.7485435,4.594473,0.32620203,0.14294247,0.7134906
-8.094796,-0.2681506,6.2752028,0.408058,-0.04520403,-0.97249746
-6.3087215,1.5131354,4.72376,-0.43127087,-0.02687807,0.5852089
-9.572019,-3.8762126,5.8801594,-0.15393804,0.17959438,-0.13805555
-6.6103907,0.50038815,6.3566055,0.2773328,-0.2724459,-0.81000733
-6.543353,1.5897499,5.973533,1.3072516,0.15760323,0.4813618
-10.352529,0.7781156,5.0541596,2.01219,0.04153884,0.9407325
-5.9878983,4.1659107,4.975151,0.46181414,-0.172264,0.22357668
-5.947197,4.201824,5.3247046,-0.18081611,-0.03176499,0.23945917
-11.631032,1.769315,4.2999864,-3.4953709,-0.3640757,-0.036651913
-3.3159695,3.4811692,6.5625067,-0.6560693,-0.02321288,-0.7611381
-8.583213,2.719813,6.55293,0.19792034,0.19425514,0.50946164
-5.185841,-0.6368576,6.1387334,0.4361578,-0.059864793,-1.359786
-2.9496565,2.6144683,6.447585,-0.3200934,-0.04642576,0.44837508
-8.540117,0.12689269,7.065289,-0.22113322,-0.059864793,0.42149702
-5.142745,0.2777274,6.229713,0.36896262,-0.5705481,-0.8735373
-6.0166287,-0.19153613,8.571242,0.09773844,0.4642576,1.3231341
-6.2943563,0.1316811,9.440337,0.7770206,-0.008552114,-0.79290307
-4.7189717,2.7940333,5.81791,-0.45081854,0.15149458,0.6646214
-8.238448,1.661576,6.655881,0.25778514,0.15393804,0.68416905
-4.8817773,-0.17477672,7.505822,-0.48502702,0.35185838,0.1563815
-5.035006,0.074220255,7.410054,-0.19425514,-0.32986724,-0.35430184
-10.34774,4.1132383,6.2249246,0.6951646,0.39706242,0.1881465
-7.180211,5.171476,5.8825536,0.72204274,-0.27122417,-0.41783184
-7.1586633,1.9991584,2.932897,0.0842994,0.48747048,0.67073005
-9.102755,1.9752164,7.4268136,0.44226643,0.15882497,-0.38362336
-0.7110779,6.7348895,6.8785415,-0.35063666,-0.90041536,-0.6988298
-6.5457473,2.0614076,5.805939,-0.50823987,-0.27488935,0.5681047
-10.893618,0.36152446,8.183381,-0.02565634,-0.32498032,-0.75991637
-4.2664676,2.5737667,7.1754227,-0.039095376,0.13439035,-1.0629056
-7.321469,2.1284454,6.9024835,-0.21135938,0.5522222,0.36651915
-7.5225816,0.8499416,6.38773,-0.3115413,-0.3042109,-1.105666
-5.693412,1.3096284,5.3247046,-0.44959682,0.014660766,0.46181414
-7.8146744,0.5746084,5.7628436,-0.5693264,0.058643065,0.6377433
-6.847417,1.9512744,6.9623384,0.5876524,0.0,-1.102001
-1.2521675,3.1387985,8.133103,1.1435398,-0.19547687,0.21991149
-6.5481415,2.4109612,5.619191,2.5485299,0.37018433,0.45448375
-5.386954,4.3885717,5.032612,-0.70616025,-0.2284636,-0.65118235
-5.379771,2.9783869,5.410896,-0.956615,0.081855945,0.35430184
-9.691729,-0.9911995,8.090008,-0.15027285,0.1966986,-0.42394048
-3.1507695,2.7748797,7.249643,-0.9859365,-0.2602286,0.17592919
-7.807492,-0.18674773,6.739678,1.1533136,0.44226643,0.31520647
-5.9160724,0.36631286,6.993463,-0.1881465,-0.103847094,-0.44593164
-6.3111157,0.7206547,6.208165,-0.57543504,0.16493362,0.7086037
-5.7604494,0.01436521,7.3669586,0.14660765,0.17592919,-0.9944886
-5.626374,2.0709844,5.046977,0.79779,0.38240165,0.9798279
-7.6375036,2.8682537,6.4978633,0.5852089,-0.034208454,-0.8344419
-7.3047094,1.9919758,4.6040497,-0.40561453,0.23945917,0.50335294
-10.989386,-0.15801731,7.323863,0.16493362,-0.014660766,-0.5644395
-3.5913026,4.999093,5.1930237,0.05009095,-0.15760323,0.59498274
-12.976573,-0.33039984,6.909666,-0.034208454,0.06352998,-0.2883284
-4.8745947,1.460463,6.5457473,-0.22968534,-0.5534439,-0.40561453
-7.6111674,2.1619642,4.4340615,0.05497787,0.3005457,0.71593404
-7.9966335,1.5466543,6.3781533,0.54611355,-0.14905111,-0.893085
-2.8754363,4.146757,6.3350577,-0.019547688,0.040317107,0.7648033
-11.358093,1.4748282,6.967127,0.018325957,0.22968534,0.27122417
-4.1060557,3.3758245,6.229713,0.5448918,-0.14538592,-0.20158553
-5.8083334,3.2992098,5.7604494,0.14905111,0.14294247,0.6218608
-6.0860605,2.3127987,5.4444146,-0.4569272,-0.38240165,-0.54000485
-4.2185836,4.687847,6.7803793,-0.4092797,-0.02321288,0.42271876
-8.477868,1.8219875,6.6486983,-0.45081854,-0.065973446,-0.21380283
-3.4859576,2.4468741,6.7133417,-0.64873886,-0.040317107,0.14172074
-7.240066,3.4476504,6.600814,0.81000733,0.19058995,0.23090707
-5.473145,3.3183637,6.4164605,-0.18081611,-0.09773844,-0.5729916
-4.8003745,2.3319526,6.3230867,-0.48258355,-0.22724187,0.19303341
-9.464279,3.0334535,6.7564373,-0.2724459,0.12339478,-0.27122417
-4.6686935,1.2856863,6.253655,-1.9999728,-0.51068336,-0.71837753
-5.499481,-0.6655881,8.276755,-1.0519099,0.4007276,1.0079277
-6.9479733,-5.4061074,8.327033,-0.4801401,-0.1600467,-0.63163465
-3.6272156,0.56982,6.8522053,-0.14905111,0.07696902,-0.23823744
-6.9719152,-0.17956513,7.6614456,-0.23701571,0.096516706,0.8210029
-5.5401826,0.8619126,8.317456,0.72082096,-0.015882496,-0.51068336
-5.9304376,-1.4628572,6.777985,-0.5766568,0.18203785,0.83077675
-6.4260373,1.3263878,8.0445175,0.28221974,-0.002443461,-0.6169739
-6.0621185,-0.5506664,7.3310456,-0.45937067,0.25289822,0.9602802
-6.301539,1.9393034,8.090008,-0.15027285,-0.0036651916,-0.4728097
-6.4044895,-0.8499416,8.372523,-0.56199604,0.25534168,1.0152581
-6.339846,2.7605145,7.429208,0.39950588,0.22968534,-0.6133087
-6.931214,-0.2777274,7.553706,-0.5375614,0.3726278,0.56077427
-6.078878,1.6136919,7.098808,0.535118,-0.14905111,-0.6035349
-6.0118403,0.007182605,6.3901243,-0.91751957,-0.04642576,0.82711154
-6.9838862,0.34237084,8.197746,0.15271631,-0.09896017,-0.816116
-5.2265425,-0.46208093,6.646304,-0.7623598,0.07452556,0.92485
-5.6551046,-0.91937345,7.165846,0.6243043,-0.26267207,-1.1215485
-5.78918,1.4939818,8.860941,-0.080634214,0.10140363,1.3390167
-7.5848308,-2.516306,7.477092,0.29077184,0.04886922,-0.6291912
-4.259285,-0.4213795,7.2568254,1.3084733,0.24923302,-0.44348818
-8.396465,-1.7286136,7.0245876,-1.4648548,0.6914995,0.06719518
-9.109938,-4.0174704,7.4627266,-2.4654522,0.32986724,-0.27122417
-6.6893997,-1.5059528,3.7612908,-0.6731735,0.3640757,-0.68783426
-6.7253127,-0.7206547,3.1387985,0.312763,0.3933972,0.75869465
-10.78109,-7.7308774,3.052607,-1.0665708,-0.062308256,-0.93218035
-6.8067155,-3.904943,2.8993783,-0.6560693,0.047647487,0.2687807
-11.899182,-9.097966,3.2848446,-0.62796944,0.04642576,-0.23701571
-6.3925185,-2.7365725,2.5258827,0.02321288,-0.047647487,0.27855456
-10.972627,-7.156269,2.9831753,0.34697145,0.059864793,-0.004886922
-7.7213006,-5.592855,2.56419,-0.9101892,-0.21624629,0.37751472
-9.488221,-6.658275,3.9217024,-0.87109387,-0.2284636,-1.3084733
-7.237672,-1.472434,3.6990416,-0.56688297,-0.29443705,1.065349
-9.31105,-5.3558292,4.3023806,-0.9993755,-0.018325957,-1.4110987
-7.6710224,-6.327875,2.030283,-0.6047566,-0.35308012,0.40439278
-7.216124,-1.541866,3.1651347,0.22724187,-0.10873401,-1.3231341
-8.549694,-4.5298295,2.3104045,-0.05131268,-0.22235495,0.906524
-8.635885,-5.41329,4.735731,-0.72204274,0.07696902,-1.1484267
-5.5737014,-4.8865657,4.642357,1.3671165,0.31520647,0.3640757
-9.380483,-2.0470424,2.813187,1.7201965,0.034208454,1.536937
-9.662998,0.7493851,4.441244,1.8240436,-0.27000242,-0.3005457
-5.195418,0.39504328,5.913678,0.5681047,-0.18936823,-0.23579398
-9.995792,-1.2545617,5.0182467,0.46181414,-0.10140363,0.2443461
-6.375759,-0.91697925,5.8945246,-0.40683624,-0.24312437,-0.16982053
-8.841787,0.15801731,5.0781016,0.23335053,0.015882496,0.34330627
-6.6893997,0.10295067,5.4085016,0.2846632,-0.13194689,-0.3640757
-9.184157,0.8475474,4.673482,0.5693264,-0.04886922,0.31398472
-6.789956,0.9911995,6.4308257,0.08307768,-0.26267207,-0.7672467
-5.6000376,1.2689269,7.299921,-0.09040806,-0.31887165,0.40683624
-10.977415,-0.81642276,5.829881,0.04520403,-0.007330383,-0.44348818
-4.999093,-0.40222588,6.136339,0.28344148,-0.4642576,-0.41538838
-5.8705826,-0.45968673,7.642292,-0.28344148,-0.5546656,-0.02443461
-8.133103,-3.5697548,6.9024835,-0.20158553,-0.03176499,-0.5216789
-5.056554,-2.5905263,7.9104424,-0.31398472,-0.16493362,-0.84665924
-2.4492683,-3.6870706,7.821857,-0.48747048,-0.0842994,-0.21502456
-7.443573,-6.528988,6.385336,-0.54733527,0.25778514,0.15515977
-5.9064956,-4.805163,6.3302693,-0.015882496,0.004886922,-0.81245077
-1.9895816,-4.1419687,6.38773,0.29077184,0.05497787,-0.21624629
-6.8785415,-5.21936,6.289568,0.32742378,0.1563815,0.6927212
-5.3725886,-5.8226986,5.7484784,-0.4654793,-0.16982053,-0.50946164
-1.6903064,-4.795586,7.189788,-0.20280726,0.09285152,-0.1685988
-5.801151,-7.335834,4.7907977,-0.50335294,-0.48502702,0.5705481
-8.09719,-5.7245364,6.5840545,-0.5155703,0.11362094,-0.7086037
-1.1731589,-6.4906807,6.1770406,-0.57543504,-0.48991394,0.118507855
-6.007052,-7.678205,5.734113,0.56321776,0.14905111,0.3640757
-5.4420204,-4.5896845,5.0517654,1.0885619,0.008552114,-0.6035349
-4.197036,-5.142745,6.4763155,0.04153884,0.13316862,0.41905355
-4.3382936,-4.915296,7.103596,0.23335053,0.6951646,-0.41416663
-5.6335564,-4.3239284,5.1571107,-0.03176499,-0.18325958,0.44837508
-3.8666358,-4.8458643,6.0262055,-0.70249504,0.54000485,-0.6169739
-5.5258174,-7.1275387,3.6990416,1.0067059,-0.35308012,0.50823987
-5.731719,-6.871359,3.751714,-0.14538592,0.2003638,0.61941737
-8.4587145,-8.865729,4.8386817,-0.14660765,0.0842994,0.036651913
-3.4021606,-4.012682,6.179435,0.3481932,-0.3652974,-0.6365216
-5.3366756,-8.0924015,4.594473,-0.8918633,0.1563815,0.74281216
-5.8705826,-7.395689,5.544971,0.24312437,0.017104227,-0.9211848
-2.6743233,-4.0940847,4.987122,-0.88086766,-0.04642576,0.34574974
-6.4906807,-6.1411276,5.121197,0.13194689,0.36774087,0.36041048
-6.754043,-6.2823853,5.595249,0.9615019,-0.05009095,-0.8210029
-2.2577322,-3.1866825,5.0038815,-0.5363397,-0.4166101,0.66339964
-6.8450227,-4.8267107,4.6279917,-0.46792278,0.172264,0.5448918
-8.190564,-8.793902,6.4284315,0.18692477,0.08307768,-0.53878313
-3.739743,-3.3087866,5.825093,-0.0061086523,-0.2125811,-0.21991149
-6.1746464,-5.8466406,4.9823337,-0.28221974,0.3567453,0.7281514
-8.808268,-8.14268,5.779603,-0.7293731,-0.10262536,-0.45570546
-3.5458126,-3.9073372,5.566519,0.080634214,-0.30543262,-0.05375614
-6.7803793,-7.6375036,4.9655743,-0.21380283,0.23335053,0.6792821
-8.169016,-5.5497594,5.81791,-0.1001819,-0.07086037,-0.8772025
-3.2154129,-2.731784,5.896919,-0.07696902,-0.28710666,-0.042760566
-6.5864487,-4.5896845,4.1539397,-0.064751714,0.31520647,0.61086524
-4.8626237,-6.76362,5.638345,0.27488935,-0.019547688,-0.56688297
-4.010288,-3.4644098,5.825093,-1.0482447,-0.13927728,0.9236283
-8.3868885,-7.9942393,4.8626237,-0.14905111,0.15271631,0.5131268
-7.9607205,-5.0757074,4.1012673,-0.33841935,0.07819075,-1.065349
-3.6870706,-8.09719,6.3446345,0.09896017,-0.043982297,-0.408058
-6.279991,-6.7444663,3.193865,-0.19792034,-0.43493605,0.9468411
-10.029311,-10.25676,2.9640217,-0.8063421,-0.039095376,-0.49602258
-4.7548847,-6.7205243,5.2504845,0.66828656,-0.12950343,-0.6267477
-4.1156325,-4.7285485,6.8330517,1.1728612,0.002443461,0.48258355
-6.4260373,-5.841852,5.674258,1.2999213,-0.018325957,0.9101892
-6.871359,-2.753332,5.5497594,1.110553,0.015882496,-0.344528
-4.2042184,-2.2601264,7.9607205,-0.3323107,0.2003638,0.38728857
-6.349423,-6.31351,6.766014,-0.5021312,0.052534413,-0.073303826
-4.8003745,-3.1148565,7.860164,-0.24801129,-0.12217305,-0.64996064
-2.0039468,-0.8643068,8.578424,0.05009095,-0.21624629,0.17470746
-7.536947,-4.5154643,5.109226,-0.16371189,0.040317107,0.112399206
-6.4068837,-3.095703,7.07726,-0.41538838,-0.20525073,-0.5155703
-2.6503813,-5.509058,7.2951326,0.040317107,0.103847094,-0.3555236
-3.6607344,-3.0813377,6.7229185,-0.18081611,-0.23945917,0.6621779
-8.212111,-6.471527,5.9926867,-0.36163223,-0.042760566,-0.12950343
-4.3526587,-5.439626,7.33344,0.04520403,0.11728613,-0.7147123
0.08140286,-5.6886234,7.489063,-0.40317106,0.017104227,0.46303585
-6.481104,-6.145916,5.1140146,-0.039095376,-0.0036651916,0.33841935
-7.920019,-6.0046577,4.8698063,-0.66828656,0.119729586,-0.7318166
-1.4197617,-7.237672,5.437232,-1.396438,-0.08307768,-1.0714576
-1.9560628,-7.615956,1.5586253,-2.5057693,-0.43982297,0.516792
-5.257667,-11.439496,0.7517793,-1.3451253,-0.3567453,0.9456194
-6.564901,-14.968549,-2.0901382,-0.8332202,0.062308256,-0.39706242
-2.5187001,-7.48188,0.19871874,-0.16249016,0.17715092,-0.6047566
-3.2561142,-8.4347725,-1.7262194,-0.14660765,-0.6536258,0.8405506
-6.667852,-8.3390045,0.23702596,0.38728857,0.4129449,-1.1777482
-2.4468741,-8.456321,0.12928689,-0.81122905,-0.49480084,0.79168135
-8.00621,-14.458584,-2.3822308,0.20525073,0.22968534,-0.105068825
-2.0757728,-8.274361,-0.33279404,0.14538592,0.24923302,-0.33841935
-4.745308,-10.6398325,-1.0271125,0.009773844,-0.02321288,0.59742624
-3.8426938,-8.707711,0.17238252,0.17959438,0.43004912,-1.0567969
-1.769315,-6.3326635,-0.61291564,0.0,-0.1966986,0.11362094
-5.4324436,-9.842564,-0.23942018,-0.05497787,-0.09285152,0.69027776
-2.7246015,-7.836222,0.007182605,-0.1441642,0.15760323,-0.6731735
-2.5330653,-7.0245876,-0.47884035,0.02443461,-0.18692477,0.79290307
-5.566519,-14.511256,-0.93373865,-0.21868975,0.11484267,-0.27122417
-6.5122285,-9.540894,0.7134721,3.2803464,0.51923543,1.0262536
-5.0613422,-4.697424,2.8060043,0.77457714,-0.3555236,0.4361578
-4.3598413,-6.493075,4.6112323,0.32253686,0.12095132,-0.22602014
-1.7764976,-6.0884547,7.893683,0.02443461,-0.021991149,0.05497787
-6.4763155,-6.727707,3.371036,0.44593164,-0.15882497,0.5534439
-7.3909006,-5.470751,5.1475334,0.7318166,0.3359759,-0.8405506
-1.922544,-6.71813,5.746084,-0.2406809,0.12339478,-0.39950588
-4.5058875,-6.208165,6.3111157,-0.24312437,-0.12705997,0.53878313
-8.214506,-8.868123,3.881001,-1.6444492,0.23090707,-0.5009095
-3.9576154,-7.1466923,4.3646297,-0.18570304,0.18448131,-0.48991394
-3.0693667,-8.568848,2.9712043,-0.13805555,-0.07819075,0.8894198
-8.748413,-10.632649,2.9712043,-0.52778757,0.20280726,-0.18936823
-3.0765493,-7.513005,3.7181952,0.15149458,0.11728613,-1.0262536
-0.45010993,-7.16824,2.7269957,-1.3353515,-0.54367006,0.6792821
-9.785102,-16.12016,-3.1507695,-0.5900958,0.3042109,0.008552114
-3.763685,-8.288726,-0.39264908,-0.8503244,0.14782938,-0.29932398
-2.825158,-8.674192,-1.1707647,0.10751228,-0.5925393,0.9431759
-7.1634517,-13.31655,-2.7629087,-1.0128145,0.35185838,-0.9309586
-1.9273324,-6.421249,-1.0366893,0.20891592,0.20158553,-0.43982297
-4.4915223,-9.497798,-2.3822308,0.13439035,-0.40439278,1.0360274
-6.160281,-10.924743,-2.1763294,-0.4801401,0.7635816,-0.9627236
-1.5179238,-6.715736,-0.2873042,-0.040317107,-0.24923302,0.014660766
-2.111686,-11.353305,0.30645782,1.8069394,0.26633725,0.028099801
-5.509058,-9.437943,1.2090719,2.5558603,-0.6084218,1.4110987
-7.52737,-5.765238,2.8107927,0.8173377,0.02321288,-0.5326745
-2.9640217,-7.141904,6.5577183,0.312763,0.073303826,0.24801129
-6.2943563,-5.899313,4.144363,0.14660765,-0.0012217305,0.32986724
-5.595249,-4.8123455,5.8203044,0.3042109,0.2284636,-0.9786061
0.47884035,-6.4547677,7.0006456,-0.7648033,-0.17348573,0.14905111
-2.789245,-5.985504,4.7644615,-1.1068878,-0.59864795,0.89552844
-9.220071,-9.035717,1.4700398,-1.0714576,0.28588495,-0.5510005
-3.2369606,-7.302315,4.3382936,0.7452556,0.312763,-0.6206391
-0.89543146,-7.029376,3.1507695,0.15393804,-0.22724187,0.43982297
-6.081272,-8.4347725,2.8203697,0.86498517,0.13683382,0.7049385
-3.5577838,-7.249643,3.3973722,0.29443705,0.11728613,-0.99082345
-2.1643584,-8.6574335,3.5098996,0.4569272,-0.9896017,-0.009773844
-0.6919243,-8.3868885,3.0382419,1.3084733,-0.26633725,0.24801129
-5.5521536,-7.7811556,3.8474822,-0.27000242,0.12461651,1.5613716
-10.335769,-10.180145,5.4803276,-1.1386528,-0.47525316,-0.9443977
-0.7302315,-4.6232033,5.5976434,1.990199,0.05375614,-0.31031954
-3.6822822,-7.132327,5.4324436,0.13072516,-0.095294975,1.3952162
-10.989386,-10.120291,7.16824,-0.5644395,0.28099802,-0.21502456
-2.0111294,-4.9081135,7.038953,-0.02076942,-0.1600467,-0.70005155
-5.391742,-2.930503,4.7788267,0.27000242,-0.17715092,1.2852604
-12.325351,-10.572795,7.2304893,-0.9651671,0.21380283,-0.14294247
-2.2625206,-4.2784386,7.7213006,0.4288274,0.18203785,-0.50701815
-3.964798,-4.927267,6.6415157,0.0842994,-0.08552113,0.9639453
-7.4483614,-1.30484,6.4906807,1.142318,0.30909783,0.6365216
-6.078878,-4.247314,7.493851,0.080634214,0.037873644,-0.7098254
-0.5770026,-5.08289,7.651869,0.1160644,-0.21624629,-0.5021312
-6.4523735,-3.5697548,6.481104,0.54733527,0.029321533,0.5497787
-10.915166,-2.3319526,7.577648,0.1966986,0.20280726,-0.15149458
-3.1723173,-0.35913026,7.6614456,0.13194689,-0.058643065,-0.27977628
0.8331822,0.79966336,8.00621,0.5558874,-0.064751714,0.31887165
-6.244078,-3.5865142,8.762778,-0.040317107,0.1282817,-0.057421334
-8.662222,-5.032612,10.09156,-0.13194689,0.007330383,-0.2724459
-2.9759927,-1.5969325,8.674192,0.72326446,0.3652974,0.45448375
-5.2840033,-0.7086837,7.335834,-0.12339478,0.28344148,0.2773328
-6.7684083,-4.525041,8.674192,-0.23579398,0.2919936,-0.11484267
-4.0198646,-0.9959879,7.8410106,-0.04153884,-0.040317107,-0.63529986
-5.1379566,0.25857377,7.156269,-0.47525316,0.052534413,1.1985176
-8.157045,-7.2711906,8.9040365,0.1563815,0.21991149,-0.2761111
-4.367024,-2.1499932,7.9583263,-0.5448918,-0.32253686,-0.33108896
-5.142745,-3.4476504,5.9184666,-0.6035349,0.15271631,0.77457714
-7.326257,-5.9639564,7.615956,0.17715092,0.16493362,-0.7806858
-4.247314,-3.064578,7.8793178,-0.11362094,-0.27000242,-0.59864795
-6.203377,-4.060566,7.3430166,0.040317107,0.15515977,0.8026769
-7.3406224,-6.8091097,7.702147,0.41538838,0.004886922,-1.1557571
-3.3446999,-0.02633622,6.019023,-0.056199603,0.012217305,-0.09773844
-6.823475,-3.8786068,7.0581064,0.4642576,0.27488935,1.1166617
-5.851429,-5.554548,8.446744,1.2205088,0.009773844,-1.3011429
-2.4732103,-0.0047884034,5.1906295,-0.8393288,-0.2321288,0.44348818
-7.038953,-4.733337,6.4667387,-0.007330383,0.48380527,0.97249746
-7.716512,-6.4643445,7.955932,-0.040317107,-0.28099802,-1.2205088
-3.1842883,0.5530606,6.3685765,0.4092797,0.012217305,0.12705997
-8.202535,-3.0214825,6.6079965,0.08552113,0.10873401,0.9236283
-5.547365,-0.770933,7.1275387,0.5497787,0.10873401,-0.88453287
-2.846706,0.8882488,5.279215,-0.8136725,-0.080634214,0.15760323
-7.831434,-4.525041,6.2368956,-0.9016371,-0.02443461,1.2852604
-5.3678,-5.341464,5.7245364,-1.781283,-0.2724459,-1.0629056
-3.074155,-5.0781016,4.697424,1.3402383,0.17959438,-0.73914695
-6.5625067,-2.7868507,5.374983,-0.119729586,0.5412266,1.0189233
-7.299921,-8.415619,3.9193082,-1.9230038,0.24190263,0.2687807
-6.0285997,-6.591237,2.6767175,-0.7415904,0.3005457,-0.58032197
-3.9935284,-4.72376,3.976769,-0.8393288,0.0061086523,-0.034208454
-6.114791,-7.2711906,0.37828386,0.05131268,-0.39706242,0.2003638
-7.5680714,-7.8793178,1.5011644,0.22479841,0.643852,-1.0543534
-3.4404678,-5.45878,3.0023289,-0.6719518,-0.3726278,0.68294734
-8.655039,-8.746018,0.7398083,-0.05375614,-0.22113322,0.34697145
-5.8945246,-9.603143,0.5410896,-0.058643065,0.73914695,-0.87109387
-2.8778305,-4.8099513,2.0518308,0.07696902,0.073303826,0.35063666
-6.241684,-10.398018,2.7341783,1.7617353,0.38728857,0.5656612
-5.3007627,-5.674258,4.6112323,3.2607987,0.052534413,1.1068878
-7.050924,-4.0198646,4.5681367,-0.2321288,-0.5742133,0.29565877
-8.698134,-3.5936968,4.2784386,0.41050145,-0.02565634,-0.8185594
-2.4851813,-4.295198,6.5984197,0.21135938,-0.07086037,-0.2687807
-7.5800424,-4.271256,6.1985884,0.35063666,-0.062308256,0.66706485
-8.14268,-3.5936968,5.542577,0.11362094,0.57910025,-1.3011429
-1.8076223,-6.244078,6.007052,-0.72082096,0.035430185,-0.05009095
-8.580819,-5.209783,2.942474,0.82344633,-0.14538592,0.68783426
-9.100361,-6.6846113,2.9879637,-0.94806284,0.33841935,-1.3426818
-0.8858546,-5.401319,6.622362,-0.5143485,-0.09896017,0.03176499
-5.78918,-4.534618,4.9943047,0.37018433,-0.17104226,1.0519099
-10.314221,-9.617508,4.4795513,-1.890017,0.059864793,-0.19914207
-2.5210943,-7.311892,5.896919,-0.12705997,-0.4129449,-0.28344148
-5.3941364,-5.6335564,5.731719,0.9211848,0.3200934,0.60231316
-10.240001,-6.6870055,4.3239284,-0.18203785,-0.22235495,-0.04153884
-5.255273,-5.243302,5.329493,-0.8686504,-0.19303341,-0.9101892
0.9840169,-4.6710877,7.7572136,-1.2229522,0.23335053,0.63041294
-7.2065473,-7.1873937,3.5218706,-0.14905111,-0.25045475,1.0103711
-11.389217,-7.5345526,2.6192567,-0.46181414,-0.012217305,-1.396438
-0.36870706,-5.035006,5.281609,-0.3005457,-0.172264,-0.36896262
-5.243302,-7.5944076,3.2249897,-0.080634214,-0.50823987,1.0384709
-8.171411,-6.9623384,3.5098996,0.17348573,0.752586,-1.4391985
-0.7757214,-6.0262055,5.5042696,0.35918877,0.2919936,-0.2687807
-6.9958572,-6.14831,1.9680338,0.112399206,-0.12705997,1.0519099
-5.2385135,-6.7109475,3.7493198,0.1001819,0.17592919,-0.6585127
-3.0238767,-8.968679,1.9393034,0.4202753,0.04520403,0.095294975
-7.45315,-10.783484,2.207454,-0.7696902,0.06841691,0.49235737
-3.775656,-7.7213006,3.5218706,0.029321533,-0.08307768,-0.90408057
-7.8170686,-6.4643445,1.412579,0.535118,-0.32742378,0.5216789
-6.1626754,-7.752425,4.2664676,-0.05131268,0.47525316,-0.90285885
1.1875241,-5.3678,2.779668,0.79901177,0.3005457,0.25411993
-9.0476885,-8.911219,1.673547,-0.11484267,-0.44715336,1.577254
-10.13705,-5.068525,3.2513258,0.6817256,0.09040806,-0.9651671
0.5267244,-7.9224133,4.0581717,-0.82711154,-0.21624629,-0.3408628
-9.0237465,-7.52737,2.9592333,-0.50946164,-0.14049901,0.9407325
-7.0221934,-3.799598,4.441244,0.6988298,0.22968534,-1.1899655
-1.6160861,-3.0693667,3.502717,0.3213151,-0.15882497,0.5534439
-12.258312,-10.386047,2.44448,-0.2284636,0.20647246,-0.22113322
-3.976769,-5.070919,3.442862,0.28344148,0.042760566,-0.3921755
-8.595184,-8.841787,2.207454,-0.56199604,0.04886922,1.047023
-7.9990277,-7.089231,3.028665,-0.18448131,0.22479841,-1.2950343
-3.4524388,-4.5753193,1.7836803,0.66706485,-0.18448131,0.9443977
-11.956643,-11.650186,3.064578,-0.53023106,0.27366763,-0.5448918
-2.3582888,-3.311181,2.6599581,0.27122417,0.5204572,-0.16982053
-9.615114,-8.2169,2.4492683,-0.3652974,0.073303826,1.17897
-7.2352777,-5.1786585,2.9257145,0.3494149,0.1563815,-1.2351695
-3.1866825,-4.3742065,2.291251,0.44348818,-0.30176744,0.9627236
-12.287044,-10.845734,2.3630772,-0.7098254,0.013439035,-1.0885619
-3.4237084,-4.225766,2.9975405,0.8393288,-0.0036651916,-0.6426302
-8.173804,-6.7085533,2.920926,0.056199603,0.15393804,1.1667526
-8.700529,-5.535394,4.4196963,0.2883284,0.057421334,-1.4709635
-2.5474305,-4.72376,2.8419175,-0.42149702,-0.23090707,0.93218035
-12.117055,-11.700463,3.0214825,-0.5009095,0.06841691,0.029321533
-4.0581717,-5.5042696,3.7612908,-0.10995574,0.07086037,-0.82833326
-4.0462008,-4.879383,2.4468741,0.45937067,-0.09162979,1.2046263
-11.520899,-9.969456,3.0909145,-0.3359759,0.18570304,-0.8197812
-3.8474822,-5.626374,3.4356794,-0.29565877,-0.06841691,-0.25534168
-6.6989765,-5.6335564,2.5115175,-0.0720821,-0.09896017,1.2534955
-11.233594,-9.229648,2.1404164,0.09162979,0.21013765,-0.9089675
-2.348712,-5.6431336,2.9113493,-0.4728097,-0.16737708,0.17348573
-9.698911,-10.117896,7.422025,0.23090707,-1.5906931,0.14905111
-4.608838,-4.9105077,3.4644098,2.2944098,-1.4709635,0.23457226
-1.460463,-1.7310078,6.646304,1.3976597,-0.88086766,-0.13805555
-5.6910176,-2.6431987,7.917625,0.057421334,-0.2443461,0.32375857
-7.5321584,-3.205836,7.845799,0.043982297,-0.008552114,-0.46181414
1.3790601,-1.3910311,10.79785,0.5864306,0.48380527,-0.5510005
2.6240451,-4.1635165,7.872135,-0.030543262,-0.44593164,0.44959682
-6.1387334,-2.779668,9.928755,-0.04886922,0.2443461,0.20158553
-6.265626,-3.490746,8.020576,-0.062308256,0.39828414,-0.72326446
1.2258313,-1.7645266,8.367735,0.14172074,-0.2003638,0.23579398
-5.518635,-3.7229836,7.165846,-0.14172074,0.19181168,0.5412266
-5.81791,-5.3342814,6.991069,-0.11728613,0.5717699,-1.187522
1.9560628,-2.1092918,8.6813755,-0.75869465,-0.02443461,-0.19792034
-4.1156325,-4.2904096,6.373365,-1.4941764,-0.38606682,0.9627236
-12.452243,-9.976639,4.5920787,-0.84421575,0.7831292,-0.5742133
-1.2449849,-6.943185,6.2512608,-0.018325957,0.53878313,-0.6976081
-5.243302,-7.9152308,3.7134068,-0.43860126,-0.4605924,1.2437216
-12.332533,-9.361329,5.6646814,-0.34697145,0.6560693,-0.689056
0.4213795,-6.208165,5.437232,-0.72326446,-0.4728097,-0.3921755
-9.923966,-8.463503,4.8937483,0.29077184,0.019547688,0.7012733
-1.7357962,-4.8147397,6.7444663,0.6817256,0.41050145,-0.8393288
-4.853047,-3.821146,5.279215,1.319469,-0.34697145,1.0910053
-2.0087352,-4.465186,6.9288197,0.30909783,0.22724187,-0.8784242
-6.4044895,-5.758055,5.142745,0.7831292,-0.37751472,1.1276573
-2.7820623,-2.7126305,6.399701,0.26389378,0.096516706,-0.3567453
-7.228095,-6.6510925,6.6534867,0.5510005,0.3885103,0.12705997
-5.403713,-3.241749,5.207389,0.028099801,-0.4092797,0.44226643
-3.9312792,-4.5418005,6.9048777,-0.32742378,-0.081855945,-0.29932398
-6.2704144,-6.9647326,6.9767036,0.3005457,0.38606682,-0.344528
-6.3182983,-4.7261543,5.6790466,0.015882496,-0.18936823,0.5045747
-3.691859,-3.9600096,8.001422,0.05009095,0.10140363,-0.22479841
-7.3645644,-4.7405195,6.3566055,0.6609562,0.34208453,0.47525316
-2.2816741,-5.8562174,6.603208,-0.18692477,-0.040317107,-0.28710666
-7.728483,-4.8219223,7.2424603,0.23457226,0.30665436,0.3323107
-4.1515455,-4.6902413,6.8785415,-0.1001819,-0.17715092,-0.3811799
-6.1076083,-4.7405195,7.7428484,0.20891592,0.37751472,0.08674286
-4.232949,-5.2600613,6.6367273,-0.52534413,-0.6462954,0.19547687
-7.3430166,-7.1395097,7.314286,-0.02687807,0.42760566,-0.77457714
-1.922544,-2.9879637,6.435614,0.7440339,-0.49480084,0.3042109