-2.3989902,0.10055647,9.31105,0.05497787,0.035430185,0.058643065
-2.3127987,1.1252748,9.727641,-0.28710666,0.21135938,-0.1282817
-2.4468741,-4.2999864,11.779472,-0.23579398,1.7886134,0.13561209
-8.90643,1.3838485,2.15957,0.6963864,1.9364429,0.66339964
-6.9264255,1.1875241,5.2289367,1.0189233,0.6536258,0.54733527
-7.2328835,4.7500963,7.73806,0.59986967,1.1643091,-0.105068825
-8.707711,3.9240966,-0.830788,0.63407815,1.1814134,0.42638394
-7.326257,6.361394,-0.8451532,0.02321288,0.14782938,0.37384954
-7.881712,5.4444146,-0.17238252,0.26145032,0.07452556,0.081855945
-6.8186865,5.98311,0.58897364,-0.07574729,0.07696902,0.111177474
-8.24563,5.3342814,-0.2873042,0.42271876,0.05009095,-0.0842994
-7.896077,4.8099513,-0.5793968,-0.49235737,0.002443461,0.09773844
-7.441179,5.959168,1.055843,0.20769419,-0.12339478,-0.19792034
-8.676587,4.3837833,-1.673547,-0.14294247,0.004886922,-0.04520403
-7.28795,5.896919,0.79966336,-0.28710666,0.12095132,0.04153884
-8.420407,5.046977,-0.12210429,0.2003638,-0.06352998,-0.062308256
-7.630321,5.159505,-0.7110779,-0.42394048,-0.014660766,-0.017104227
-7.6973586,4.805163,0.5722142,-0.28344148,-0.2284636,-0.267559
-9.425972,3.3135753,0.59615624,-0.09896017,-0.15882497,-0.12461651
-8.051701,5.3223104,2.1667526,0.2932153,0.29810223,0.039095376
-8.14268,3.4021606,2.932897,-0.376293,-0.49968776,-0.1600467
-9.540894,4.6782703,0.40940848,0.1001819,0.17104226,0.19058995
-7.3286514,4.570531,1.340753,0.018325957,0.2443461,0.20647246
-9.40203,2.3894134,1.2401965,-0.49357912,-0.22602014,-0.29077184
-8.520964,5.3318872,2.0374656,0.44593164,0.13683382,0.18448131
-7.668628,5.00867,2.6551697,0.16982053,-0.31031954,-0.12705997
-8.963891,3.3255463,0.5554548,0.172264,0.09896017,0.15760323
-7.383718,5.9041014,1.8674773,-0.12461651,0.073303826,-0.119729586
-9.088389,4.1299977,1.4939818,0.16982053,-0.37018433,-0.17348573
-8.683769,4.9296613,2.0757728,-0.44593164,-0.20280726,-0.061086524
-7.833828,4.271256,3.2106245,0.073303826,-0.2687807,-0.2003638
-9.035717,2.3439236,3.4117374,0.75136423,0.1001819,-0.081855945
-7.7548194,5.674258,2.1092918,0.28221974,-0.0036651916,0.057421334
-9.258378,2.72939,2.0973208,0.2406809,0.14172074,-0.119729586
-7.6375036,4.721366,2.183512,0.112399206,0.02321288,0.21746802
-8.497022,3.359065,2.4013844,-0.111177474,-0.028099801,-0.1966986
-8.1642275,3.9552212,1.7645266,-0.26511553,0.22724187,0.25045475
-8.5473,3.5553896,2.0231004,0.26511553,-0.17470746,-0.08307768
-8.588001,4.2185836,2.1260512,0.1966986,0.17837265,0.1441642
-8.23366,4.072537,2.1643584,-0.012217305,-0.10995574,-0.014660766
-8.7771435,4.175488,1.3814543,0.002443461,0.06963864,0.052534413
-7.716512,4.927267,1.9369092,0.40317106,-0.1282817,-0.14538592
-7.5944076,3.881001,1.4460979,-2.080607,-0.2687807,-0.72082096
-9.792285,-0.39983168,7.177817,-0.48380527,-0.37995818,-0.14905111
-8.185776,1.8028339,4.345476,0.23335053,-0.03176499,0.25167647
-7.836222,2.7724855,3.8666358,-0.07819075,0.11484267,-0.002443461
-7.773973,2.2697031,5.118803,-0.35308012,-0.20158553,-0.27366763
-8.848969,0.34237084,4.5058875,0.32253686,0.3408628,0.14660765
-7.479486,1.8507179,4.1491513,0.5204572,-0.19181168,-0.18325958
-9.473856,0.90500826,4.3981485,-0.062308256,0.23090707,0.09896017
-7.8266454,1.6280571,3.6703112,0.096516706,-0.047647487,0.081855945
-9.785102,-0.095768064,5.389348,0.28588495,-0.07819075,-0.21502456
-7.771579,1.9009962,3.1962593,-0.008552114,0.10629055,0.2602286
-9.581595,0.4309563,5.0014873,-0.15882497,-0.15027285,-0.22602014
-7.6590514,2.1045034,3.7086184,-0.13927728,0.15271631,0.17348573
-9.3733,-0.19393034,4.5298295,-0.25900686,-0.013439035,-0.25778514
-8.544906,1.2210429,4.5178585,0.22235495,0.17592919,0.25045475
-8.034941,1.4197617,2.873042,-0.25411993,-0.04520403,-0.13683382
-9.045294,0.14604631,5.058948,-0.012217305,0.064751714,0.103847094
-8.109161,2.0015526,4.027047,0.344528,0.089186326,0.052534413
-9.502586,-0.17477672,4.685453,0.22113322,-0.14049901,-0.2602286
-8.046912,2.078167,3.1627405,-0.3286455,0.1881465,0.267559
-9.425972,0.34715924,5.1020436,0.080634214,-0.19914207,-0.18081611
-7.9822683,1.9177556,3.9001546,0.10262536,0.17104226,0.22602014
-9.19134,0.3854665,4.4244847,-0.12583824,-0.17592919,-0.27000242
-7.9990277,1.946486,3.8618474,-0.1600467,0.18570304,0.25289822
-8.774749,1.42455,4.261679,-0.037873644,-0.2602286,-0.25411993
-8.030152,1.7190368,3.833117,-0.13927728,0.23457226,0.36163223
-8.554482,0.6751649,4.6495395,0.3481932,-0.09407325,-0.2321288
-8.070854,1.1061212,3.3063924,-0.44593164,0.103847094,0.112399206
-8.623915,1.283292,5.9160724,0.14049901,-0.16371189,-0.061086524
-8.154651,1.412579,4.381389,0.021991149,0.15027285,0.118507855
-8.66701,0.6344634,4.5561657,-0.408058,-0.26511553,-0.20769419
-8.300697,1.4053963,4.630386,0.012217305,0.30909783,0.20280726
-8.4108305,0.2753332,4.1036615,-0.24312437,-0.36896262,-0.12705997
-8.561666,0.24181437,4.84347,-0.028099801,0.2565634,0.056199603
-8.441956,0.79248077,4.110844,-0.22479841,-0.22235495,-0.14049901
-8.611943,-0.02633622,5.0900726,0.010995574,0.25167647,0.11362094
-8.372523,0.770933,3.2704794,-0.23457226,-0.16126843,-0.089186326
-7.66384,0.51475334,6.7229185,0.14782938,-0.08307768,-0.14905111
-7.477092,-1.067814,6.5984197,1.7715092,-0.3200934,-1.3377949
-10.113108,-2.8179753,2.9281087,2.2333233,0.5815437,0.14538592
-8.425196,3.7493198,3.0597897,0.15515977,0.91996306,0.86132
-8.264784,2.765303,3.0358477,-0.35918877,0.56321776,0.13194689
-8.90643,3.98874,2.042254,-0.54000485,0.14538592,0.065973446
-9.078813,2.3008277,1.1468226,-0.7367035,0.111177474,0.07696902
-7.702147,4.146757,2.896984,0.6450737,0.009773844,-0.047647487
-9.509769,2.7269957,2.504335,0.010995574,-0.16493362,0.0061086523
-7.515399,4.4460325,3.560178,-0.51923543,0.1600467,-0.059864793
-10.093954,1.5586253,0.6895301,-0.2565634,-0.0061086523,-0.12583824
-7.8170686,3.181894,3.7253778,-0.14538592,-0.032986723,-0.037873644
-9.856929,1.0845734,3.8546648,0.47525316,-0.33108896,-0.39461896
-8.992621,1.6328455,2.0685902,-0.4007276,-0.12583824,0.22602014
-8.985439,1.5586253,3.4284968,-0.4129449,-0.09896017,-0.47036624
-9.85214,-0.4309563,3.5553896,-0.72204274,0.15760323,-0.13561209
-8.995016,-0.32800564,3.7181952,-0.55955255,-0.0842994,0.04153884
-8.798691,0.82121116,2.9855695,0.79168135,0.062308256,0.15882497
-8.525752,1.8914193,4.134786,1.0396926,-0.015882496,0.035430185
-9.840169,-1.316811,3.335123,0.1563815,-0.0036651916,0.08674286
-8.760384,0.92655605,3.5410242,0.012217305,-0.15149458,0.16371189
-9.43076,0.5626374,3.5075054,0.6988298,0.1001819,-0.12950343
-9.057265,2.1547816,3.3423057,-0.14538592,0.17837265,0.042760566
-9.16261,3.0669725,3.3446999,-0.7440339,-0.0720821,-0.02565634
-8.614338,2.7940333,2.9113493,-0.042760566,0.002443461,-0.061086524
-8.99741,2.0566192,2.9879637,0.3359759,0.13316862,-0.1563815
-8.860941,2.5091233,2.7868507,-0.4166101,0.13683382,0.1160644
-8.834604,2.4037786,3.040636,0.15393804,-0.10751228,-0.10262536
-8.913613,2.111686,2.858677,-0.019547688,0.1001819,0.11362094
-8.525752,3.016694,3.3446999,-0.1160644,-0.15027285,-0.02443461
-9.646238,0.842759,2.6048915,0.48380527,0.035430185,-0.07941248
-8.104373,2.9376855,2.870648,0.3115413,0.32742378,-0.09162979
-9.004593,2.4229321,3.1627405,0.30298916,-0.065973446,-0.16493362
-8.983045,2.7700913,3.41892,-0.49113566,0.18203785,0.31764993
-8.92319,1.5634137,1.9967642,-0.39950588,-0.204029,-0.05497787
-8.966286,1.553837,2.1045034,-0.38362336,0.014660766,0.18081611
-8.858546,2.3942018,3.3734303,0.45570546,-0.17348573,-0.09896017
-8.875306,2.5258827,2.171541,-0.21746802,0.089186326,0.21502456
-8.791509,2.1619642,2.8658595,0.112399206,-0.15027285,-0.16249016
-8.695741,2.846706,3.4883518,0.9468411,0.018325957,0.15027285
-9.148245,0.6631939,-0.095768064,0.3115413,-0.39095375,-0.38728857
-9.536105,2.0757728,3.9911342,-1.2388347,-0.72326446,-0.46303585
-8.707711,-1.7070658,5.932832,-4.2088614,-0.6169739,0.17715092
-7.9942393,-2.9712043,7.5968018,2.2247713,0.05009095,0.25900686
-7.680599,-1.1492168,4.4580035,0.7171558,-0.065973446,0.07941248
-8.257602,-0.8379706,5.5162406,-0.42638394,0.09407325,0.20891592
-8.180987,1.6496049,4.132392,0.5815437,0.07819075,0.1685988
-8.039729,0.9600749,4.7070007,-0.1160644,0.089186326,0.09162979
-8.197746,0.6584055,4.6255975,-0.0012217305,-0.08674286,-0.16371189
-8.889671,-0.24660277,5.717354,0.32375857,0.23579398,0.19058995
-7.4483614,-0.16280572,4.0916905,-0.28221974,-0.112399206,-0.16615535
-9.0476885,-0.033518825,5.535394,0.2321288,0.07941248,0.0842994
-7.5584946,0.91937345,3.6727054,-0.25167647,-0.09040806,-0.09040806
-9.150639,0.34476504,5.427655,0.15149458,0.15760323,0.15882497
-7.920019,0.6943185,3.6224272,-0.657291,-0.30787608,-0.16249016
-9.172187,0.44532153,5.449203,-0.16493362,0.32498032,0.2968805
-7.517793,-0.9504981,4.8817773,-0.98349303,-0.42149702,-0.08674286
-8.286332,-0.21068975,5.7508726,-0.71837753,0.27122417,0.30176744
-7.896077,-1.0031705,5.3701944,-0.23457226,-0.30665436,-0.1685988
-8.508993,-0.6679823,4.0557775,-0.12950343,0.29443705,0.028099801
-7.9942393,-1.4700398,5.1571107,-0.6462954,-0.26511553,-0.043982297
-8.200141,-0.24181437,5.070919,-0.07941248,0.34574974,0.02687807
-8.497022,-0.12210429,3.6152446,-0.7110472,-0.19181168,-0.02076942
-8.209718,-1.1492168,5.674258,-0.33841935,0.11484267,0.042760566
-6.6774287,0.6823475,5.363012,0.06841691,-0.22602014,-0.2321288
-7.6949644,-1.472434,6.363788,0.4813618,-0.5180137,-0.75625116
-9.02614,-2.0207062,6.9120603,0.88331115,0.02687807,0.6243043
-6.8881183,3.5673606,3.6248214,1.9755383,0.28588495,0.54000485
-8.219295,1.7429788,5.377377,0.015882496,0.057421334,-0.03176499
-8.159439,3.0334535,6.646304,0.3200934,0.14294247,0.12583824
-7.2687964,0.830788,4.771644,-0.4886922,-0.05375614,-0.09407325
-8.046912,3.4524388,6.1866174,0.43493605,0.07086037,-0.204029
-7.505822,2.8778305,5.0134583,0.07574729,0.029321533,0.20280726
-7.371747,2.336741,4.972757,-0.089186326,-0.007330383,0.13194689
-8.746018,1.3814543,5.1786585,-0.040317107,-0.037873644,-0.028099801
-7.0820484,3.095703,4.8482585,-0.22602014,0.12705997,0.09040806
-7.48188,1.9488802,4.948815,0.27122417,-0.18081611,-0.17837265
-7.716512,3.6966474,5.3318872,0.33964106,0.22968534,0.17348573
-7.8793178,2.1619642,5.401319,-0.089186326,-0.21502456,-0.13072516
-6.9886746,3.1627405,4.5896845,0.07819075,0.17348573,0.12950343
-6.993463,3.667917,5.142745,0.009773844,-0.07086037,-0.17959438
-7.117962,2.633622,5.2504845,-0.27122417,0.05131268,0.15882497
-7.029376,2.72939,6.823475,0.20158553,-0.14294247,-0.21624629
-8.846576,1.352724,4.5896845,-0.3494149,0.0842994,-0.014660766
-7.359776,1.7645266,5.4324436,-0.20525073,-0.05131268,0.11362094
-7.642292,2.944868,5.389348,0.47647488,0.09040806,-0.0061086523
-7.8170686,2.7150247,5.398925,0.02687807,-0.05497787,-0.0012217305
-8.236053,2.6240451,4.369418,0.13561209,0.04153884,-0.039095376
-6.6391215,3.5817258,5.109226,0.0061086523,0.204029,0.2846632
-8.470686,2.0135236,4.9799395,0.59986967,-0.10751228,-0.3726278
-8.317456,2.5761611,4.307169,-0.22357668,0.15393804,0.18081611
-6.787562,2.1140802,4.5298295,0.27977628,-0.052534413,-0.15760323
-8.676587,2.2984335,4.745308,-0.24190263,0.057421334,0.15882497
-6.9886746,3.3207579,3.916914,-0.3933972,0.04886922,-0.11362094
-8.461109,2.3127987,4.4603977,-0.35796702,-0.06719518,-0.1160644
-8.604761,1.0630256,4.975151,-2.07572,-0.05131268,-0.065973446
-8.046912,-0.29688102,6.4643445,-0.68294734,-0.06963864,0.052534413
-8.528147,0.16998832,4.450821,-0.97249746,-0.16493362,-0.05009095
-8.221688,-0.21068975,6.3542113,-0.11362094,0.11728613,0.20891592
-6.6175733,-0.06943185,5.8705826,0.9126327,0.03176499,0.27488935
-9.14585,-0.12210429,6.009446,0.09040806,0.042760566,-0.2406809
-7.2089415,0.10295067,4.9081135,0.2565634,0.10995574,0.344528
-7.9367785,0.10534488,5.511452,-0.1001819,-0.05131268,-0.4569272
-7.9990277,-0.1340753,5.305551,-0.20158553,0.12950343,0.4373795
-7.821857,-2.2457612,6.1100025,0.3885103,-0.26145032,-0.49846604
-8.868123,-2.3870192,5.0876784,-0.20647246,0.13927728,-0.10873401
-7.833828,-1.3551182,4.6806645,-0.09040806,-0.1001819,-0.31642818
-9.617508,-1.982399,3.4117374,-1.5943583,0.056199603,0.3921755
-7.240066,-2.873042,5.6551046,-0.91507614,-0.12461651,0.22113322
-7.69257,-2.8682537,5.650316,0.6426302,-0.095294975,0.20647246
-7.216124,-1.4700398,5.875371,0.6243043,0.096516706,0.29932398
-8.255207,-2.183512,4.546589,-0.6951646,-0.29443705,-0.3555236
-8.183381,-1.5298948,4.9823337,0.080634214,0.43860126,0.26633725
-7.97748,-1.8962077,5.5282116,-0.19425514,-0.15760323,-0.14049901
-7.93199,-1.6448165,4.3885717,0.29932398,0.22479841,0.14660765
-8.121132,-1.5251064,5.647922,0.13927728,-0.32498032,-0.21502456
-8.154651,-1.2306197,4.3406878,-0.034208454,0.27977628,0.19547687
-7.9463553,-2.3080103,6.411672,0.13316862,-0.41172317,-0.14172074
-8.066066,-1.9297266,4.783615,0.44715336,0.24190263,0.2125811
-7.6710224,-1.8387469,5.5258174,-0.12705997,-0.36774087,-0.312763
-7.9343843,-1.1731589,5.422867,0.25534168,0.3640757,0.16126843
-8.791509,-0.24420857,3.3159695,-0.29932398,-0.09285152,-0.062308256
-7.5680714,-2.0015526,7.065289,0.065973446,-0.002443461,0.010995574
-8.137892,-0.40462008,4.2999864,0.44593164,0.22113322,0.07086037
-7.524976,-0.92895025,6.493075,0.49113566,-0.34208453,-0.2284636
-7.699753,-0.6584055,5.521029,0.68661255,0.19303341,-0.03176499
-8.39886,-0.94331545,5.044583,0.86742866,0.019547688,-0.12095132
-8.66701,1.0366893,5.068525,-0.061086524,0.0036651916,0.08552113
-7.8888946,1.5658079,4.0797195,-0.19425514,0.24678956,0.24923302
-8.590396,0.39743748,5.758055,0.12583824,-0.12950343,-0.2932153
-8.1163435,0.9983821,4.8961425,0.28588495,0.25045475,0.32375857
-8.346188,1.9369092,4.367024,0.4605924,-0.20769419,-0.27488935
-8.2169,1.0965444,4.2066126,-0.2602286,0.27122417,0.119729586
-8.554482,2.1188686,3.8498764,-0.0036651916,-0.17592919,-0.22235495
-8.506598,0.58897364,5.3462524,-0.04886922,0.22235495,0.17959438
-8.226477,2.6240451,2.7844565,0.040317107,-0.034208454,0.02076942
-8.6813755,0.8834604,5.559336,-0.039095376,-0.035430185,-0.10751228
-7.8793178,2.2146366,3.4835634,0.8686504,0.009773844,0.06352998
-8.92319,1.472434,4.5154643,-0.16982053,-0.07819075,-0.18570304
-8.286332,2.2218192,2.8491,0.05009095,0.09040806,0.103847094
-8.520964,1.7788919,4.3766007,0.35796702,-0.10751228,-0.17104226
-8.324639,2.3104045,3.952827,-0.06841691,0.11484267,0.103847094
-8.992621,1.2952632,4.5896845,0.312763,0.032986723,-0.089186326
-7.405266,2.4037786,3.1555579,0.07941248,-0.09407325,-0.065973446
-9.526528,2.4277205,3.8283286,0.15027285,-0.015882496,-0.09773844
-8.042124,1.2497733,3.8905778,0.52534413,-0.03176499,-0.25289822
-8.528147,1.8962077,4.501099,1.382999,-0.112399206,-0.17837265
-9.232041,3.7134068,3.074155,0.5363397,0.4373795,0.14049901
-7.762002,2.0039468,2.432509,0.012217305,0.36651915,-0.034208454
-8.508993,0.7110779,2.8323407,0.10262536,-0.3323107,-0.1001819
-9.337387,2.6791117,2.5234885,-1.3756685,-0.073303826,0.035430185
-8.319851,1.0199299,3.9719806,-0.49602258,0.13439035,0.09040806
-9.291897,2.6312277,4.381389,-0.43982297,0.052534413,0.2125811
-8.288726,4.134786,2.4181437,-1.0067059,-0.032986723,0.07696902
-9.464279,-0.21547815,4.4125137,-0.05009095,0.111177474,-0.12339478
-7.9607205,1.7836803,3.2800562,-0.8038987,0.08307768,0.14660765
-8.39886,2.0231004,4.4244847,0.4007276,-0.03176499,-0.2284636
-9.397242,1.2330139,3.1914709,0.61941737,-0.047647487,0.17348573
-7.441179,3.1866825,4.0773253,0.37995818,0.1001819,0.019547688
-9.710882,1.0223241,2.741361,1.7434094,0.33108896,0.10751228
-8.659827,3.9695864,1.4796166,0.8503244,0.33108896,0.42638394
-8.3390045,4.2066126,1.2138603,-0.05497787,0.15393804,0.081855945
-8.853758,3.8355112,1.3359646,0.14905111,0.007330383,0.014660766
-8.365341,3.5075054,0.23702596,-0.75136423,-0.042760566,-0.036651913
-8.717288,4.584896,1.9369092,0.26145032,-0.07941248,-0.09162979
-8.9998045,3.8163576,0.82121116,-0.52290064,-0.073303826,0.02321288
-8.161834,3.9097314,2.0326772,0.16982053,-0.06352998,-0.103847094
-9.097966,3.2034419,1.9967642,-0.11362094,-0.035430185,0.037873644
-7.501034,4.6519337,2.1260512,-0.27122417,-0.062308256,-0.056199603
-8.437167,3.691859,2.657564,-0.13194689,-0.27366763,-0.19547687
-8.808268,2.1452048,3.41892,-1.9840903,-0.2284636,-0.37995818
-8.987833,0.93373865,2.420538,-2.057394,-0.3567453,-0.3200934
-8.403648,-0.107739076,7.16824,-1.2315043,0.11484267,-0.0012217305
-8.487445,1.091756,3.5553896,0.6462954,-0.058643065,-0.04642576
-8.394072,-1.8890251,5.7748146,1.2241739,-0.047647487,-0.22113322
-8.793902,2.3654714,2.6312277,-1.5735888,-0.12705997,0.16493362
-7.5225816,1.2330139,5.4085016,0.6389651,-0.089186326,0.057421334
-9.832987,-4.3287168,1.7669208,-0.4642576,-0.013439035,-0.032986723
-8.408437,0.82360536,3.9360676,0.33475417,-0.08674286,-0.17715092
-8.061277,1.0845734,4.865018,-1.5601498,-0.34574974,-0.21991149
-8.540117,-2.9783869,5.66947,0.16249016,-0.04153884,0.516792
-7.905654,-0.6344634,6.1985884,0.9089675,0.20769419,-0.08674286
-8.279149,0.5267244,2.942474,0.54244834,-0.15027285,0.081855945
-8.101978,0.10055647,5.434838,-0.16126843,-0.032986723,-0.15760323
-8.47308,-0.7613561,4.697424,-0.35185838,0.015882496,0.16249016
-8.101978,-2.231396,5.645528,0.14782938,0.15027285,0.17470746
-8.844181,-1.1803415,5.094861,0.50823987,-0.0012217305,-0.20769419
-8.47308,-0.79248077,4.355053,0.18203785,0.12583824,0.33475417
-8.049306,0.22984336,4.829105,1.3952162,-0.14049901,-0.25900686
-8.078036,0.4165911,4.6232033,0.06719518,0.1881465,0.29932398
-8.010999,0.36152446,3.9432502,-0.3359759,-0.15515977,-0.24801129
-8.566454,0.02873042,4.795586,-0.039095376,0.062308256,0.2406809
-8.173804,-0.06943185,5.0637364,-0.16249016,-0.13439035,-0.15760323
-8.89446,-0.7661445,4.220978,-0.56077427,-0.043982297,0.12339478
-7.836222,-0.5363012,4.5920787,0.1966986,0.008552114,-0.19547687
-8.669404,0.37588966,5.133168,0.1600467,-0.1600467,0.21380283
-7.6351094,0.2705448,3.8115692,0.37995818,0.013439035,-0.065973446
-8.645462,-0.6679823,5.78918,-0.5705481,0.12095132,0.018325957
-7.7213006,-0.46208093,5.671864,-0.2443461,0.21013765,-0.040317107
-8.6574335,-0.32800564,4.4915223,-0.21135938,0.047647487,-0.105068825
-8.226477,1.4532804,3.7349546,0.3005457,0.13683382,0.080634214
-8.358158,-1.2425907,5.781997,-0.14660765,-0.013439035,0.010995574
-8.437167,1.5658079,3.6248214,0.19792034,-0.12461651,0.009773844
-8.6813755,-0.6847417,5.0613422,-0.039095376,0.073303826,-0.002443461
-8.686164,2.006341,3.5793316,-0.013439035,0.035430185,0.04642576
-8.99741,-1.1420342,4.489128,-0.12461651,0.02076942,0.07941248
-8.23366,0.5410896,3.643975,-0.46303585,-0.02076942,-0.059864793
-8.468291,0.009576807,4.5801077,-0.112399206,-0.014660766,0.02321288
-7.041347,-0.46447513,6.184223,0.2724459,-0.4288274,-0.7122689
-9.516952,-0.8451532,8.901642,2.3176227,-0.5900958,-0.17470746
-7.541735,1.5107412,4.3837833,-1.3695599,-0.29932398,1.219287
-6.7468605,3.6272156,3.892972,3.1337388,0.32375857,0.14049901
-8.176199,4.6375685,4.1252093,1.0580186,0.27488935,0.061086524
-7.9128366,4.8362875,2.8898015,1.0262536,0.26267207,0.018325957
-7.8027034,5.116409,0.7733272,-0.080634214,0.26511553,0.08552113
-7.5321584,5.482722,1.127669,0.3042109,-0.042760566,0.06841691
-8.298303,3.6535518,1.4556746,-0.3213151,0.17837265,-0.19792034
-7.6255326,4.711789,1.5945383,0.09040806,-0.04153884,-0.111177474
-8.274361,4.9224787,1.7357962,-0.25045475,0.007330383,-0.07574729
-7.45315,4.486734,3.5434184,-0.5290093,-0.087964594,-0.07452556
-8.250419,4.63278,2.2050598,0.42271876,-0.22235495,-0.18692477
-8.063671,5.3223104,1.7525556,-0.3213151,-0.02321288,-0.06719518
-8.556877,4.012682,2.7126305,0.49602258,0.04886922,-0.10995574
-8.827422,4.1132383,3.0550013,-0.19792034,-0.11728613,0.007330383
-8.643068,3.5482068,1.6232687,-0.21624629,0.10140363,0.010995574
-7.884106,5.130774,3.3973722,0.48258355,-0.1160644,-0.004886922
-8.717288,3.7181952,2.2098482,-0.70249504,0.014660766,-0.032986723
-8.02297,3.5410242,2.3582888,-0.6084218,0.18936823,0.017104227
-8.020576,4.4580035,2.8921957,-0.24556783,-0.27977628,-0.3494149
-8.63828,1.4269443,3.6487634,-0.70249504,-0.1966986,-0.44959682
-8.540117,2.5905263,5.109226,-0.58032197,-0.10629055,-0.0012217305
-8.37013,0.8379706,4.2281604,-0.55833083,0.0,0.20525073
-6.9144545,2.1978772,5.485116,-0.058643065,0.0012217305,0.036651913
-9.399636,0.90740246,5.1906295,-0.16126843,-0.029321533,0.047647487
-7.860164,2.0853498,4.2760444,-0.14660765,0.12095132,0.04520403
-8.7532015,1.127669,3.6990416,0.9639453,0.20525073,-0.28710666
-8.09719,2.7389667,3.6415808,0.14782938,0.24312437,0.23945917
-8.655039,1.6304513,3.5577838,-0.13805555,-0.2687807,-0.17715092
-7.967903,3.0789435,4.8698063,-0.12217305,0.2919936,0.27122417
-8.480263,1.5514427,4.429273,-0.06719518,-0.17592919,-0.047647487
-9.617508,2.0398598,4.0294414,-0.75625116,0.03176499,0.06352998
-7.7428484,1.7118542,3.550601,-0.16371189,-0.06841691,0.13072516
-7.627927,1.2090719,5.094861,0.17592919,-0.10629055,-0.28099802
-8.576031,1.7717092,4.309563,-0.19425514,0.10873401,0.15271631
-8.3868885,1.9201498,4.7309427,0.12339478,-0.23090707,-0.095294975
-8.066066,1.1492168,3.9600096,-0.056199603,0.035430185,-0.02687807
-8.090008,0.78290397,4.1539397,0.2773328,-0.039095376,-0.032986723
-7.929596,0.055066638,4.594473,-0.7611381,0.0,-0.20769419
-8.863335,2.4971523,5.7269306,-1.2119566,-0.37995818,-0.18448131
-8.360553,-0.33039984,5.4803276,-0.18203785,0.20891592,0.33841935
-9.112331,-1.2785037,4.6040497,0.81245077,0.35430184,0.13683382
-8.556877,-0.3854665,4.292804,-0.32742378,0.08674286,0.34697145
-8.961497,-2.336741,3.4117374,-2.8270843,-0.48624873,0.21380283
-7.8290396,-3.2154129,5.506664,-0.7330383,-0.09162979,0.54611355
-6.895301,-2.5713725,6.172252,-0.0720821,-0.3652974,-0.05375614
-8.070854,-2.360683,5.3678,-0.035430185,-0.1001819,-0.004886922
-7.457938,-2.2697031,5.7604494,-0.47158796,0.0,0.064751714
-7.6590514,-1.3958195,6.1770406,-0.18570304,-0.06352998,-0.10262536
-7.551312,-1.2497733,5.2887917,-0.24556783,-0.10995574,-0.1160644
-7.3885064,-0.830788,5.9902925,0.6817256,0.12705997,0.12950343
-7.788338,-1.2641385,5.973533,0.13683382,0.040317107,-0.06963864
-7.773973,-1.970428,5.470751,0.47525316,0.004886922,0.18936823
-7.5201874,-2.2744915,5.499481,0.28955013,0.030543262,-0.17348573
-7.750031,-0.80684596,7.103596,-0.14660765,0.07941248,0.032986723
-8.348581,-1.0079589,4.6495395,-0.3811799,-0.07086037,-0.059864793
-7.065289,-2.2409728,6.895301,0.10751228,0.08307768,0.04520403
-8.348581,-1.6639702,4.7189717,0.23579398,-0.061086524,-0.037873644
-7.503428,-0.7541735,6.88333,0.40561453,0.22968534,0.030543262
-7.642292,0.49081135,5.3701944,-0.516792,-0.16126843,-0.07574729
-7.776367,-1.508347,6.6893997,0.02321288,0.18081611,0.09040806
-6.8402343,-0.37588966,5.2145715,0.40439278,-0.043982297,-0.10140363
-7.5944076,-1.3192052,7.237672,1.2705997,0.059864793,-0.1001819
-8.35337,-0.5722142,5.41329,1.5076154,-0.04642576,-0.105068825
-8.027759,1.7764976,6.0860605,0.11362094,0.05009095,0.112399206
-7.2783732,0.8643068,5.3366756,-0.7696902,-0.073303826,0.0842994
-7.905654,1.9009962,5.580884,0.10262536,0.15027285,0.029321533
-7.4962454,2.0326772,3.7421372,-0.03176499,0.1600467,-0.12095132
-8.056489,0.61291564,6.1938,0.010995574,-0.1441642,0.0036651916
-7.7428484,0.6991069,5.815516,-0.002443461,0.028099801,-0.002443461
-7.565677,0.7589619,6.2249246,0.2443461,0.25167647,0.12461651
-7.6111674,1.1994951,3.5625722,0.059864793,-0.010995574,-0.16371189
-8.23366,0.4285621,6.5864487,0.057421334,0.1441642,-0.007330383
-7.3071036,1.7142484,4.201824,-0.30787608,-0.111177474,-0.10873401
-8.118738,0.9768343,6.2967505,-0.14905111,0.118507855,0.06352998
-7.2113357,0.82360536,4.72376,-0.1966986,-0.057421334,-0.1160644
-8.583213,-0.0047884034,4.4723687,-0.03176499,0.09162979,-0.047647487
-6.8785415,0.8571242,5.935226,1.2486086,0.119729586,-0.062308256
-8.166622,0.10534488,4.606444,0.4361578,0.09285152,0.014660766
-7.8793178,0.6991069,4.2161894,0.5119051,-0.08307768,-0.06841691
-8.161834,0.033518825,5.7604494,0.1881465,0.15271631,0.043982297
-7.445967,1.4413095,4.3502645,0.3359759,-0.0012217305,0.13561209
-8.7125,0.61770403,6.1530986,-0.21380283,-0.17837265,-0.09773844
-7.350199,2.3463178,3.3063924,-0.3726278,0.089186326,0.059864793
-8.693346,-0.7278373,5.9759274,-0.54367006,0.14049901,0.009773844
-8.415619,0.3878607,3.8139634,-0.61819565,-0.080634214,0.02321288
-8.75799,-0.8834604,5.4922986,0.2406809,0.21380283,0.034208454
-8.030152,0.29927522,3.7325604,-0.32375857,-0.032986723,0.039095376
-7.5968018,-0.6560113,6.2249246,0.1160644,0.061086524,0.007330383
-8.099585,-0.91697925,3.8163576,-0.040317107,0.13316862,-0.029321533
-8.343793,-1.0271125,5.080496,-0.30909783,0.015882496,-0.030543262
-8.755595,-0.7685388,3.775656,-0.1966986,0.10262536,-0.07696902
-8.523358,-1.3215994,4.4436383,-0.6389651,0.012217305,-0.002443461
-9.533711,-1.8148049,4.477157,0.2968805,0.47403142,0.09773844
-8.492233,-0.91937345,3.739743,0.44348818,0.058643065,-0.19181168
-8.3629465,-1.3910311,6.1866174,-0.081855945,-0.14782938,-0.07941248
-8.523358,-0.090979666,3.0382419,0.014660766,0.06352998,0.0036651916
-6.4380083,-1.472434,5.90889,0.32253686,-0.50335294,-0.32375857
-7.132327,-2.2505496,8.26239,0.89675015,-1.1142182,-0.9578367
-9.540894,-3.9504328,6.495469,2.0341814,0.043982297,0.46914452
-6.727707,4.321534,1.8650831,1.8668042,0.70249504,0.52412236
-6.670246,6.1890116,4.1922474,0.29077184,0.548557,-0.030543262
-7.93199,4.1252093,3.0334535,-0.087964594,0.18325958,0.08552113
-7.589619,5.1355624,3.6750996,0.28344148,-0.018325957,-0.081855945
-8.2169,3.0765493,2.5474305,-0.516792,-0.029321533,-0.17837265
-7.3909006,5.497087,3.9671922,-0.06963864,0.18448131,0.15760323
-7.7093296,4.1826706,1.6903064,0.46670106,0.02443461,-0.021991149
-8.149862,5.592855,2.2098482,-0.18203785,0.0061086523,0.035430185
-7.3430166,3.6774938,2.6527755,-0.56688297,-0.07819075,-0.2761111
-7.309498,5.1930237,4.345476,-0.8185594,-0.3200934,-0.4007276
-8.78672,2.2290018,5.12838,-0.42638394,-0.03176499,-0.22479841
-8.200141,2.4827871,4.0821137,0.3481932,0.33353242,0.13683382
-8.200141,2.420538,4.596867,0.35063666,-0.24190263,-0.2003638
-8.829816,2.8275523,4.6016555,-0.10262536,0.02076942,0.15393804
-6.967127,2.5498247,3.526659,-0.014660766,0.07452556,-0.056199603
-9.272743,1.8698715,3.9240966,-0.09040806,-0.07086037,-0.0842994
-7.290344,3.1842883,4.6016555,-0.5448918,-0.087964594,-0.103847094
-9.610326,0.2777274,4.378995,-0.22968534,-0.04886922,-0.081855945
-7.345411,2.4181437,4.7189717,-0.20158553,-0.10751228,-0.008552114
-7.503428,2.3223755,3.608062,0.07941248,0.267559,0.18936823
-8.159439,1.2761095,5.315128,-0.030543262,0.029321533,0.04886922
-8.372523,2.3822308,5.2049947,0.4972443,-0.17959438,-0.10751228
-8.070854,1.8626889,3.7181952,0.6218608,0.111177474,0.24556783
-7.347805,4.9057193,3.4332852,0.8588765,0.09407325,0.057421334
-8.968679,2.4468741,4.06296,0.26389378,-0.0061086523,0.028099801
-7.78355,4.175488,5.2121773,0.39706242,0.12339478,-0.1563815
-8.441956,3.193865,4.4963107,0.6731735,0.052534413,-0.06841691
-9.301474,5.363012,1.8626889,-0.008552114,-0.14905111,-0.19058995
-7.896077,2.1906946,2.1332338,-4.3346996,0.12461651,0.09773844
-9.165004,-2.858677,5.7389016,-1.9767599,-0.57910025,-0.8881981
-8.645462,0.48841715,4.209007,-0.23945917,0.22968534,0.61453044
-7.335834,0.45729253,5.422867,0.1966986,-0.119729586,0.37995818
-7.714118,-0.59615624,6.042965,0.79901177,-0.035430185,-0.030543262
-8.0684595,1.4460979,5.3462524,1.0665708,-0.03176499,-0.015882496
-7.9032598,2.15957,3.9121256,0.51068336,0.043982297,0.080634214
-8.121132,-0.48362875,5.722142,0.07941248,0.010995574,0.019547688
-7.860164,0.7517793,4.807557,0.4166101,-0.04153884,-0.030543262
-8.511387,0.7398083,5.875371,0.61208695,-0.058643065,-0.057421334
-7.5584946,2.3702598,4.175488,-0.087964594,0.017104227,0.062308256
-8.379706,0.33997664,5.7604494,0.13194689,0.12705997,-0.008552114
-8.161834,1.7525556,4.378995,0.36285394,-0.12095132,-0.080634214
-8.209718,0.78290397,5.1547165,-0.2565634,0.18203785,0.15882497
-7.8505874,2.030283,4.4436383,-0.14294247,-0.015882496,-0.018325957
-8.341399,1.4532804,4.6686935,-0.021991149,-0.008552114,-0.010995574
-8.719683,0.9935937,4.72376,0.25045475,-0.047647487,-0.105068825
-7.6470804,1.6543933,5.41329,0.8026769,0.28221974,-0.02443461
-8.192958,2.0973208,3.7062242,-0.06352998,0.02321288,-0.064751714
-8.537724,2.1787236,4.297592,0.16126843,0.15515977,0.02321288
-8.377312,2.6886885,2.5234885,-0.15882497,-0.052534413,0.002443461
-8.856153,0.50996494,5.0038815,-0.21013765,0.06963864,-0.02443461
-8.875306,2.1523874,3.071761,-0.3115413,0.089186326,0.06719518
-8.465898,0.92655605,5.085284,0.45814893,0.02443461,-0.119729586
-8.39886,2.2481554,2.8921957,0.29443705,0.14294247,0.12217305
-8.643068,1.1204864,4.9224787,0.0720821,-0.119729586,-0.15760323
-8.671799,2.0901382,3.5314474,0.34697145,0.08674286,0.032986723
-8.645462,1.9129672,3.6152446,-0.02076942,-0.05375614,-0.07452556
-8.78672,1.4748282,3.6296098,0.059864793,0.16737708,0.1160644
-8.918402,1.9440918,3.787627,0.111177474,-0.26511553,-0.23335053
-8.590396,1.8866309,3.6894648,-0.062308256,0.19914207,0.18081611
-8.767567,1.4700398,3.5793316,0.036651913,-0.19792034,-0.17959438
-8.528147,2.147599,3.6703112,-0.035430185,0.06841691,0.13072516
-8.722076,1.5921441,3.4452562,0.1563815,-0.13927728,-0.09162979
-8.961497,1.8818425,3.5003228,-0.0036651916,-0.02687807,0.08307768
-8.432379,1.8435353,4.1060557,0.0061086523,-0.02076942,0.037873644
-8.590396,1.9847932,3.2992098,-0.080634214,0.018325957,-0.061086524
-8.578424,1.1420342,4.177882,-0.2846632,0.1282817,0.16493362
-8.26239,2.8802247,2.5785553,0.059864793,-0.19181168,-0.0720821
-8.714894,1.1492168,4.891354,-0.2602286,0.2284636,0.12339478
-7.9631147,1.5107412,3.9959226,-0.47158796,-0.172264,-0.09896017
-8.571242,1.3934253,5.0038815,0.10629055,0.12217305,0.08674286
-8.267179,1.0366893,4.1180267,-0.45937067,-0.21380283,-0.043982297
-8.76996,1.70946,4.876989,0.15760323,0.14538592,0.087964594
-8.26239,1.541866,4.1371803,-0.29810223,-0.2125811,-0.09285152
-8.724471,1.7501614,4.000711,-0.039095376,0.119729586,0.007330383
-7.9032598,1.9393034,4.220978,-0.15149458,-0.17837265,-0.13194689
-8.506598,1.0055647,4.5058875,-0.12950343,0.18203785,0.09285152
-7.881712,2.9113493,3.0789435,-0.07086037,-0.28588495,-0.2284636
-9.337387,-0.5363012,5.5497594,0.16737708,0.032986723,-0.09773844
-8.62152,-0.0023942017,4.1299977,-0.74281216,-0.118507855,-0.07086037
-8.848969,0.47165772,4.7285485,-0.009773844,-0.12339478,-0.02565634
-7.029376,-0.19393034,5.17387,-0.53023106,-0.28221974,0.119729586
-8.149862,-1.0319009,6.0884547,-0.24923302,0.118507855,-0.09162979
-8.554482,-0.50278234,5.5856724,0.24923302,0.15882497,-0.010995574
-7.869741,-0.4309563,4.465186,-0.3811799,-0.15515977,-0.3213151
-7.872135,0.35194764,4.9895163,0.18203785,0.036651913,0.21135938
-8.267179,0.4405331,4.6471453,-0.47769663,-0.061086524,-0.002443461
-8.058883,0.62967503,4.6830587,-0.3042109,0.04153884,-0.04642576
-8.48984,-0.9744401,5.693412,-0.8979719,-0.05497787,0.1441642
-7.680599,-1.553837,5.2289367,-0.8588765,0.064751714,0.10995574
-8.298303,-0.7038953,5.5760956,-0.18325958,0.112399206,0.030543262
-8.12592,-0.92655605,4.2066126,-0.6951646,-0.105068825,0.07941248
-7.4387846,-2.2290018,6.0884547,0.07452556,0.04886922,0.018325957
-8.389283,-0.7278373,4.453215,0.17104226,-0.06352998,0.0036651916
-8.7125,-1.2330139,4.7189717,0.1685988,0.007330383,-0.07819075
-7.843405,-1.3311762,6.2967505,-0.002443461,-0.052534413,0.18203785
-8.154651,-1.4772224,4.793192,0.20525073,0.034208454,-0.02321288
-8.26239,-0.58418524,4.297592,-0.2125811,-0.062308256,-0.0842994
-8.552089,-1.6256629,4.5441947,0.32253686,0.42760566,0.3005457
-8.3821,-1.283292,5.803545,0.073303826,-0.32498032,-0.13316862
-8.2169,-0.32321724,4.1060557,0.37751472,0.267559,0.17592919
-8.274361,-0.94570965,6.1411276,0.061086524,-0.2883284,0.019547688
-6.7947445,-0.9983821,4.9105077,0.09162979,-0.058643065,0.064751714
-9.603143,-3.608062,11.894394,1.0201449,-1.3390167,-0.8222246
-5.9783216,4.817134,3.7373488,2.6035078,0.06352998,1.237613
-7.129933,1.5682021,3.3063924,-0.17715092,0.50579643,0.052534413
-7.369353,5.0517654,4.7046065,0.29443705,0.035430185,-0.31398472
-7.967903,3.2369606,5.3486466,-1.3927728,0.06719518,0.017104227
-7.57286,2.7030537,5.0541596,-0.34574974,-0.028099801,-0.204029
-8.212111,3.3303347,4.8698063,-0.23457226,-0.009773844,0.03176499
-6.1650696,2.789245,3.9600096,-0.19914207,0.007330383,-0.16982053
-9.188946,0.866701,5.5162406,0.12583824,0.09162979,-0.23701571
-7.103596,2.2577322,5.41329,-0.35796702,0.009773844,0.02443461
-8.468291,1.4556746,4.285621,0.47036624,0.002443461,-0.032986723
-6.5936313,3.6008794,4.6040497,0.3933972,0.13072516,0.080634214
-8.322245,2.1380222,4.951209,0.0,-0.065973446,-0.15149458
-7.7428484,3.1172507,4.4556093,-0.43860126,0.2443461,0.15393804
-7.991845,2.6024973,5.3965306,0.3371976,-0.18570304,-0.15271631
-8.1402855,2.7868507,4.5561657,-0.5681047,0.22113322,0.08307768
-8.078036,2.018312,5.281609,0.25534168,-0.2761111,-0.13194689
-8.497022,1.8411411,4.086902,0.22724187,0.034208454,0.034208454
-7.2065473,1.8076223,4.793192,-0.12095132,-0.13683382,-0.18081611
-8.813056,1.8818425,3.9480386,-0.24678956,0.002443461,0.06841691
-7.5704656,2.5953147,5.631162,0.15149458,-0.23579398,-0.10751228
-7.967903,2.5378537,4.3981485,-0.2284636,0.15271631,0.18570304
-7.9631147,1.8938135,4.9895163,0.23090707,-0.16737708,-0.07819075
-8.26239,2.2050598,4.367024,-0.07452556,-0.017104227,0.028099801
-7.4627266,2.0374656,4.10845,-0.1881465,-0.052534413,-0.13072516
-8.8777,2.8562827,4.560954,0.080634214,0.09896017,-0.15149458
-8.23366,3.7205894,4.0222588,-0.4166101,0.0842994,0.14905111
-8.949526,1.3455414,3.6487634,-1.3573426,-0.06719518,-0.13316862
-8.259995,1.7238252,3.9983168,0.52656585,-0.22968534,-0.09773844
-8.26239,1.6376339,4.345476,-0.42271876,0.032986723,-0.22724187
-8.815451,2.1021092,4.43885,-0.6805039,0.017104227,-0.002443461
-8.1881695,-0.5793968,4.6279917,-0.77457714,-0.4288274,-0.36651915
-9.56723,-0.7230489,5.185841,-0.8723156,0.15393804,-0.2687807
-8.1881695,2.0015526,4.1515455,1.0250319,-0.05131268,0.55955255
-8.145074,-0.59376204,4.88896,-0.45448375,0.037873644,0.065973446
-7.8027034,0.093373865,4.3526587,0.035430185,-0.11484267,0.008552114
-7.848193,-0.5793968,6.31351,-0.27488935,0.02321288,-0.010995574
-8.35337,0.0047884034,5.315128,0.44593164,0.06963864,0.118507855
-8.372523,-0.49081135,3.3638535,-0.5180137,0.0012217305,-0.040317107
-8.293514,-0.557849,3.5769374,-1.0543534,-0.021991149,0.105068825
-7.66384,-2.4995465,6.3063273,-0.08674286,-0.061086524,0.34697145
-7.6734166,-2.1763294,5.17387,0.65240407,0.032986723,0.013439035
-8.355764,-0.9768343,5.0996494,-0.04642576,0.028099801,-0.09162979
-8.568848,-1.1659763,3.9695864,-0.2284636,-0.02443461,0.09407325
-8.128315,-1.1899183,4.3742065,0.09040806,0.0720821,-0.014660766
-8.051701,-1.9752164,4.3382936,-0.06841691,-0.2003638,-0.22724187
-8.271967,-1.532289,5.535394,0.21502456,0.24312437,0.15393804
-7.7811556,-1.3144168,4.3861775,-0.4129449,-0.26633725,-0.29932398
-8.674192,-1.6400281,5.3582234,-0.095294975,0.27977628,0.19058995
-8.327033,-0.878672,3.3734303,-0.0036651916,-0.061086524,-0.172264
-8.109161,-1.9129672,6.4140663,0.21624629,0.061086524,-0.0012217305
-8.159439,-0.41180268,3.2130187,-0.065973446,0.03176499,0.12705997
-8.566454,-1.4341269,5.815516,0.0,-0.17837265,-0.15271631
-8.303091,-1.5777789,4.673482,0.4728097,0.35918877,0.20280726
-8.552089,-0.23702596,4.7884035,0.47036624,-0.24556783,-0.2883284
-7.5584946,-0.21547815,5.566519,0.7134906,0.16371189,0.042760566
-8.714894,-0.016759412,3.4620156,0.4801401,-0.095294975,-0.04153884
-7.750031,0.20829555,4.7189717,-0.17470746,-0.007330383,0.052534413
-8.425196,0.48602295,6.0477533,-0.039095376,0.007330383,-0.15393804
-7.953538,1.6807296,3.632004,-0.4642576,0.09285152,0.17715092
-8.918402,-0.23223756,6.0764837,0.07086037,-0.061086524,-0.3286455
-8.042124,1.1707647,3.8977604,-0.47769663,0.13683382,0.22968534
-9.054871,-0.6440403,4.2664676,-0.7171558,-0.15271631,-0.25411993
-7.8146744,1.3790601,3.9025488,-0.02687807,0.10751228,0.19792034
-8.535329,-0.9983821,6.05733,-0.019547688,-0.06841691,-0.105068825
-8.432379,0.019153614,3.620033,-0.44226643,0.13561209,0.28099802
-8.477868,-0.5770026,5.693412,0.41050145,-0.17959438,-0.25411993
-8.341399,0.93134445,3.821146,0.376293,0.13927728,0.33841935
-8.403648,-0.15562311,5.8921304,0.02565634,-0.25289822,-0.12950343
-7.5106106,1.115698,4.0773253,0.5717699,0.10751228,0.12583824
-8.698134,0.22266077,5.7867856,0.21746802,-0.05375614,-0.036651913
-7.9272017,2.0326772,3.3183637,-0.21991149,-0.13072516,-0.080634214
-9.045294,0.2825158,4.156334,-0.93462384,0.16249016,0.09040806
-8.468291,0.58897364,4.747702,0.14172074,-0.095294975,-0.22479841
-8.374918,0.49799395,4.5513773,-0.19181168,-0.009773844,-0.015882496
-8.027759,0.45489833,4.759673,-0.57787853,0.062308256,0.13316862
-8.686164,-0.49799395,4.3622355,-0.18692477,-0.19303341,-0.028099801
-8.09719,-0.1604115,5.0374002,0.17715092,0.04642576,-0.02565634
-8.674192,-0.48123455,5.0637364,-0.7012733,-0.13683382,0.018325957
-8.238448,-0.89064306,4.8698063,-0.43860126,0.16615535,0.17715092
-8.173804,-0.8810662,5.66947,-0.3567453,-0.19914207,-0.04642576
-7.81228,-0.5410896,5.070919,-0.6597345,0.13927728,0.1966986
-8.159439,-2.3056161,4.9344497,-0.6585127,-0.20280726,-0.013439035
-8.171411,-1.3838485,4.0174704,-0.21868975,0.0,-0.039095376
-8.099585,-1.733402,6.021417,-0.3042109,0.13194689,0.014660766
-7.9631147,-0.79726917,4.2880154,0.08552113,-0.119729586,-0.018325957
-8.1402855,-1.8363527,5.1355624,-0.13561209,0.13927728,0.09407325
-8.101978,-1.1683705,4.1683054,-0.535118,-0.1685988,-0.007330383
-8.087613,-2.0733786,5.0781016,-0.57543504,0.1563815,0.12705997
-7.4507556,-2.3080103,4.525041,-0.48991394,-0.20891592,0.008552114
-8.099585,-2.4037786,4.51307,-0.073303826,0.2321288,0.09162979
-8.121132,-2.5617957,4.9655743,0.042760566,-0.27000242,-0.09162979
-8.3150625,-1.8148049,3.9264908,0.6365216,0.27977628,0.13927728
-8.1163435,-2.2170308,4.8243165,-0.25534168,-0.24312437,-0.08552113
-8.26239,-2.348712,5.2768207,0.21746802,0.034208454,0.002443461
-8.374918,-1.4508862,3.478775,-0.23701571,0.0061086523,0.008552114
-8.678981,-2.719813,4.996699,0.010995574,-0.013439035,0.04642576
-8.192958,-2.2290018,3.4021606,-0.17837265,-0.02076942,0.05009095
-7.8769236,-2.80361,6.0142345,0.24801129,0.07819075,0.061086524
-8.042124,-2.44448,4.709395,0.40683624,-0.16126843,-0.12339478
-8.130709,-1.0247183,6.7971387,1.4391985,-0.79412484,-1.0506883
-8.444349,-2.4420857,8.039729,2.9394836,0.3213151,0.5363397
-6.83784,4.232949,4.0677485,1.5259414,0.6621779,0.52412236
-7.52737,3.6894648,3.3303347,-0.2406809,-0.10629055,-0.43982297
-7.66384,3.3446999,6.05733,-1.2803736,-0.037873644,-0.28344148
-7.117962,1.0055647,4.259285,-0.72082096,0.21991149,0.1282817
-8.856153,0.59855044,4.7405195,0.09407325,0.0012217305,-0.21746802
-7.129933,2.4636335,5.8562174,-0.23457226,0.25534168,0.16493362
-8.465898,0.6799533,4.8027687,0.14538592,0.02321288,-0.02687807
-7.7787614,2.291251,4.9655743,0.56321776,-0.058643065,0.059864793
-8.121132,2.0757728,4.5058875,0.37507126,0.07941248,0.07574729
-8.267179,1.6711528,4.5920787,-0.61453044,0.02443461,-0.05131268
-8.159439,1.7262194,4.7740383,0.3213151,-0.02565634,-0.065973446
-8.101978,1.3910311,4.9943047,0.030543262,0.18448131,0.009773844
-8.288726,1.508347,4.465186,-0.1600467,-0.21624629,-0.118507855
-8.324639,1.3215994,4.1491513,0.13683382,0.2968805,0.2284636
-7.261614,1.9321208,4.711789,-0.16737708,0.008552114,-0.17592919
-8.856153,1.1228806,5.0876784,-0.056199603,0.007330383,-0.15271631
-7.551312,1.661576,5.1379566,0.10140363,0.02321288,0.029321533
-8.135497,1.3982137,5.0397944,0.5510005,0.03176499,-0.004886922
-8.056489,2.1308396,4.7668557,0.09040806,0.12950343,0.08307768
-9.124303,1.328782,3.1651347,-0.02565634,0.09162979,-0.06352998
-7.2448545,1.3359646,5.731719,0.48502702,0.0842994,0.080634214
-8.566454,1.3000516,4.187459,-0.2125811,-0.064751714,-0.037873644
-6.945579,2.3535004,4.805163,0.2003638,0.017104227,0.07086037
-9.260772,0.6536171,3.8067808,0.44837508,0.004886922,-0.11484267
-8.00621,2.183512,4.8722005,-0.6585127,-0.06719518,-0.028099801
-8.130709,1.3503298,5.0038815,-0.052534413,0.019547688,-0.17715092
-8.001422,1.4939818,4.2521024,-0.118507855,0.103847094,0.19181168
-7.6351094,1.9752164,4.144363,0.103847094,-0.06841691,-0.12095132
-8.863335,0.89543146,3.6631286,-0.1563815,0.04886922,-0.0012217305
-8.236053,1.4197617,4.8626237,-0.23579398,-0.14294247,-0.059864793
-8.061277,0.62967503,3.8283286,-1.3390167,-0.047647487,-0.25045475
-7.747637,0.6464345,5.5282116,0.95294976,-0.07452556,0.1282817
-8.947132,1.2737153,4.4580035,-0.24801129,0.09773844,0.07452556
-7.4124484,1.8818425,3.4979286,0.118507855,0.10140363,-0.057421334
-8.02297,1.3072342,5.1810527,0.09285152,0.1563815,-0.16615535
-7.8290396,0.7757214,4.9799395,-0.86376345,0.105068825,0.17348573
-8.082825,-0.2825158,4.220978,0.058643065,-0.056199603,-0.029321533
-8.942344,0.60333884,4.7788267,-0.10140363,0.089186326,0.07452556
-7.8505874,1.532289,5.3007627,-0.14782938,-0.15515977,-0.058643065
-9.078813,0.45729253,3.5984852,-0.21991149,-0.004886922,0.012217305
-7.501034,1.4077905,5.5976434,0.24923302,-0.19792034,-0.042760566
-8.63828,1.2138603,4.5633483,-0.2919936,0.07574729,0.118507855
-7.955932,-0.18674773,5.717354,0.1441642,-0.19058995,-0.13072516
-8.549694,3.0478187,4.927267,1.3487904,-0.02076942,0.04520403
-8.678981,0.18435353,4.0916905,-0.81122905,0.20769419,-0.08552113
-8.281544,0.7206547,4.51307,-0.6072,-0.008552114,-0.08307768
-8.152257,0.7086837,3.6942532,-0.82344633,-0.073303826,0.02687807
-7.845799,0.2825158,5.183447,0.50579643,-0.002443461,-0.11484267
-8.779537,0.8355764,5.3845596,0.35918877,0.004886922,0.10629055
-7.979874,0.5626374,5.020641,-0.33841935,-0.030543262,0.095294975
-8.987833,-0.30406362,4.486734,-0.47158796,-0.06963864,-0.09285152
-7.431602,1.2665327,5.068525,0.59864795,-0.007330383,0.10140363
-8.485051,0.7637503,4.697424,0.5925393,0.08307768,-0.030543262
-7.2783732,1.1707647,4.915296,0.095294975,0.12461651,0.28955013
-8.791509,-1.4173675,4.7381253,-0.25289822,0.010995574,-0.24923302
-7.577648,1.5107412,5.3079453,0.593761,0.17348573,0.0061086523
-8.451532,0.78290397,4.663905,0.06963864,0.081855945,0.029321533
-8.4108305,0.2705448,4.292804,-0.43127087,0.09773844,0.1160644
-8.281544,-0.59136784,4.132392,-0.16249016,-0.20525073,-0.23090707
-8.334216,2.0566192,3.383007,-1.0995574,-0.06841691,-0.105068825
-8.3868885,-0.4213795,5.1666875,-0.82344633,0.06352998,0.0720821
-8.839393,-2.5019407,5.6790466,-1.3377949,0.06719518,0.33841935
-7.632715,-1.4293385,4.501099,0.55833083,-0.17715092,0.030543262
-7.6853876,-0.9983821,5.8226986,0.8197812,0.02443461,0.017104227
-8.367735,-0.8882488,4.6806645,-0.24312437,0.095294975,0.26633725
-7.455544,0.08140286,3.6655228,-0.3726278,-0.10629055,-0.09285152
-8.585608,-1.1563994,5.2959743,-0.059864793,0.21380283,0.2773328
-8.537724,-0.22744916,4.237737,-0.080634214,-0.14660765,-0.24556783
-7.620744,-0.088585466,4.4244847,0.26267207,0.15760323,0.26511553
-9.009381,-1.910573,6.363788,0.32986724,-0.12461651,-0.20769419
-7.7548194,0.2753332,4.3263226,0.43004912,0.07819075,0.14049901
-8.5473,-0.60812724,5.1140146,0.33841935,0.1160644,-0.04642576
-8.283937,-0.8595184,5.056554,0.17837265,-0.06841691,-0.02321288
-8.281544,-0.19393034,4.453215,0.34697145,-0.07574729,-0.13805555
-8.59279,-0.2825158,5.1690817,-0.043982297,0.081855945,-0.019547688
-7.884106,0.40701428,4.2066126,0.10629055,0.014660766,-0.040317107
-9.739613,-0.47884035,5.056554,0.119729586,0.15149458,0.058643065
-7.702147,1.0247183,3.8881836,-0.1563815,-0.16371189,-0.096516706
-9.097966,-0.18914193,5.2840033,0.10140363,0.27122417,0.22113322
-8.516175,0.45250413,4.0342298,0.065973446,-0.118507855,-0.1563815
-8.839393,0.16998832,4.656722,-0.5216789,0.04886922,0.13439035
-7.941567,0.36870706,4.0533834,0.25045475,-0.16371189,-0.22968534
-8.781932,0.90021986,4.3957543,-0.17592919,0.27977628,0.2321288
-8.884883,-0.4237737,4.697424,0.25900686,-0.20769419,-0.19181168
-8.42759,0.3854665,4.795586,-0.056199603,0.017104227,0.16126843
-8.717288,0.36631286,4.367024,0.22602014,0.13316862,0.17715092
-7.967903,0.007182605,4.3023806,-0.41172317,0.05131268,-0.14660765
-8.884883,-0.011971008,4.9057193,-0.30176744,0.004886922,0.087964594
-8.425196,0.28491,4.9703627,0.3005457,-0.20647246,-0.28710666
-8.183381,0.5243302,3.8618474,0.15515977,0.18203785,0.23457226
-9.045294,-0.39983168,5.544971,0.17470746,0.02321288,0.08307768
-8.1642275,1.1252748,4.2664676,-0.6389651,-0.2125811,-0.105068825
-8.599973,0.770933,4.7261543,-0.17837265,0.11484267,0.059864793
-8.027759,0.25378537,4.355053,-0.065973446,-0.12583824,-0.16982053
-8.568848,0.11731588,4.8698063,0.5155703,0.17959438,0.16982053
-8.722076,0.2681506,4.6782703,0.13439035,-0.19058995,-0.16249016
-8.3390045,0.35913026,4.685453,0.087964594,0.15027285,0.19058995
-8.391677,0.15322891,4.211401,0.13561209,-0.0842994,-0.27122417
-8.396465,0.023942016,4.9105077,0.27488935,0.19181168,0.118507855
-8.834604,-0.320823,4.4340615,0.1160644,-0.02565634,-0.05131268
-8.791509,0.91458505,4.63278,0.19303341,-0.06352998,-0.07696902
-8.499416,0.51714754,4.55856,-0.13805555,0.12095132,0.052534413
-7.93199,0.44532153,4.900931,0.10140363,-0.19425514,-0.16737708
-8.525752,1.1731589,4.185065,0.12461651,0.04520403,0.0
-9.085996,0.17717093,4.663905,0.33475417,0.008552114,-0.004886922
-8.228871,0.8499416,3.8642416,0.9077458,0.02565634,-0.07941248
-9.066842,1.5705963,4.486734,0.66828656,0.004886922,-0.12705997
-8.300697,2.731784,2.56419,0.38728857,0.22357668,-0.02321288
-8.860941,2.0159178,2.8443117,0.5180137,-0.118507855,-0.18448131
-9.3182335,1.7286136,2.930503,-0.25900686,0.18081611,0.058643065
-8.820239,0.8714894,3.857059,-1.8460348,-0.23701571,-0.17837265
-9.404425,1.0773908,5.1666875,-0.9334021,-0.30176744,0.17348573
-8.197746,0.51235914,3.9001546,-0.71837753,-0.014660766,0.10751228
-8.494628,2.2840683,3.5984852,0.93584555,-0.096516706,-0.014660766
-8.911219,1.1683705,4.074931,0.09040806,0.1966986,0.19425514
-8.616732,1.1540052,4.050989,0.034208454,-0.103847094,-0.0012217305
-8.403648,0.9935937,4.3526587,-0.5338962,-0.07452556,0.013439035
-8.166622,1.3503298,3.9863458,-0.111177474,-0.073303826,-0.21013765
-8.724471,1.2425907,4.086902,0.37873647,0.058643065,-0.002443461
-8.616732,1.553837,3.2609026,0.2846632,0.061086524,0.09773844
-8.827422,1.8770541,3.8857894,-0.07696902,0.07452556,0.064751714
-8.027759,1.0582372,3.775656,0.12705997,-0.1160644,-0.118507855
-9.004593,0.02633622,4.537012,-0.95539325,-0.12217305,-0.15882497
-9.009381,-0.320823,4.3526587,-0.6805039,-0.13927728,0.056199603
-8.51857,-2.066196,3.9935284,-0.49357912,0.103847094,-0.12950343
-8.655039,-1.0845734,4.6926355,0.7305948,0.034208454,0.16982053
-8.418014,0.01436521,5.068525,1.391551,-0.007330383,-0.010995574
-8.408437,0.25139117,4.0342298,0.59864795,0.057421334,0.04886922
-8.848969,0.7685388,3.9360676,-0.28221974,0.018325957,0.0
-8.707711,1.2210429,3.2632968,-0.32986724,0.12339478,-0.061086524
-8.571242,-0.107739076,4.8722005,-0.19303341,0.009773844,-0.004886922
-9.093178,0.59136784,3.7565024,-0.21380283,0.11362094,0.16126843
-8.801085,0.48123455,3.9839516,-0.06352998,0.10751228,0.10751228
-8.822633,-0.19871874,4.7860093,-0.5375614,-0.07574729,-0.04642576
-8.628703,2.4109612,2.4061728,-0.1966986,0.16371189,0.28588495
-9.033323,-0.2633622,3.9983168,-0.5693264,0.10140363,0.28099802
-8.851364,0.32800564,4.0557775,-0.22968534,0.204029,0.22235495
-9.062054,1.1587936,3.2824504,-0.24556783,0.25045475,0.18325958
-8.463503,-0.6847417,3.6822822,-0.88086766,0.13194689,-0.10262536
-8.700529,1.043872,2.2361844,-0.53023106,0.06352998,-0.09896017
-9.49301,-0.7182605,3.596091,0.21013765,-0.081855945,-0.09896017
-9.057265,-0.076614454,2.7964275,-0.09162979,0.012217305,0.064751714
-9.210494,-0.7302315,3.98874,-0.043982297,0.07574729,0.06963864
-9.14585,-0.35434186,2.695871,-0.05131268,-0.08552113,-0.12461651
-9.248801,-0.2705448,2.954445,0.103847094,0.04886922,0.056199603
-9.267955,1.151611,1.541866,-0.04642576,0.039095376,-0.06352998
-9.258378,-1.1109096,3.8498764,-0.10751228,-0.20891592,-0.04520403
-9.203311,-0.6560113,2.7102363,0.2919936,0.2602286,0.1001819
-9.200917,0.50996494,2.3415294,-0.17470746,-0.16126843,-0.1160644
-9.241618,-0.8451532,3.5697548,0.118507855,0.1160644,0.10751228
-9.3661175,-0.6895301,1.99437,-0.09896017,-0.0036651916,-0.09040806
-9.356541,-1.283292,3.490746,0.06719518,-0.1160644,-0.02565634
-9.332599,0.023942016,2.0087352,0.2406809,0.21746802,0.013439035
-9.165004,-0.4381389,3.3901896,0.02687807,-0.19792034,-0.02565634
-9.349358,0.08619126,3.0238767,0.30909783,0.09407325,-0.037873644
-9.138668,0.1340753,3.13401,-0.18203785,0.02443461,0.04886922
-9.478644,-0.4381389,1.316811,0.0720821,-0.040317107,-0.043982297
-9.109938,-0.4189853,3.4237084,0.18325958,0.015882496,0.11362094
-9.313444,-0.10055647,2.540248,0.39584067,0.03176499,-0.043982297
-8.995016,0.7637503,4.0078936,0.34208453,0.0061086523,0.028099801
-9.370906,0.45250413,2.0135236,-0.04153884,-0.036651913,-0.040317107
-9.119514,-0.5315128,2.9735985,-0.02565634,-0.17470746,0.0061086523
-9.296685,0.81881696,2.1045034,0.19547687,0.24801129,0.05131268
-9.270349,1.0893618,1.340753,-0.21746802,-0.0061086523,0.058643065
-9.033323,0.34237084,3.6152446,-0.07086037,0.02321288,-0.030543262
-9.28232,0.4405331,1.1923125,-0.081855945,-0.059864793,0.037873644
-8.690952,0.21308395,4.283227,0.6084218,-0.20891592,-0.13927728
-4.8602295,-1.9871874,5.896919,0.057421334,-1.6811012,-0.58276546
-8.9758625,-1.055843,6.5840545,2.4959953,-0.9407325,-0.5021312
-8.444349,3.560178,5.255273,1.1325442,0.3640757,-0.16982053
-7.6255326,3.8019924,2.7246015,0.6560693,0.25534168,0.13439035
-7.5584946,3.8283286,5.837064,-0.46670106,-0.017104227,0.09896017
-7.565677,3.7086184,5.925649,-1.0555751,0.16249016,0.14660765
-7.2424603,0.4405331,4.2401314,-1.3365731,0.09162979,0.14905111
-6.4787097,2.6767175,4.759673,0.33964106,0.11728613,-0.13683382
-10.275913,-0.021547815,4.927267,-0.3115413,-0.036651913,0.017104227
-6.1746464,1.7836803,4.867412,-0.63407815,0.0,-0.0061086523
-10.232818,1.1252748,4.733337,-0.47158796,-0.14172074,-0.04153884
-6.2225304,0.9911995,5.305551,0.4569272,0.012217305,0.03176499
-7.2209125,1.9991584,5.185841,-0.37751472,0.07452556,-0.12705997
-8.157045,2.6408045,5.317522,0.35063666,-0.043982297,0.04153884
-6.9383965,3.0573955,6.6510925,0.26267207,-0.17592919,-0.03176499
-7.091625,2.2984335,4.3861775,0.04153884,0.15149458,0.04886922
-7.2304893,3.5362358,5.023035,0.85154617,-0.081855945,-0.17837265
-8.805874,2.1978772,4.6902413,-1.1313224,0.061086524,-0.04153884
-6.5481415,0.48841715,5.5641246,-0.2846632,-0.2003638,-0.10140363
-8.228871,2.8658595,6.1411276,0.33964106,-0.04520403,0.12461651
-6.907272,0.94331545,6.55293,-0.84299403,-0.12339478,-0.08307768
-8.413225,2.054225,4.55856,0.72204274,-0.14172074,0.13072516
-5.865794,2.1930888,5.351041,0.31520647,0.095294975,-0.032986723
-9.124303,0.38307226,4.6112323,-0.82711154,0.081855945,0.021991149
-6.564901,2.681506,5.427655,0.48502702,-0.08307768,-0.13194689
-8.1163435,2.054225,5.058948,0.49968776,0.037873644,-0.010995574
-7.1275387,1.8794483,5.2289367,-0.6072,0.04520403,-0.06719518
-7.4507556,2.9352913,4.9895163,0.52290064,0.089186326,0.059864793
-7.1873937,3.157952,5.6790466,0.6597345,-0.058643065,0.23335053
-6.3589997,1.328782,5.9424086,-0.0842994,-0.057421334,-0.05497787
-8.14268,1.2425907,5.2026005,-0.38362336,0.1600467,0.30909783
-7.6853876,1.7860745,6.5696893,-0.47036624,-0.02443461,0.103847094
-6.9982514,2.3223755,4.8841715,-0.32375857,0.07574729,-0.17592919
-8.307879,0.533907,5.0374002,-0.5546656,-0.073303826,0.0
-6.634333,2.6982653,5.674258,0.7012733,-0.0036651916,-0.07941248
-8.418014,1.328782,5.0876784,-0.12705997,0.004886922,-0.119729586
-6.2991447,2.6527755,5.0637364,-0.40561453,0.08674286,-0.09040806
-8.561666,0.36870706,5.6646814,0.47769663,0.057421334,0.07086037
-6.131551,1.9895816,5.497087,0.3359759,-0.02076942,-0.0036651916
-7.965509,1.8171991,4.2066126,-0.18570304,-0.118507855,-0.087964594
-7.800309,1.6519991,5.2241483,-0.6072,0.05131268,-0.057421334
-7.216124,2.1188686,6.4787097,1.1459832,-0.105068825,-0.13072516
-7.824251,1.6065093,5.6646814,-0.48991394,0.28588495,0.23579398
-7.3789296,2.9616275,4.6926355,1.2889256,0.040317107,0.058643065
-8.24563,3.4476504,5.3941364,-0.27122417,0.22968534,0.1966986
-7.5561004,2.2266076,3.8738184,-1.2412782,-0.10140363,0.021991149
-8.963891,1.8363527,5.195418,0.7733554,0.013439035,-0.2761111
-6.303933,4.1252093,4.7620673,0.6609562,0.16126843,0.204029
-8.9519205,1.7525556,4.4220905,-1.0494665,-0.08552113,-0.23335053
-7.326257,2.822764,4.618415,-0.013439035,0.22724187,0.17715092
-8.635885,3.122039,4.594473,0.86742866,-0.27488935,-0.22113322
-7.9942393,2.2744915,4.4484267,-0.02687807,0.12950343,0.04520403
-7.833828,3.691859,4.0773253,1.3096951,0.029321533,-0.039095376
-7.48188,4.1132383,3.751714,0.71959925,0.05131268,0.05375614
-9.382876,2.2577322,3.9121256,-0.6047566,-0.13316862,-0.17715092
-7.5848308,4.2281604,3.6942532,0.49113566,0.26145032,0.24678956
-7.884106,4.220978,4.2305546,0.073303826,-0.29565877,0.052534413
-8.058883,4.072537,3.205836,-0.059864793,0.22602014,0.073303826
-7.2113357,3.98874,3.608062,0.48991394,-0.0061086523,-0.02076942
-9.234436,2.516306,4.3598413,-0.17715092,-0.04153884,0.012217305
-6.7684083,4.548983,2.8395233,-0.45814893,-0.032986723,-0.14660765
-7.953538,4.1706996,3.9480386,-1.6029104,-0.11484267,-0.23335053
-8.195353,1.8076223,4.9919105,-0.010995574,-0.45204028,-0.09896017
-8.437167,1.1180922,4.7740383,-1.4184291,0.22724187,0.30909783
-6.885724,-0.12210429,5.6670756,-0.7281514,-0.25045475,0.058643065
-7.03177,1.0726024,5.0757074,0.09162979,0.20280726,-0.0036651916
-8.4347725,-0.4141969,6.7947445,-0.21135938,-0.039095376,0.014660766
-7.2352777,1.3144168,4.88896,0.35185838,0.15760323,-0.029321533
-7.9272017,-1.0941502,6.277597,-0.111177474,-0.095294975,-0.3408628
-9.179369,0.50278234,5.571307,-1.2889256,0.20280726,-0.042760566
-6.885724,1.3383588,5.9783216,0.48747048,0.05009095,0.25289822
-8.264784,0.33997664,4.158728,0.21624629,0.073303826,0.096516706
-7.7811556,1.2210429,5.8083334,1.0213667,-0.04886922,-0.061086524
-8.42759,0.34715924,5.140351,-0.13316862,0.0,-0.11362094
-7.9367785,2.0039468,4.987122,0.021991149,0.07086037,0.09285152
-7.6853876,0.4237737,5.365406,0.5363397,0.06963864,0.095294975
-8.762778,0.6943185,3.6367924,0.86009824,0.16982053,0.056199603
-8.336611,1.4915876,5.494693,-0.6389651,0.056199603,0.1001819
-9.440337,1.30484,4.177882,0.15027285,0.06352998,0.29077184
-7.7093296,1.2306197,4.8243165,-0.30787608,-0.057421334,0.05131268
-8.3629465,0.59136784,5.5880666,0.7415904,0.002443461,0.05497787
-8.281544,1.3982137,4.378995,0.68539083,0.073303826,0.16493362
-7.9990277,1.5849615,3.7325604,-0.23090707,0.09896017,0.2125811
-8.485051,3.0382419,3.4476504,0.34697145,-0.06719518,-0.04642576
-8.540117,1.6831238,4.608838,-0.064751714,0.22113322,0.32375857
-7.881712,1.9440918,4.915296,0.43004912,-0.22968534,-0.1001819
-7.979874,2.3056161,3.9839516,-0.20891592,0.20280726,0.06841691
-8.561666,0.60094464,5.2600613,-0.344528,0.073303826,-0.056199603
-8.286332,2.1428106,2.873042,-0.84421575,0.09285152,0.08674286
-8.523358,1.4293385,4.807557,-0.13805555,0.18325958,0.095294975
-8.166622,1.1085154,4.1371803,-0.29443705,0.30909783,0.008552114
-8.508993,1.5227122,3.8379054,-0.06719518,0.18936823,-0.17104226
-13.053187,1.271321,4.795586,-0.034208454,-0.07941248,-0.04520403
-9.25359,0.31603462,4.06296,0.593761,-0.030543262,-0.13072516
-9.105149,1.0989386,3.6942532,-0.07452556,0.030543262,0.05497787
-9.212888,0.49799395,4.465186,-0.007330383,-0.16371189,0.06963864
-9.112331,-0.009576807,4.3502645,0.73548174,-0.24190263,-0.19792034
-8.355764,1.6424223,3.4931402,0.017104227,0.06963864,0.07086037
-9.267955,0.59376204,3.892972,-0.40439278,-0.002443461,0.17592919
-8.154651,1.6783354,3.5936968,0.5681047,-0.26389378,-0.16737708
-8.470686,1.0295067,4.2521024,0.68539083,0.007330383,0.11484267
-9.3182335,2.0015526,4.0198646,-0.03176499,-0.05375614,0.010995574
-8.154651,2.896984,3.550601,-0.05497787,0.17715092,0.344528
-8.552089,2.6527755,3.0310593,0.44837508,-0.13927728,-0.14172074
-8.623915,2.743755,3.2561142,-0.37873647,0.09407325,0.19914207
-8.034941,4.4101195,1.3503298,0.087964594,0.07086037,0.010995574
-8.89446,2.944868,3.3087866,0.112399206,0.13927728,0.10629055
-8.42759,2.5570073,2.918532,0.2125811,-0.13072516,0.04520403
-8.238448,2.741361,3.1483753,-0.16615535,-0.017104227,-0.0036651916
-8.856153,2.5498247,3.8498764,0.24190263,0.08307768,-0.002443461
-8.516175,2.825158,3.1364043,-0.11484267,0.06963864,0.017104227
-8.453926,2.9017725,2.3798366,-0.012217305,0.034208454,-0.05497787
-8.508993,2.7365725,3.1028855,0.018325957,-0.030543262,-0.05131268
-8.851364,2.621651,3.2034419,0.14538592,-0.04886922,-0.04153884
-8.540117,3.1028855,2.3798366,-0.13194689,0.064751714,0.02565634
-8.834604,2.6910827,3.311181,0.017104227,-0.10629055,-0.08674286
-8.508993,2.1332338,2.9041667,0.087964594,0.065973446,0.062308256
-8.722076,3.0573955,2.4612393,-0.0061086523,-0.061086524,-0.009773844
-8.556877,3.5170822,2.4349031,0.13927728,-0.18448131,-0.10629055
-8.939949,2.741361,3.1387985,-0.29443705,0.2968805,0.16737708
-8.578424,3.3494883,2.2505496,-0.039095376,-0.058643065,0.030543262
-8.461109,3.2944214,3.394978,0.089186326,0.16615535,0.118507855
-8.475474,2.7102363,3.0142999,-0.037873644,-0.073303826,-0.058643065
-8.664616,3.1316159,3.3063924,-0.172264,0.20525073,0.096516706
-8.4826565,2.4109612,3.9121256,0.1441642,-0.27366763,-0.103847094
-7.9583263,3.7181952,1.8698715,0.1001819,0.05375614,-0.02321288
-8.8777,2.6408045,2.932897,-0.24923302,0.20525073,0.096516706
-8.880095,2.195483,3.8738184,0.2406809,-0.1881465,-0.0842994
-8.003817,3.2225955,2.753332,0.14294247,-0.081855945,-0.065973446
-8.674192,3.371036,2.3750482,-0.0720821,0.12583824,0.05009095
-8.420407,2.2864625,2.942474,0.035430185,-0.17592919,-0.1001819
-8.968679,2.681506,3.4979286,0.49480084,0.065973446,0.014660766
-8.451532,2.3989902,3.9384618,0.657291,-0.096516706,-0.047647487
-9.102755,2.566584,3.8738184,0.015882496,-0.14538592,-0.06841691
-7.8529816,3.4117374,2.6719291,0.24190263,-0.042760566,-0.087964594
-8.571242,2.5450363,3.5218706,0.019547688,0.021991149,-0.029321533
-9.244013,1.6831238,3.751714,0.29077184,0.058643065,-0.059864793
-8.7771435,2.7629087,2.171541,-0.15760323,0.13072516,0.062308256
-8.439561,3.2465374,3.071761,-0.47647488,0.030543262,-0.013439035
-8.765172,2.741361,2.6144683,0.19425514,-0.12461651,-0.18448131
-8.552089,3.3039982,2.7509377,0.36774087,0.21624629,0.18203785
-8.494628,3.2968156,1.757344,0.05009095,-0.05131268,-0.065973446
-10.362105,1.6232687,2.6862943,-0.13194689,-0.12950343,0.05497787
-7.8625584,2.681506,2.2505496,-0.5290093,0.09896017,0.037873644
-8.925584,3.9264908,2.5809495,0.23579398,-0.15149458,-0.13683382
-7.8266454,3.7588966,1.922544,-0.4007276,0.14660765,0.312763
-9.615114,3.4165258,2.147599,0.22968534,-0.21991149,-0.31642818
-7.5561004,4.6136265,2.7485435,-0.10995574,0.06719518,0.3408628
-9.153033,3.0358477,3.6032736,0.18325958,-0.06352998,-0.25289822
-7.97748,2.60968,2.80361,0.2321288,0.1160644,-0.037873644
-9.485827,1.376666,2.0015526,0.13927728,0.12217305,-0.13805555
-8.24563,3.1052797,2.9712043,0.25167647,0.03176499,-0.18692477
-9.416395,1.7310078,2.837129,-0.38362336,-0.0036651916,0.052534413
-8.003817,2.7700913,2.3702598,-0.9419542,0.03176499,-0.007330383
-9.739613,2.3463178,2.9161377,0.16737708,-0.05131268,0.0
-8.461109,2.336741,3.5051112,-0.6976081,-0.2003638,0.081855945
-8.556877,1.8483237,2.9975405,0.26389378,-0.12461651,-0.14294247
-8.422802,2.8060043,3.490746,-0.5681047,-0.11728613,0.21624629
-8.585608,1.8794483,4.1491513,-0.35063666,-0.05375614,0.08674286
-8.544906,2.5091233,3.0238767,-0.12217305,0.02565634,0.07086037
-7.9942393,2.2385786,4.948815,0.5681047,-0.02687807,-0.0012217305
-8.961497,1.9057846,2.908955,-0.27000242,0.10262536,0.14294247
-8.327033,2.0518308,4.43885,-0.057421334,-0.12339478,-0.19425514
-8.516175,1.5634137,3.5865142,0.24190263,0.20525073,0.17837265
-7.9870567,1.6903064,3.6583402,-0.19181168,0.007330383,-0.1282817
-9.325416,1.8483237,3.1148565,0.32986724,-0.012217305,0.23335053
-7.7189064,2.1188686,3.4117374,0.31031954,-0.17348573,-0.172264
-8.544906,1.8674773,4.134786,-0.20891592,0.05375614,-0.02565634
-8.865729,1.2665327,4.285621,-0.6743952,-0.12705997,-0.15271631
-8.312668,0.6512229,5.1355624,-0.27488935,-0.25778514,-0.042760566
-8.899248,1.946486,5.1666875,-0.8686504,-0.10995574,0.06719518
-7.941567,-0.49320555,5.5138464,0.2443461,0.15882497,0.1282817
-6.8426285,2.5330653,4.5920787,-0.9053023,-0.18936823,0.03176499
-8.635885,-0.38307226,4.307169,0.2883284,-0.02565634,-0.09040806
-8.9040365,0.8619126,4.9176903,0.5705481,-0.10995574,-0.04642576
-8.674192,-0.7326257,4.132392,-0.11362094,0.18203785,0.02565634
-8.046912,0.055066638,5.0062757,0.3921755,-0.10995574,-0.057421334
-8.02297,0.9696517,4.8219223,0.22479841,-0.15515977,0.019547688
-8.324639,1.7645266,5.092467,0.08552113,-0.052534413,0.06963864
-7.285556,1.7741034,4.2185836,-0.49968776,0.047647487,0.17715092
-8.573636,-0.4285621,6.160281,-0.18936823,0.12095132,0.056199603
-7.61835,0.16759412,4.7309427,0.90041536,-0.015882496,0.059864793
-9.208099,-1.2952632,4.1922474,-0.10995574,0.0061086523,-0.17348573
-7.7811556,2.0805612,5.0134583,1.1838568,0.21991149,0.04153884
-8.698134,0.19632454,2.0590134,0.66706485,0.0061086523,-0.10995574
-8.659827,0.9983821,5.0014873,0.37384954,0.10140363,-0.015882496
-7.393295,3.0382419,2.8179753,0.19303341,0.05009095,0.009773844
-9.009381,1.6400281,4.9655743,0.58032197,0.02687807,-0.16371189
-9.018958,1.1899183,4.357447,0.019547688,0.14294247,0.18448131
-8.00621,2.2361844,2.956839,0.07819075,-0.037873644,0.032986723
-9.0237465,1.6783354,3.1052797,0.2125811,0.17104226,0.22724187
-8.6574335,2.3582888,3.107674,0.3408628,-0.111177474,-0.073303826
-9.016563,1.5227122,4.0294414,0.15271631,0.087964594,0.11728613
-8.121132,2.2505496,3.7421372,-0.089186326,-0.14782938,-0.07696902
-9.119514,1.9895816,3.5290532,-0.04886922,0.028099801,0.04886922
-8.683769,2.741361,2.9137435,0.44104472,0.061086524,0.09285152
-8.698134,2.3750482,2.4708161,0.25534168,0.029321533,-0.09285152
-8.78672,2.3080103,3.9815574,-0.14660765,-0.27000242,-0.16615535
-8.465898,1.2354081,3.560178,-0.6389651,-0.15760323,0.15393804
-8.252813,2.6503813,4.709395,-0.593761,-0.12705997,0.16615535
-8.1402855,1.8411411,3.8235402,-0.007330383,-0.056199603,0.012217305
-8.271967,1.8028339,4.8123455,-0.02443461,-0.056199603,-0.20158553
-7.6734166,2.7509377,3.7972038,-0.064751714,0.2761111,0.15515977
-9.272743,0.6727707,5.353435,0.24801129,-0.12583824,-0.20891592
-8.046912,2.4301147,4.1659107,-0.28710666,0.17715092,0.23335053
-8.9279785,0.9816227,3.6152446,-0.34208453,0.013439035,0.058643065
-8.678981,0.533907,4.853047,0.31398472,-0.1441642,0.02565634
-7.299921,1.6903064,4.548983,1.4110987,0.12095132,0.10629055
-8.614338,1.3215994,4.0940847,0.32620203,0.02687807,-0.03176499
-8.827422,3.217807,4.0222588,0.2883284,-0.06719518,0.0036651916
-7.7691846,2.4851813,4.0892963,0.15760323,0.05009095,0.10629055
-8.992621,1.7549498,3.5194764,-0.32498032,-0.10995574,-0.103847094
-7.776367,3.3925838,4.390966,-0.14294247,-0.02687807,0.1282817
-9.239224,0.35194764,4.1276035,-0.4569272,0.052534413,-0.14538592
-8.343793,2.858677,4.003105,0.2443461,-0.08552113,-0.034208454
-8.743625,2.693477,3.9671922,-0.47525316,-0.12217305,-0.028099801
-8.264784,2.743755,4.4484267,0.13927728,-0.28344148,-0.14782938
-8.683769,1.8818425,4.996699,-0.41172317,-0.03176499,-0.037873644
-8.341399,2.7581203,3.6631286,-0.4654793,0.014660766,-0.012217305
-7.9607205,3.0071173,4.584896,-0.18203785,-0.3933972,-0.24312437
-7.675811,4.120421,3.052607,0.31398472,0.12095132,0.2602286
-8.267179,2.7940333,4.3023806,0.043982297,-0.21135938,-0.15515977
-7.73806,3.083732,3.4620156,-0.27000242,0.14172074,0.20158553
-8.281544,2.4468741,4.656722,-0.9859365,-0.105068825,-0.0012217305
-7.8410106,3.0621839,4.876989,0.6646214,0.040317107,0.21746802
-8.513782,3.7301662,4.8578353,0.57787853,-0.16249016,-0.24312437
-8.279149,1.103727,3.5242648,-0.70249504,0.15882497,0.20280726
-8.147469,2.9113493,3.9719806,0.48258355,-0.22479841,-0.24556783
-8.26239,3.9552212,4.050989,0.096516706,0.14905111,0.05497787
-7.1059904,4.0797195,3.1435869,0.25167647,-0.04642576,-0.10629055
-9.220071,2.1284454,5.104438,0.14294247,-0.26389378,-0.28710666
-7.6494746,3.6296098,2.9352913,-0.34330627,0.118507855,0.20769419
-8.76996,1.9201498,4.7500963,-0.21868975,-0.17837265,-0.23090707
-8.293514,2.3894134,3.6727054,-0.7831292,0.02321288,0.017104227
-8.154651,1.2808979,5.731719,-1.5968018,-0.13194689,-0.057421334
-8.662222,-0.46208093,5.0158525,-1.5247196,-0.03176499,0.19425514
-8.796297,0.15562311,4.048595,-0.4801401,0.20525073,0.047647487
-8.169016,0.21308395,4.8147397,-1.097114,-0.1001819,0.22235495
-8.449138,-1.6304513,4.537012,-0.31764993,-0.039095376,-0.1881465
-8.372523,-0.78050977,5.932832,-0.06719518,0.02687807,0.0842994
-7.445967,-0.8810662,5.209783,-0.27488935,-0.30909783,-0.10751228
-8.166622,-0.82599956,5.0374002,0.35430184,0.23701571,0.06841691
-8.384495,0.5434838,3.9839516,-0.15271631,-0.096516706,-0.17715092
-8.3868885,-1.3120226,4.8123455,-0.04153884,-0.061086524,0.1881465
-7.9870567,-0.51714754,5.1930237,0.2003638,-0.056199603,-0.04886922
-8.269572,0.23942018,4.51307,-0.57543504,-0.05131268,0.02565634
-8.341399,-1.9153614,5.7628436,-0.46303585,-0.089186326,-0.19058995
-8.389283,-1.0079589,4.307169,0.017104227,0.05375614,-0.09285152
-8.528147,-0.49799395,4.3406878,-0.030543262,-0.07574729,-0.02076942
-8.4108305,-0.61052144,5.3127337,0.13194689,0.17104226,0.13561209
-8.099585,0.44532153,3.9791632,-0.15271631,-0.12705997,-0.10751228