-0.51954174,5.1547165,8.798691,-1.1606439,0.1881465,-0.15393804
2.1260512,4.6255975,9.667787,-0.6536258,0.30665436,-0.8063421
-0.90021986,0.06943185,10.204087,-0.22479841,1.2449434,-0.41172317
-4.039018,1.3359646,8.659827,0.9615019,1.65911,0.8136725
-4.783615,2.6503813,7.6255326,0.81000733,1.0641272,0.5681047
-7.019799,0.7062895,5.925649,-0.91751957,0.23579398,0.75136423
-5.5856724,1.9608512,7.433996,0.45081854,-0.012217305,0.51068336
-5.046977,1.0462662,7.357382,-0.1966986,0.14538592,0.13194689
-4.6399627,3.0190883,8.3821,-0.66339964,0.24678956,-0.112399206
-9.562442,0.023942016,5.3223104,0.4605924,-0.04153884,-0.5766568
-2.9640217,5.451597,8.106767,-0.75991637,-0.112399206,0.0842994
-7.991845,0.4285621,5.7748146,-0.2125811,-0.057421334,0.2968805
-5.1547165,2.2529438,8.406042,0.4361578,-0.032986723,-0.36041048
-6.054936,2.2744915,6.9288197,-0.55833083,0.13683382,0.63163465
-6.3925185,1.4317327,7.551312,0.5546656,-0.0720821,-0.5693264
-3.5170822,4.5992613,8.149862,-0.5180137,-0.172264,0.41172317
-8.085219,-0.3184288,4.8626237,0.0842994,0.0061086523,-0.08674286
-4.912902,1.9057846,9.481039,0.19181168,0.0036651916,-0.31642818
-6.3709707,1.7764976,6.227319,-0.2773328,-0.11728613,0.46181414
-7.5465236,1.055843,6.4619503,0.28099802,0.017104227,-0.27977628
-4.295198,4.0533834,9.196129,-0.19792034,-0.073303826,0.12583824
-6.531382,1.2737153,5.45878,-0.20525073,-0.12339478,0.3555236
-5.849035,1.3790601,8.042124,0.18081611,0.07696902,-0.36774087
-3.7349546,3.2010477,7.8386164,-0.312763,-0.15882497,0.47403142
-8.226477,0.1412579,5.566519,0.6096435,0.06352998,-0.23457226
-4.015076,2.5594015,8.793902,0.54733527,0.14905111,-0.39950588
-6.105214,3.620033,6.215348,-0.6646214,-0.19914207,0.49846604
-9.069236,-0.8403648,6.160281,-0.2761111,0.37140608,-0.6243043
-4.709395,1.99437,9.832987,-0.23701571,-0.09896017,-0.20158553
-7.714118,1.400608,5.221754,-0.4251622,0.05497787,0.32498032
-5.1810527,0.16759412,8.803479,0.36896262,-0.06963864,-0.36896262
-4.6710877,2.123657,8.032547,-0.25411993,-0.15271631,0.30909783
-9.85214,-1.3694834,5.085284,-0.059864793,0.18448131,-0.2846632
-5.085284,1.1133038,7.1227503,0.5363397,-0.028099801,-0.13805555
-6.600814,4.039018,5.923255,1.6212363,0.0720821,0.17959438
-6.955156,1.8674773,8.305486,-0.65484756,0.21624629,0.51923543
-5.085284,5.0541596,5.243302,0.042760566,-0.09773844,-0.10262536
-5.3247046,5.032612,4.8386817,-0.096516706,0.34330627,0.40439278
-6.2752028,-0.7158663,9.962274,-0.2125811,0.09285152,0.26511553
-5.604826,-0.46686932,9.461885,-0.1600467,-0.5314528,-0.5497787
-5.923255,4.417302,5.497087,-0.056199603,-0.21135938,-0.2883284
-5.463568,6.4164605,5.48751,0.38606682,0.24556783,0.6597345
-6.078878,3.9815574,5.722142,0.30909783,0.41538838,0.41538838
-6.3182983,0.6679823,8.444349,-0.032986723,-0.029321533,-0.14782938
-5.861006,4.39336,5.058948,-0.04520403,-0.3323107,-0.47769663
-5.3462524,5.5737014,5.556942,0.015882496,0.1685988,0.49235737
-6.6989765,-2.5498247,9.91439,-0.25900686,-0.047647487,-0.081855945
-5.197812,2.6767175,6.8210807,0.118507855,-0.23701571,-0.55955255
-5.33907,5.315128,5.710171,0.18570304,0.24801129,0.36896262
-6.7923503,1.0654198,7.704541,-0.059864793,0.112399206,0.13683382
-6.2249246,0.4333505,8.066066,0.16737708,-0.19181168,-0.40561453
-5.681441,5.255273,4.8578353,-0.015882496,-0.095294975,-0.21746802
-5.959168,4.0653543,6.1123967,0.10995574,0.47036624,0.6072
-6.8306575,-3.6272156,9.270349,0.06352998,0.02321288,0.07086037
-6.1123967,2.2529438,7.0724716,-0.018325957,-0.36163223,-0.5510005
-5.5737014,5.849035,4.9081135,0.2284636,0.3323107,0.39706242
-7.2568254,1.3814543,6.423643,0.16371189,0.21991149,0.3115413
-6.540959,-1.8770541,9.176975,-0.2932153,-0.23945917,-0.41172317
-5.497087,4.2281604,5.434838,0.19425514,-0.35430184,-0.3042109
-5.57849,6.6893997,5.0182467,0.0036651916,0.15393804,0.41172317
-7.393295,-1.7980455,8.422802,-0.30909783,0.18570304,0.2919936
-6.2752028,-0.4237737,8.360553,-0.24556783,-0.33353242,-0.38362336
-5.9687448,4.7046065,5.6670756,0.1282817,-0.13683382,-0.07452556
-5.861006,5.9783216,4.5753193,0.28221974,0.36163223,0.3726278
-6.9024835,0.47884035,7.6015906,0.07452556,0.24312437,0.38973203
-6.361394,-1.0175357,8.111555,-0.14660765,-0.3481932,-0.4801401
-6.6534867,5.4779334,4.9105077,0.2443461,0.017104227,-0.06352998
-6.4260373,4.0916905,5.8825536,-0.052534413,0.41783184,0.53878313
-6.6079965,0.10295067,7.8769236,0.02076942,0.28344148,0.40194935
-6.445191,-1.6280571,8.568848,-0.05375614,-0.2773328,-0.20525073
-6.2392898,5.104438,4.9559975,0.14049901,-0.064751714,-0.14294247
-6.2823853,5.183447,5.5401826,0.12705997,0.3921755,0.516792
-6.564901,0.30885202,8.010999,-0.112399206,0.13683382,0.3323107
-5.899313,-1.4413095,8.583213,0.15271631,-0.5021312,-0.45937067
-6.373365,6.567295,4.429273,0.28099802,-0.23335053,-0.376293
-5.1642933,4.4556093,6.813898,0.6450737,-0.6609562,-0.28710666
-6.129156,3.5170822,8.255207,0.59986967,-0.10995574,-0.04886922
-4.0677485,6.694188,5.98311,0.096516706,0.31520647,0.50701815
-9.28232,0.6560113,4.3478703,0.095294975,0.37751472,-0.5876524
-4.745308,2.8107927,10.04607,-0.13439035,0.052534413,-0.1001819
-4.0940847,5.451597,6.6415157,-0.9737192,-0.8491027,0.6805039
-6.801927,1.8698715,1.5658079,0.010995574,-0.059864793,-0.015882496
-8.283937,2.2337902,6.6295447,0.6218608,0.52412236,-0.64751714
-4.3143516,3.6990416,9.548077,-0.38240165,-0.17592919,-0.21868975
-5.032612,4.596867,5.518635,-0.58032197,-0.27488935,0.516792
-8.264784,-0.260968,4.1180267,-0.15760323,0.3494149,-0.17104226
-6.045359,2.1883004,8.470686,0.08552113,0.22968534,-0.2687807
-4.7285485,4.0773253,7.1107793,-0.44226643,-0.3481932,0.26389378
-7.3549876,0.9864111,5.0541596,0.4288274,0.172264,0.17837265
-5.1379566,3.0693667,8.662222,-0.10751228,0.02443461,0.16737708
-6.4547677,0.7206547,5.1762643,-0.7965683,0.15393804,0.23701571
-5.920861,2.9975405,8.015787,0.9114109,0.05009095,-0.45448375
-4.1635165,4.7141833,8.6334915,-0.59864795,-0.22357668,0.2443461
-8.564059,-0.80445176,3.3399115,-0.18448131,0.118507855,-0.21380283
-5.398925,2.870648,8.283937,0.7305948,-0.059864793,-0.48258355
-3.5242648,4.570531,8.719683,-0.4373795,-0.40439278,0.4605924
-6.8929067,0.92176765,4.072537,0.10140363,0.036651913,0.13439035
-7.795521,1.2234371,6.7971387,0.6560693,0.16737708,-0.6230826
-3.3925838,5.209783,8.7125,-0.065973446,-0.45937067,0.20769419
-6.945579,2.6168625,4.537012,-0.33108896,-0.0842994,0.5766568
-9.945514,-0.7158663,5.475539,0.017104227,0.28955013,-0.376293
-4.548983,4.098873,9.102755,0.8698721,0.10629055,-0.04886922
-3.8738184,5.3366756,6.5505357,-0.5546656,-0.49113566,0.6010914
-7.189788,1.7597382,3.107674,0.073303826,0.23823744,-0.0842994
-8.111555,1.6328455,7.943961,0.21013765,0.14294247,-0.3555236
-3.3207579,4.654328,9.375694,-0.2602286,-0.44715336,0.03176499
-6.143522,3.0693667,3.4261026,-0.10140363,-0.23579398,0.48747048
-10.117896,-1.9967642,5.2863975,0.24678956,0.49357912,-0.2773328
-5.451597,1.6472107,9.631873,0.14172074,0.18081611,-0.17837265
-3.775656,4.656722,8.4108305,-0.675617,-0.50823987,0.312763
-7.1610575,0.4285621,4.249708,0.21013765,0.2003638,-0.10873401
-6.8043213,0.6871359,8.185776,0.2284636,0.3359759,-0.4972443
-3.775656,4.0054994,9.294291,0.02687807,-0.42149702,0.21746802
-6.7731967,0.93134445,4.3885717,0.007330383,0.05009095,0.2932153
-7.8050976,0.9768343,7.4387846,0.56077427,0.21380283,-0.47036624
-4.185065,3.9264908,7.345411,-0.10873401,-0.112399206,0.030543262
-7.041347,2.1164744,5.1379566,0.3885103,-0.13439035,-0.13927728
-7.1514807,0.10534488,8.537724,-0.9651671,0.14049901,0.51923543
-5.4659624,4.4795513,6.0956373,-0.344528,-0.17592919,-0.14049901
-5.1140146,4.7285485,6.8450227,-0.12705997,0.30176744,0.39095375
-5.872977,-2.3463178,9.035717,-0.68294734,0.17837265,0.43127087
-5.9639564,-0.35913026,8.42759,0.062308256,-0.37751472,-0.5338962
-5.403713,6.5002575,4.7500963,-0.043982297,-0.014660766,-0.07574729
-6.363788,3.3806129,6.155493,-0.036651913,0.35063666,0.54244834
-6.739678,-0.4381389,8.324639,-0.09162979,0.15393804,0.18081611
-6.0884547,2.006341,6.919243,0.12705997,-0.39828414,-0.54367006
-5.626374,5.3438582,5.9759274,0.18325958,0.18325958,0.43249258
-6.823475,-1.1731589,8.066066,0.07696902,0.22479841,0.17959438
-6.3949127,2.0709844,7.651869,0.25411993,-0.24678956,-0.71593404
-5.7963624,6.143522,4.462792,0.1282817,0.16126843,0.16493362
-7.553706,0.15562311,7.264008,0.07941248,0.35430184,0.30543262
-6.5864487,-0.29927522,7.941567,-0.013439035,-0.31764993,-0.5180137
-5.533,7.302315,4.1515455,0.03176499,-0.034208454,-0.12095132
-6.861782,3.4859576,5.659893,0.04642576,0.44837508,0.54000485
-7.005434,-1.4987702,8.008605,-0.21502456,-0.2284636,-0.28588495
-5.9280434,2.908955,5.3342814,0.12461651,-0.36163223,-0.54611355
-6.0645127,6.8689647,4.405331,0.06963864,0.30543262,0.39461896
-7.386112,-0.60573304,7.6255326,-0.13194689,0.15882497,0.24678956
-6.9360023,0.81881696,7.1634517,0.23335053,-0.33108896,-0.4642576
-5.0876784,5.849035,4.891354,0.38973203,-0.2565634,-0.20158553
-6.703765,4.486734,5.78918,0.7806858,-0.41783184,-0.07696902
-6.517017,4.247314,6.0142345,0.8002335,0.07574729,-0.059864793
-7.347805,3.169923,4.8027687,0.47647488,0.43493605,0.4972443
-4.3766007,7.1730285,6.5505357,-1.5748106,0.12461651,0.24312437
-9.41879,-0.4357447,2.765303,-0.75625116,0.40439278,-0.036651913
-4.6662993,2.980781,9.260772,-0.02687807,0.008552114,-0.28099802
-5.6646814,4.9176903,7.029376,-0.38240165,-0.5839872,0.54367006
-8.882488,0.7757214,2.9137435,0.46181414,0.30176744,-0.11484267
-6.9048777,1.388637,8.767567,0.04153884,0.4447099,-0.05009095
-5.9567738,2.3127987,7.5848308,-0.4886922,-0.27855456,0.3885103
-7.836222,2.2170308,4.036624,0.59864795,0.118507855,-0.06719518
-5.3486466,2.4420857,8.475474,-0.4813618,0.05375614,-0.043982297
-5.142745,3.7972038,7.338228,-1.0690142,-0.37873647,0.2687807
-7.8529816,0.8331822,3.2848446,0.26389378,0.06841691,0.008552114
-6.9264255,2.0446482,7.2711906,0.675617,0.11362094,-0.49968776
-4.8482585,4.343082,7.8410106,-0.24556783,-0.07941248,0.36774087
-5.5377884,3.643975,7.2424603,0.6805039,-0.07086037,0.43860126
-6.2249246,1.2761095,5.9519854,-0.13683382,0.2883284,-0.49968776
-4.1802764,4.9416323,6.8282633,-0.30543262,-0.3811799,0.39950588
-8.11395,-0.6847417,6.6630635,-0.21746802,0.2003638,-0.52656585
-4.3047748,2.327164,10.04607,0.13316862,-0.0720821,-0.12217305
-5.8466406,1.1540052,6.6965823,-0.535118,-0.13683382,0.5729916
-7.03177,0.22984336,6.9599442,0.35185838,0.08674286,-0.63041294
-3.9959226,3.4165258,6.727707,-0.17837265,-0.18936823,0.43127087
-8.803479,-1.7645266,4.474763,0.064751714,0.48991394,-0.16982053
-5.4899044,1.400608,8.674192,0.81245077,0.056199603,-0.49846604
-5.2385135,2.4229321,7.5704656,-0.2773328,-0.31031954,0.63285637
-8.932767,-0.9720459,5.044583,0.4373795,0.26511553,-0.5009095
-4.8458643,5.0637364,9.3182335,0.53878313,0.13683382,-0.21624629
-7.240066,2.3678656,3.4596214,-0.5888741,0.021991149,0.32498032
-10.354922,0.1436521,4.5992613,0.6792821,0.79290307,-0.42394048
-5.791574,2.861071,8.554482,-0.16615535,-0.064751714,0.052534413
-4.8817773,3.514688,6.9144545,-1.0445796,-0.7367035,0.5497787
-9.842564,-1.6927006,3.3087866,0.036651913,0.46303585,-0.37384954
-6.0501475,2.8658595,7.3406224,0.21991149,0.14294247,-0.22724187
-4.903325,4.747702,9.038112,-0.103847094,-0.44593164,0.7696902
-7.467515,0.36870706,2.5785553,-0.2687807,0.16737708,0.14538592
-7.642292,2.2385786,6.567295,0.9077458,0.27122417,-0.5571091
-4.4603977,5.245696,6.8641763,-0.061086524,-0.45204028,0.2687807
-7.0006456,2.4372973,6.4763155,0.5522222,-0.13316862,-0.23090707
-7.326257,0.8762778,8.12592,-1.0910053,0.119729586,0.24923302
-5.1140146,5.3366756,4.9224787,-0.31520647,-0.028099801,0.41783184
-6.205771,1.8291701,7.1730285,-0.24190263,0.43371433,0.34208453
-6.4882865,-1.6041151,9.3733,-0.2773328,-0.33475417,-0.32620203
-6.4619503,5.046977,5.2169657,0.41905355,-0.17592919,-0.36285394
-6.045359,3.6846764,5.935226,0.009773844,0.36896262,0.6084218
-6.955156,-3.2585084,9.028535,-0.33475417,0.061086524,0.16737708
-5.7149596,2.0805612,7.050924,0.14294247,-0.2968805,-0.58276546
-5.363012,5.7005944,4.9919105,0.105068825,0.16249016,0.172264
-6.8785415,0.6943185,7.8912888,0.08552113,0.2406809,0.33964106
-6.471527,-0.35673606,8.37013,0.15515977,-0.30543262,-0.47891834
-5.379771,5.803545,5.183447,0.1001819,-0.16126843,-0.3042109
-5.8322754,5.415684,5.631162,0.2773328,0.4251622,0.6267477
-7.103596,-3.0550013,9.100361,-0.21013765,0.04642576,0.08552113
-6.0381765,1.6950948,7.6375036,0.37140608,-0.4447099,-0.6536258
-5.327099,7.1107793,4.0414124,-0.13805555,-0.052534413,-0.06352998
-7.098808,2.171541,7.0221934,-0.06841691,0.5045747,0.63529986
-6.847417,-1.3934253,8.676587,-0.22235495,-0.40439278,-0.61453044
-5.195418,6.019023,4.9200845,-0.05009095,-0.15271631,-0.2932153
-6.181829,5.0996494,6.0716953,0.061086524,0.46792278,0.7171558
-6.9000893,-2.0925324,8.973468,-0.2724459,-0.07696902,-0.1001819
-5.140351,3.940856,6.0166287,0.35796702,-0.28344148,-0.41050145
-5.659893,7.395689,5.291186,0.039095376,0.10262536,0.37018433
-7.053318,-1.3096284,8.343793,-0.17592919,0.10140363,0.17348573
-5.74369,2.2984335,6.0046577,0.036651913,-0.17104226,-0.3115413
-6.5385647,5.896919,4.501099,-0.18448131,-0.02321288,-0.15882497
-6.2392898,4.829105,5.4899044,0.21502456,0.35063666,0.55833083
-6.9743094,-1.115698,8.374918,-0.23579398,0.15027285,0.28955013
-5.9759274,-1.9393034,8.762778,-0.103847094,-0.37995818,-0.28955013
-6.0597243,5.011064,4.8458643,-0.16615535,0.014660766,-0.05497787
-6.117185,4.582502,6.1890116,0.089186326,0.4007276,0.5571091
-6.7372837,-1.1420342,8.513782,-0.20158553,0.17348573,0.40561453
-5.985504,0.8523358,7.2065473,0.17104226,-0.4202753,-0.5180137
-6.136339,5.7987566,4.747702,-0.040317107,0.05375614,-0.019547688
-6.1890116,3.0454245,6.955156,-0.030543262,0.41050145,0.54244834
-6.540959,-2.3918076,9.097966,-0.1282817,-0.1160644,0.036651913
-5.659893,1.769315,6.7731967,0.16493362,-0.46303585,-0.63285637
-4.9200845,6.229713,5.2361193,0.31520647,-0.05009095,-0.010995574
-6.4523735,1.8411411,7.7308774,1.4953982,-0.44348818,-0.42760566
-6.8809357,1.5227122,6.7229185,0.625526,0.3042109,-0.17104226
-4.570531,8.554482,4.807557,-0.057421334,0.27977628,0.2406809
-6.873753,2.80361,4.0054994,0.2003638,-0.1282817,0.021991149
-7.5201874,3.0358477,6.7109475,0.56321776,0.26267207,-0.4166101
-3.8139634,4.6710877,8.001422,-1.210735,-0.112399206,0.18203785
-5.875371,3.596091,4.462792,0.27000242,-0.38606682,0.31398472
-7.9391727,0.9911995,3.3303347,-0.018325957,0.44348818,-0.3200934
-6.543353,3.4739866,7.771579,0.9077458,0.21746802,-0.30176744
-3.6463692,5.841852,8.506598,-0.7867944,-0.5888741,0.10629055
-6.519411,4.417302,2.348712,0.010995574,-0.26267207,0.16737708
-8.279149,1.8148049,6.7444663,0.6267477,0.2761111,-0.6426302
-3.8594532,5.2361193,9.581595,-0.46792278,-0.32253686,-0.065973446
-7.6710224,2.0805612,4.5537715,-0.25167647,-0.14660765,0.35796702
-9.885659,-0.320823,5.947197,0.48624873,0.40439278,-0.4288274
-5.351041,1.4317327,9.818622,-0.35918877,0.034208454,-0.07696902
-6.3805475,1.5729905,4.9105077,-0.7012733,-0.10262536,0.63407815
-9.871294,-1.6567876,4.4963107,-0.39584067,0.6365216,-0.26145032
-5.032612,2.2481554,10.177752,0.14905111,0.0,-0.015882496
-4.4340615,3.775656,6.2249246,-0.8894198,-0.37995818,0.82711154
-9.591172,-3.1004913,4.4244847,-0.28955013,0.4642576,-0.2565634
-6.576872,2.6551697,7.383718,1.0201449,0.22235495,-0.77457714
-3.5936968,5.3342814,8.281544,-0.5009095,-0.20769419,0.052534413
-7.565677,0.58657944,5.4300494,0.19058995,-0.47769663,0.1600467
-7.589619,2.4420857,7.431602,1.3243558,0.13439035,-0.70738196
-3.9815574,2.5498247,9.576807,-0.7122689,-0.13927728,-0.24923302
-7.762002,-0.866701,3.5889084,-0.36163223,-0.056199603,0.30787608
-9.7084875,-0.9648633,5.303157,0.39828414,0.6426302,-0.30176744
-4.8362875,1.6089035,9.368511,-0.35430184,-0.02687807,-0.0012217305
-4.4460325,5.9160724,8.37013,-0.48624873,-0.7171558,0.5888741
-6.5337763,1.151611,5.475539,-0.2761111,-0.30909783,-0.36651915
-6.615179,0.5650316,10.204087,-1.2852604,0.22602014,0.5448918
-5.7269306,3.70383,5.8586116,-0.37018433,-0.28221974,-0.24678956
-5.12838,3.9240966,6.3925185,-0.02443461,0.27122417,0.28344148
-6.3589997,-4.537012,10.45069,-0.73914695,-0.15027285,0.112399206
-5.7628436,0.4309563,8.149862,0.19303341,-0.29932398,-0.61208695
-5.2744265,5.872977,5.2959743,0.08674286,-0.008552114,-0.112399206
-5.8226986,4.9296613,5.985504,0.26267207,0.36651915,0.55833083
-6.3182983,-2.7126305,9.165004,-0.119729586,-0.04520403,-0.07086037
-6.042965,2.3558946,6.2871737,0.16737708,-0.27977628,-0.5644395
-5.8801594,4.9775453,5.1379566,-0.08307768,0.14660765,0.26389378
-6.7444663,2.078167,6.706159,0.2932153,0.45570546,0.54000485
-6.8665705,-3.4237084,8.9519205,-0.3726278,-0.14294247,-0.32498032
-5.389348,2.731784,6.2392898,0.23457226,-0.2565634,-0.42638394
-6.0740895,6.6606693,5.161899,0.31520647,0.17837265,0.45081854
-6.9623384,-0.4261679,7.5824366,-0.0842994,0.12583824,0.18203785
-6.3589997,1.9129672,6.811504,0.27122417,-0.38606682,-0.59131753
-5.482722,7.5920134,4.405331,0.056199603,0.1160644,0.035430185
-6.483498,1.4867992,7.630321,0.14172074,0.21380283,0.42149702
-6.5337763,-1.6759412,8.554482,0.002443461,-0.04520403,-0.032986723
-6.5505357,1.1875241,7.2328835,-0.014660766,-0.3042109,-0.48380527
-5.767632,6.4164605,4.3646297,-0.09162979,-0.036651913,-0.15027285
-6.2823853,5.767632,5.6335564,0.24801129,0.3640757,0.52534413
-7.1969705,-2.111686,8.058883,-0.23335053,-0.04642576,-0.16982053
-5.7125654,1.2473791,7.3885064,0.37751472,-0.4007276,-0.58276546
-5.533,6.543353,4.8123455,0.07452556,-0.1160644,-0.19547687
-6.6415157,6.081272,5.058948,0.21502456,0.22235495,0.36896262
-6.133945,2.2337902,6.7731967,-0.34330627,-0.204029,-0.14660765
-5.3462524,2.2505496,7.345411,0.90041536,-0.29077184,-0.37507126
-6.4787097,1.1252748,9.564836,0.8894198,-0.07574729,-0.47647488
-6.157887,3.2752678,4.900931,0.172264,0.30543262,0.28588495
-6.897695,1.9608512,5.3845596,-0.7244862,0.3652974,0.034208454
-7.103596,3.301604,5.995081,-0.29443705,0.034208454,0.43004912
-6.4547677,4.582502,6.861782,0.70371675,-0.24556783,0.41905355
-5.434838,3.5936968,6.885724,-1.1655309,0.12339478,0.07819075
-5.949591,2.7629087,6.7133417,-0.05131268,-0.16249016,0.44593164
-6.155493,1.4269443,7.457938,0.3652974,0.1563815,-0.37384954
-5.197812,2.695871,6.945579,-0.98349303,-0.11362094,0.53023106
-9.983821,-0.7326257,3.5410242,0.17470746,0.38728857,-0.27366763
-5.2528787,2.7940333,8.930372,0.20280726,0.019547688,-0.204029
-3.7852328,3.5913026,8.085219,-0.5180137,-0.5375614,0.50335294
-8.293514,0.34237084,3.4763808,0.14905111,0.11484267,-0.021991149
-6.3709707,2.918532,7.690176,0.5375614,0.062308256,-0.4605924
-4.012682,3.9432502,7.7189064,-0.2724459,-0.33475417,0.6450737
-9.651027,-2.3918076,3.9504328,-0.50579643,0.39706242,-0.30543262
-6.1123967,1.4508862,8.899248,-0.010995574,0.02443461,-0.35308012
-4.3143516,2.918532,7.565677,-0.37995818,-0.39461896,0.68416905
-9.129091,0.36870706,5.2026005,0.8857546,0.05497787,-0.36774087
-5.719748,1.7884687,9.715671,-0.15515977,0.21624629,0.22602014
-3.7110126,5.044583,8.221688,-0.893085,-0.6560693,0.8503244
-8.070854,0.16759412,2.9855695,0.21991149,0.07941248,0.25289822
-6.9647326,1.3982137,7.8769236,1.2498302,0.25045475,-0.49113566
-2.4181437,5.415684,10.618284,-0.034208454,-0.31398472,-0.21868975
-6.291962,2.4708161,4.711789,-0.081855945,-0.3652974,0.6243043
-10.038888,-1.757344,3.916914,0.19303341,0.69027776,-0.33353242
-6.4547677,5.7843914,4.7884035,1.5784758,-0.19181168,-0.08307768
-7.091625,1.4197617,8.212111,-0.9492846,-0.0061086523,0.27488935
-5.6335564,3.3638535,6.3087215,-0.41905355,0.1685988,0.48624873
-5.6000376,-0.320823,8.870518,-0.6365216,0.13072516,0.17592919
-5.9543796,0.40701428,7.7213006,-0.10629055,-0.26267207,-0.77946407
-5.415684,7.141904,4.24492,0.25411993,0.014660766,-0.23945917
-5.901707,6.5098343,5.815516,0.20891592,0.42271876,0.65118235
-6.9383965,-2.4229321,8.671799,0.111177474,0.21380283,0.3323107
-6.2225304,-0.842759,8.844181,-0.1160644,-0.48747048,-0.7086037
-5.3438582,5.616797,4.546589,-0.19058995,-0.14782938,-0.30543262
-6.0501475,5.094861,6.385336,0.22479841,0.44715336,0.7281514
-6.457162,-3.5170822,9.102755,-0.19547687,0.09896017,0.17470746
-5.5617304,2.099715,6.423643,0.37384954,-0.44348818,-0.74281216
-5.8442464,5.305551,5.3438582,0.064751714,0.24312437,0.45448375
-6.76362,0.59615624,8.231265,-0.103847094,0.22479841,0.41172317
-6.4044895,0.1340753,7.9032598,-0.12095132,-0.31764993,-0.5864306
-6.1243677,4.3263226,5.583278,0.059864793,0.119729586,-0.014660766
-5.899313,5.231331,5.57849,0.24678956,0.38362336,0.6047566
-7.309498,-1.1851299,8.6574335,-0.14049901,0.35185838,0.47891834
-5.770026,0.0,8.259995,0.33475417,-0.55955255,-0.81000733
-5.499481,8.030152,4.5082817,0.09407325,-0.16126843,-0.17104226
-6.2512608,2.5737667,6.7827735,0.25778514,0.3921755,0.6010914
-6.667852,-2.8514943,9.102755,-0.32253686,0.103847094,0.15149458
-5.949591,0.0,8.286332,-0.1600467,-0.45448375,-0.643852
-5.439626,6.3685765,4.805163,-0.042760566,-0.017104227,-0.23457226
-6.3781533,3.1794999,6.8641763,0.02443461,0.38240165,0.54733527
-6.203377,-2.1978772,8.516175,-0.31642818,0.1685988,0.3286455
-6.196194,-1.3503298,9.3182335,0.014660766,-0.45448375,-0.57787853
-5.6982,3.359065,6.0381765,0.014660766,-0.13439035,-0.24923302
-5.9998693,6.9719152,4.903325,-0.09162979,0.3213151,0.41783184
-6.4164605,2.4253263,6.5026517,0.05009095,0.45081854,0.6780604
-6.7109475,-1.8602947,8.643068,-0.039095376,-0.07574729,0.103847094
-6.301539,0.1604115,7.9702973,0.38240165,-0.50701815,-0.65118235
-5.734113,5.032612,4.9057193,0.28221974,-0.16615535,-0.4251622
-5.9448028,5.741296,5.080496,0.1282817,0.2321288,0.18081611
-6.8306575,2.2505496,7.1371155,-0.0061086523,0.5204572,0.6401868
-6.9479733,-2.7988217,8.875306,-0.5497787,0.118507855,0.095294975
-6.0884547,-0.6464345,7.7548194,0.28099802,-0.44959682,-0.6047566
-6.0262055,3.6343982,5.705383,0.002443461,-0.28099802,-0.45814893
-6.303933,6.981492,4.0701427,0.16737708,0.18570304,0.21380283
-6.1387334,3.6583402,6.4020953,-0.06352998,0.0036651916,-0.081855945
-7.4148426,1.1133038,7.45315,0.9309586,-0.28344148,-0.30298916
-7.228095,0.78290397,6.215348,0.5314528,0.04153884,0.06963864
-5.185841,4.1156325,6.730101,-0.6072,0.10140363,0.8185594
-7.52737,1.7717092,4.5801077,0.18081611,0.057421334,-0.25778514
-4.6351743,5.9543796,9.006987,-0.5119051,-0.06719518,0.18692477
-8.784326,0.5602432,3.1866825,-0.35430184,0.23335053,0.065973446
-5.3582234,3.6894648,9.052477,0.91629785,0.017104227,-0.52534413
-3.6631286,4.197036,8.259995,-0.7171558,-0.54733527,0.20891592
-7.2352777,0.22266077,3.490746,0.13683382,0.15149458,-0.20158553
-6.229713,2.7222073,8.429984,1.0323622,0.21991149,-0.5510005
-3.550601,5.0757074,8.159439,-0.1966986,-0.54000485,0.54367006
-8.298303,0.8595184,2.9879637,0.18081611,0.30298916,0.0012217305
-8.540117,1.1252748,7.0485296,0.5045747,0.5155703,-0.54367006
-4.4244847,4.5058875,10.127473,-0.30543262,-0.14660765,-0.22479841
-7.062895,1.3431472,3.2848446,-0.073303826,-0.13927728,0.3481932
-8.774749,1.7429788,6.131551,0.4886922,0.46792278,-0.56321776
-4.232949,4.793192,9.856929,0.032986723,-0.25900686,-0.14905111
-5.765238,2.2170308,4.8027687,-0.63407815,-0.14782938,0.7098254
-9.572019,0.6536171,5.650316,0.44348818,0.41172317,-0.43127087
-5.4659624,1.484405,9.112331,0.1881465,0.037873644,-0.12217305
-5.8801594,2.2984335,6.7205243,-0.9272934,-0.39706242,0.82344633
-9.672575,-2.3750482,3.9336734,-0.43493605,0.5314528,-0.08307768
-4.8865657,1.1180922,9.009381,-0.21868975,0.012217305,0.0720821
-6.43322,1.5107412,5.877765,0.9334021,-0.20280726,-0.20769419
-6.1650696,4.6136265,5.279215,0.18448131,0.04886922,0.06352998
-5.592855,5.0134583,5.3342814,-0.90041536,0.23823744,0.17592919
-5.2528787,3.8666358,6.078878,-1.1386528,0.09285152,-0.10751228
-6.4523735,1.2354081,6.459556,0.50946164,0.10262536,-0.2932153
-6.787562,1.9919758,7.410054,1.2889256,0.28710666,0.43371433
-6.4739213,-0.62728083,7.5680714,0.052534413,0.05131268,0.062308256
-6.5218053,0.90740246,8.4587145,0.4654793,-0.17959438,0.14782938
-6.447585,2.597709,7.489063,-0.05497787,0.24923302,0.42271876
-5.7484784,6.933608,3.1555579,-0.0012217305,-0.07574729,-0.13439035
-5.9663506,4.96318,5.2145715,-0.41538838,0.5021312,0.8038987
-6.6247563,-1.2138603,7.311892,0.034208454,0.21991149,0.40317106
-7.0461354,-3.763685,9.696517,-0.45570546,-0.30543262,-0.5448918
-5.932832,2.944868,6.081272,0.25045475,-0.30787608,-0.5900958
-5.257667,8.896853,4.015076,0.10995574,-0.062308256,0.15882497
-7.1083846,5.2863975,6.3446345,0.11362094,0.48991394,1.1728612
-6.9647326,-4.9320555,8.468291,-0.57787853,-0.0061086523,-0.15760323
-5.770026,2.554613,7.180211,0.28099802,-0.5742133,-0.8051204
-5.0541596,9.677363,4.2640734,0.18448131,-0.058643065,0.03176499
-6.777985,3.1890767,7.079654,0.012217305,0.4251622,0.6927212
-6.241684,-4.1706996,8.784326,-0.4569272,-0.095294975,-0.20280726
-5.9807158,1.4460979,7.398083,0.013439035,-0.4972443,-0.82711154
-5.497087,8.214506,4.486734,0.27977628,0.02076942,0.032986723
-6.9838862,2.4061728,7.335834,-0.25534168,0.3481932,0.675617
-6.126762,-4.0438066,8.822633,-0.61941737,-0.23701571,-0.3885103
-6.0525417,2.2146366,6.612785,0.52412236,-0.40439278,-0.66950834
-5.6982,7.9152308,3.9480386,0.19058995,-0.04886922,-0.15515977
-6.945579,5.5497594,5.825093,0.3933972,0.42149702,0.95294976
-6.5960255,-4.1659107,8.4826565,-0.5021312,-0.0012217305,0.07696902
-6.172252,0.6440403,8.415619,-0.65118235,-0.41416663,-0.7672467
-5.8681884,7.086837,4.903325,0.65118235,-0.08674286,-0.27488935
-5.8681884,6.5505357,5.329493,-0.13927728,0.44837508,0.7147123
-6.8522053,1.7860745,7.740454,0.047647487,0.42638394,0.9224065
-5.9663506,-4.759673,9.155427,-0.73548174,-0.26145032,-0.50579643
-4.3861775,2.813187,6.679823,1.0604621,-0.63163465,-0.8857546
-6.0477533,4.1539397,6.5241995,-0.20158553,0.3213151,0.55955255
-6.4523735,2.8802247,6.9144545,-0.037873644,0.59620446,1.0775663
-5.98311,-7.249643,9.320627,-0.6072,-0.07941248,-0.13561209
-5.0254292,2.1667526,7.5561004,1.4123205,-0.6267477,-0.91996306
-5.48751,8.556877,3.8067808,0.16982053,0.26145032,0.4007276
-6.3925185,3.2992098,8.576031,0.9615019,-0.103847094,-0.21135938
-6.1530986,4.390966,7.0581064,0.9932669,-0.1001819,-0.057421334
-5.765238,4.2521024,6.8067155,-0.1282817,-0.12583824,0.42394048
-4.489128,2.9951463,5.365406,-1.7568485,0.2932153,0.35185838
-8.7771435,2.2744915,6.5481415,0.2125811,0.07574729,-0.43860126
-3.3375173,2.9616275,9.334992,-0.23823744,-0.057421334,-0.13072516
-5.877765,3.608062,7.5920134,0.06841691,-0.5497787,0.5839872
-8.003817,-0.31603462,1.6184803,-0.18081611,0.29443705,-0.03176499
-6.0118403,1.8315643,8.145074,1.2571607,0.47647488,-0.6658431
-2.4037786,5.145139,10.931925,-0.66339964,-0.16615535,-0.18203785
-5.8562174,2.4875755,4.3766007,-0.23335053,-0.15271631,0.49113566
-8.00621,1.7980455,5.995081,0.41416663,0.50701815,-0.80756384
-3.3973722,3.2345665,11.20247,-0.2565634,-0.38362336,0.017104227
-5.619191,3.406949,6.588843,-0.63163465,-0.4886922,0.86742866
-9.107543,-0.30885202,5.7149596,0.24923302,0.6401868,-0.45204028
-4.010288,3.9695864,10.402806,-0.31887165,-0.13683382,0.04153884
-6.4858923,2.6001031,5.631162,-0.29443705,-0.119729586,0.6817256
-7.5800424,0.35194764,6.7348895,0.4654793,0.032986723,-0.53023106
-7.5944076,1.448492,6.742072,0.2443461,0.35063666,-0.021991149
-4.381389,5.511452,9.435549,-0.3213151,-0.33108896,-0.26145032
-4.414908,4.209007,7.1754227,-1.3805555,-1.0201449,0.7086037
-10.374076,-3.6152446,4.1706996,0.65118235,0.784351,-0.33841935
-5.9998693,2.1404164,8.535329,0.6389651,0.28955013,-0.45204028
-3.2106245,3.5434184,8.781932,-2.1001546,-0.7293731,0.61208695
-8.4108305,-2.420538,2.705448,-0.22113322,0.29077184,-0.21991149
-5.8562174,1.8435353,9.0716305,0.93218035,0.3885103,-0.6609562
-3.3806129,4.235343,9.909601,-0.5681047,-0.63407815,0.8588765
-8.094796,-1.7597382,3.0430303,-0.13683382,0.23823744,-0.14782938
-5.9998693,0.5746084,8.820239,0.82833326,0.34574974,-0.13683382
-4.3718123,3.466804,9.263166,-1.0592403,-0.48380527,0.96883225
-10.187328,-1.9393034,4.060566,0.02443461,0.39828414,-0.37995818
-3.8881836,2.0494366,9.299079,0.43982297,0.05009095,-0.0720821
-5.1475334,4.1611223,7.2831616,-0.59742624,-0.5119051,0.4728097
-8.166622,-0.22744916,3.7086184,-0.23701571,0.3408628,-0.28099802
-5.887342,1.5394717,7.577648,0.829555,0.11484267,-0.21624629
-5.645528,4.9775453,6.409278,0.9260717,-0.30665436,0.002443461
-6.5744777,-0.06464344,9.859323,-0.9957104,0.20280726,0.5497787
-4.7740383,3.98874,5.8825536,-0.43982297,-0.3567453,-0.36041048
-5.011064,8.030152,3.6774938,1.0580186,0.0720821,0.14049901
-6.0597243,3.2800562,7.055712,0.12461651,0.4886922,0.516792
-6.0166287,-3.4093432,8.707711,-0.18325958,-0.09285152,-0.18203785
-5.8825536,-0.019153614,9.030929,0.16737708,-0.35796702,-0.5766568
-5.094861,6.160281,4.6112323,0.21624629,-0.12095132,-0.31887165
-5.4779334,5.861006,5.707777,-0.13927728,0.20647246,0.44104472
-6.9719152,0.45968673,8.11395,-0.007330383,0.22479841,0.41538838
-6.181829,-1.9369092,9.299079,-0.16982053,-0.3640757,-0.6059783
-4.661511,4.235343,5.911284,0.5742133,-0.35918877,-0.51923543
-5.6096144,6.7803793,5.707777,-0.056199603,0.23945917,0.52290064
-6.5241995,0.7685388,8.063671,0.13439035,0.39950588,0.5815437
-5.997475,-3.2345665,9.349358,-0.72082096,-0.2321288,-0.3286455
-5.451597,1.7717092,7.759608,0.6365216,-0.47891834,-0.59986967
-5.6670756,6.191406,4.3263226,-0.17592919,0.12217305,0.17348573
-5.925649,4.6160207,6.483498,-0.29810223,0.376293,0.71593404
-6.169858,-1.7525556,8.968679,-0.26145032,0.17104226,0.39706242
-5.221754,-1.0079589,8.451532,-0.16126843,-0.45814893,-0.50335294
-4.867412,4.2544966,7.905654,1.4526376,-0.4129449,-0.47525316
-5.9902925,0.9768343,7.620744,0.27366763,0.5216789,0.4801401
-4.426879,4.8626237,8.0445175,0.34697145,0.0720821,-0.2602286
-7.6494746,1.1803415,4.1299977,-1.4636332,0.23090707,0.31398472
-7.141904,1.8579005,8.054094,1.4184291,0.4801401,-0.9627236
-3.4715924,4.4580035,9.742006,-0.13927728,-0.22602014,-0.24678956
-6.2512608,4.7429137,4.5202527,-0.09040806,-0.3567453,0.43982297
-9.639056,-0.9720459,3.7421372,0.8552113,0.47158796,-0.38973203
-4.4795513,3.5984852,11.032481,-0.002443461,0.032986723,-0.12461651
-3.608062,2.554613,8.224083,-1.704314,-0.74036866,0.6646214
-7.666234,0.33279404,2.0015526,0.43860126,0.1966986,0.034208454
-8.508993,1.8746599,6.2704144,1.0848967,0.6939429,-0.9407325
-3.2944214,5.0900726,11.535264,-0.6743952,-0.34697145,-0.27122417
-5.5641246,6.078878,4.256891,-0.09285152,-0.5644395,0.56077427
-10.06283,-1.3311762,3.799598,-0.028099801,0.49968776,-0.39461896
-4.867412,1.5777789,10.409989,0.35796702,-0.021991149,-0.07696902
-3.6415808,4.0414124,7.771579,-0.9932669,-0.65240407,0.6609562
-7.6829934,-0.34955344,3.2202013,0.12705997,0.2284636,0.10751228
-7.2328835,3.3566709,7.1826053,0.8368854,0.30787608,-0.6047566
-2.7581203,4.9105077,10.704475,-0.33353242,-0.3213151,-0.09162979
-6.220136,2.2170308,3.2321723,0.24801129,-0.3359759,0.5021312
-10.086772,-0.7182605,5.825093,0.08674286,0.6377433,-0.5852089
-3.6104562,1.4820108,10.807426,0.0036651916,-0.12095132,-0.036651913
-5.2744265,2.6144683,5.7245364,-0.42149702,-0.26633725,0.79901177
-7.455544,0.9744401,4.1826706,1.3121386,0.13561209,-0.42271876
-7.419631,2.7844565,6.3111157,-0.36041048,-0.17837265,-0.30787608
-5.542577,2.755726,6.6846113,-0.6414085,0.31764993,0.9211848
-5.66947,-3.0933087,11.252748,-0.24190263,-0.37384954,-0.3494149
-6.0597243,3.0071173,6.4643445,0.39950588,-0.6267477,-0.7012733
-4.8027687,8.406042,4.134786,0.34574974,0.009773844,-0.09407325
-5.693412,3.8379054,6.375759,-0.06352998,0.36163223,0.77824235
-6.1770406,-4.4340615,9.696517,-0.54000485,0.17348573,0.15027285
-5.207389,0.8403648,8.331821,-0.089186326,-0.45814893,-0.7281514
-5.0182467,6.2512608,5.3223104,0.002443461,-0.012217305,-0.018325957
-5.7843914,2.822764,7.4387846,0.019547688,0.344528,0.61453044
-5.521029,-2.255338,9.184157,-0.2284636,0.15393804,0.2724459
-5.0254292,-2.087744,10.496181,0.5119051,-0.50335294,-0.55833083
-5.626374,3.715801,5.827487,0.06963864,-0.2919936,-0.6401868
-5.554548,7.00304,5.7748146,0.3933972,0.118507855,0.28344148
-6.399701,1.7812861,7.6973586,0.12461651,0.41172317,0.548557
-5.995081,-4.699818,10.505757,-0.36041048,-0.31031954,-0.36896262
-4.9416323,1.2114661,7.577648,0.07086037,-0.32742378,-0.49846604
-5.499481,5.872977,5.023035,-0.047647487,0.32498032,0.4129449
-6.9360023,0.89782566,8.063671,0.065973446,0.45937067,0.45448375
-6.253655,-3.074155,9.399636,-0.41538838,-0.35430184,-0.6035349
-4.7046065,5.097255,5.7005944,0.28344148,-0.21991149,-0.45448375
-5.8442464,7.1730285,5.2504845,0.19058995,0.28588495,0.5510005
-7.098808,-0.6440403,7.884106,-0.118507855,0.30665436,0.4092797
-5.841852,-3.6703112,9.883265,-0.5729916,-0.35185838,-0.49357912
-5.74369,2.1428106,6.670246,0.1441642,-0.27855456,-0.43493605
-5.451597,6.801927,4.357447,-0.030543262,0.1563815,0.20525073
-6.1004257,2.767697,7.1610575,0.04642576,0.52412236,0.75502944
-6.567295,-1.2306197,8.774749,-0.10995574,0.05131268,0.26633725
-6.1195793,-3.1244333,9.198523,-0.28955013,-0.4447099,-0.52778757
-5.1762643,2.432509,6.447585,0.17348573,-0.35430184,-0.5571091
-5.803545,7.091625,4.7860093,0.14538592,0.26389378,0.34208453
-5.1259856,1.8914193,7.103596,-0.8002335,-0.22235495,-0.54611355
-5.9759274,-3.0238767,9.234436,0.6585127,0.13561209,-0.48258355
-6.2512608,-0.5291186,8.532935,1.6749926,0.29565877,0.0720821
-6.0884547,2.9472623,5.3941364,0.2968805,0.1441642,0.16249016
-6.2249246,3.5434184,5.8681884,0.31887165,0.17837265,0.03176499
-6.6103907,3.6176388,6.4739213,-0.06719518,0.23457226,0.5448918
-4.1515455,5.0996494,7.2328835,0.23701571,0.14905111,0.013439035
-8.157045,1.1659763,3.1914709,-0.09162979,0.057421334,0.172264
-5.779603,2.6048915,6.6415157,-0.10262536,-0.105068825,0.06719518
-6.1866174,4.256891,5.1140146,0.7452556,-0.015882496,-0.35918877
-3.5242648,7.0724716,8.808268,-2.2137756,-0.15149458,-0.06963864
-7.807492,1.5777789,2.5689783,0.17348573,-0.07696902,0.28221974
-6.6415157,3.3782187,8.413225,0.6792821,0.12217305,-0.70616025
-3.3614593,4.3861775,10.244789,-0.36041048,-0.65118235,0.11484267
-8.516175,-0.9959879,1.8076223,-0.062308256,0.3286455,0.3286455
-8.111555,3.1292217,6.7444663,0.6230826,0.32986724,-0.24923302
-2.7102363,4.9703627,9.878476,-0.7806858,-0.32498032,0.3933972
-6.2105594,4.8817773,5.161899,-0.04642576,-0.37873647,0.26511553
-9.488221,0.24899697,5.0158525,0.29810223,0.50335294,-0.49480084
-4.2066126,4.060566,10.474632,0.27366763,0.06841691,-0.14172074
-5.149928,3.3662477,6.5146227,-0.7452556,-0.33353242,0.5314528
-8.760384,0.02633622,4.1132383,0.46670106,0.28099802,-0.28099802
-6.215348,2.633622,8.485051,0.2932153,0.09040806,-0.21135938
-3.3614593,4.936844,7.9391727,0.010995574,-0.45570546,-0.17348573
-7.2448545,1.8866309,3.4811692,-0.119729586,-0.13072516,0.040317107
-7.4842744,2.516306,5.7365074,0.5216789,0.19058995,-0.6927212
-4.2904096,4.5801077,9.093178,-0.059864793,-0.19914207,-0.012217305
-5.437232,2.3056161,5.5521536,-0.5644395,-0.34697145,0.91874135
-6.4739213,1.4700398,4.8267107,-0.052534413,0.1600467,0.13316862
-5.8921304,3.2393548,5.781997,0.6010914,0.06352998,-0.61819565
-3.8019924,3.4524388,10.299856,-0.11728613,-0.28099802,0.09162979
-9.0237465,-0.17956513,3.787627,-0.643852,0.1881465,0.02687807
-5.08289,3.095703,7.843405,1.2754866,0.010995574,-0.6035349
-5.1762643,2.9520507,8.662222,-0.78801614,-0.064751714,0.70371675
-10.625467,-1.4508862,3.9671922,-0.056199603,0.40561453,-0.2883284
-4.793192,1.8148049,10.065224,-0.12461651,-0.021991149,0.12950343
-6.777985,2.7485435,5.2145715,-0.52656585,0.12583824,0.53023106
-8.240842,1.5562311,5.3247046,0.77824235,0.058643065,-0.42394048
-7.6111674,2.2744915,6.117185,0.5729916,-0.06963864,-0.095294975
-7.5824366,0.9911995,8.74123,-0.57543504,0.22113322,0.2773328
-4.1683054,6.6103907,4.7500963,-0.06352998,-0.13561209,0.19792034
-5.279215,3.1148565,6.83784,-0.45204028,0.42271876,0.3323107
-7.156269,-3.1052797,9.873688,-0.9431759,0.043982297,0.10751228
-6.363788,2.456451,7.0581064,0.1881465,-0.4447099,-0.6768387
-5.3678,7.1466923,4.537012,0.1881465,0.05497787,0.10751228
-6.114791,3.406949,6.26802,0.19058995,0.55833083,0.84788096
-7.4507556,-2.6767175,8.935161,-0.13072516,-0.07941248,-0.21013765
-4.7070007,3.8307228,5.8801594,0.38973203,-0.2919936,-0.5558874
-5.7508726,7.762002,4.158728,0.30543262,0.18081611,0.24190263
-7.029376,3.323152,5.6096144,-0.28955013,0.4447099,0.50335294
-7.2065473,-2.4540567,8.341399,-0.30298916,-0.13316862,-0.039095376
-6.2129536,2.183512,7.017405,0.25534168,-0.5204572,-0.5534439
-5.410896,7.1227503,4.43885,-0.27488935,-0.14049901,0.021991149
-6.5265937,3.0909145,6.7229185,-0.45937067,0.24556783,0.63041294
-5.8322754,-1.7046716,9.246407,-0.7122689,0.09162979,0.35918877
-5.5258174,-1.5586253,10.259154,0.1160644,-0.43493605,-0.33841935
-5.3318872,3.335123,6.7851677,-0.24923302,-0.33475417,-0.31031954
-5.6431336,6.88333,5.475539,-0.2321288,0.12339478,0.2761111
-5.781997,3.6224272,6.5481415,-0.35185838,0.3213151,0.59986967
-5.7748146,0.10295067,8.628703,-0.50823987,0.20158553,0.46303585
-5.2528787,-3.4644098,9.387665,-0.19181168,-0.3408628,-0.15760323
-4.8961425,0.7278373,7.9750857,0.453262,-0.39461896,-0.6047566
-5.2361193,6.411672,5.185841,0.057421334,-0.0061086523,-0.27122417
-5.0374002,5.9759274,6.325481,-0.02321288,0.3921755,0.5900958
-6.2225304,0.2681506,8.935161,-0.09407325,0.25289822,0.50579643
-5.3438582,-4.570531,10.084377,-0.22357668,-0.22968534,-0.30909783
-3.655946,0.29209262,10.30225,0.9944886,-0.61941737,-0.766025
-5.662287,1.8698715,9.907207,1.346347,-0.40561453,-0.5839872
-5.2624555,2.6839,7.252037,-0.26267207,0.453262,0.312763
-6.2249246,7.9224133,4.5561657,1.2632693,0.032986723,-0.36163223
-4.5681367,7.3765354,9.0237465,1.0054842,-0.19058995,-0.15027285
-5.765238,4.6279917,3.3063924,-0.784351,-0.22602014,0.94806284
-9.411607,-1.3814543,2.9616275,-0.48991394,0.52290064,-0.18081611
-6.600814,3.6296098,7.3909006,0.34330627,0.32375857,-0.33841935
-2.9759927,5.0397944,10.110714,-0.7293731,-0.35185838,-0.052534413
-5.7748146,4.201824,4.3598413,-0.47891834,-0.33841935,0.3726278
-9.569624,-1.2904748,4.1491513,-0.4361578,0.4288274,-0.25289822
-5.631162,1.8219875,8.99741,1.1716396,0.15393804,-0.035430185
-3.478775,5.094861,9.61272,-1.1606439,-0.36651915,0.10995574
-8.058883,-1.6160861,3.1555579,-0.040317107,0.18570304,0.018325957
-6.88333,2.9041667,6.6870055,0.9761627,0.26633725,-0.6218608
-2.1643584,5.3965306,11.051635,-0.5925393,-0.50946164,-0.172264
-6.3925185,2.8395233,3.8163576,0.6059783,-0.29077184,0.28344148
-8.925584,0.49081135,6.4499793,0.28221974,0.44593164,-0.59742624
-2.6982653,3.5242648,11.044453,-0.064751714,-0.12461651,-0.19303341
-4.9416323,3.9815574,6.0046577,-0.59742624,-0.3494149,0.77946407
-10.000581,-1.9033904,5.1235914,-0.009773844,0.49357912,-0.2406809
-4.1156325,0.8882488,10.299856,0.16126843,-0.009773844,0.3408628
-4.7860093,3.3399115,7.2544312,-0.30176744,-0.63529986,0.38606682
-7.9990277,-0.85473,4.8865657,-0.12217305,0.29932398,0.06841691
-6.349423,1.4987702,8.556877,0.22968534,0.32986724,-0.19914207
-2.5091233,6.1076083,10.82658,0.02076942,-0.3359759,-0.009773844
-4.673482,2.327164,5.0493712,-0.86620694,-0.59864795,0.72692966
-6.253655,1.3575124,2.9113493,1.5125023,-0.16493362,-0.75502944
-6.4978633,0.62009823,8.674192,-0.90408057,-0.112399206,0.008552114
-4.7500963,5.341464,7.1849995,-0.06963864,0.68661255,0.625526
-5.3845596,0.8882488,7.6470804,-0.5045747,0.4728097,0.5131268
-5.66947,-4.4819455,11.480197,-0.49602258,-0.47158796,-0.48624873
-4.6255975,6.7205243,5.1642933,0.56077427,-0.1600467,-0.516792
-5.365406,7.97748,4.7884035,0.095294975,0.3115413,0.548557
-6.339846,3.371036,6.9144545,0.3567453,0.56077427,0.9053023
-6.2632318,-4.0773253,9.394848,-0.8246681,-0.10140363,-0.04886922
-4.5872903,1.7166426,7.0700774,0.34330627,-0.32498032,-0.60231316
-5.2289367,7.7189064,4.5154643,-0.040317107,0.004886922,0.10995574
-5.6527104,3.751714,6.4619503,-0.021991149,0.44593164,0.81000733
-6.136339,-2.1284454,9.035717,-0.25534168,0.08674286,0.25534168
-4.829105,1.0390835,7.57286,0.46303585,-0.31398472,-0.63407815
-5.2887917,7.831434,4.7764325,0.13561209,0.08552113,0.15882497
-6.0357823,2.9759927,7.2352777,0.11484267,0.42760566,0.6365216
-6.291962,-3.323152,9.504981,-0.3640757,-0.013439035,0.02565634
-5.5042696,0.34237084,8.025364,0.34330627,-0.4092797,-0.7648033
-5.2265425,7.062895,4.7788267,-0.17592919,0.1600467,0.008552114
-5.755661,3.904943,6.277597,0.3359759,0.52656585,0.7476991
-6.26802,0.15083471,8.937555,-0.17592919,0.21624629,0.3885103
-5.884948,-2.858677,9.406818,-0.16737708,-0.44226643,-0.5155703
-5.305551,2.4875755,6.5385647,0.1881465,-0.19425514,-0.4605924
-5.21936,7.678205,4.4340615,-0.16126843,0.062308256,-0.09285152
-6.1123967,2.4875755,7.5944076,0.16493362,0.42638394,0.7086037
-5.60722,-0.34237084,8.24563,-0.057421334,-0.4569272,-0.49602258
-4.819528,-0.20829555,9.809045,-0.625526,-0.38973203,-0.7012733
-6.0525417,-0.61770403,8.1642275,0.50701815,0.312763,-0.23945917
-5.9998693,2.1763294,6.375759,0.73914695,0.36285394,0.02687807
-6.349423,0.9696517,6.1746464,-0.017104227,0.22235495,0.344528
-5.8346696,3.9552212,4.867412,-0.24556783,0.10262536,0.44226643
-4.211401,5.1906295,8.334216,-0.33841935,-0.0842994,-0.007330383
-8.367735,-0.22505496,5.3845596,0.09162979,0.10751228,-0.27000242
-4.096479,1.9488802,10.625467,0.35918877,0.058643065,-0.5546656
-4.086902,2.1643584,7.252037,-0.99204516,-0.36163223,0.44837508
-9.52174,-1.3958195,4.235343,0.24312437,0.39584067,-0.13316862
-4.429273,2.681506,10.898406,0.49235737,0.089186326,-0.09162979
-3.9336734,3.8283286,8.056489,-0.893085,-0.6059783,0.73792523
-10.357317,-2.6743233,3.6176388,-0.18448131,0.12095132,-0.19547687
-5.0158525,1.6903064,10.213664,-0.009773844,0.28955013,-0.14538592
-4.1922474,3.3063924,7.015011,-1.0164797,-0.4447099,0.75747293
-7.477092,2.0925324,3.7325604,1.7348573,-0.49113566,-0.25167647
-6.540959,4.06296,7.776367,-0.48624873,-0.23457226,0.07574729
-6.600814,1.9608512,7.4723034,-0.2919936,0.004886922,0.5204572
-5.544971,3.1196449,5.9759274,-0.2919936,-0.204029,0.20891592
-4.1395745,5.0996494,7.1395097,-0.52412236,0.39584067,0.27855456
-6.423643,-0.12449849,7.615956,0.1160644,0.35430184,0.39584067
-6.7133417,-4.936844,10.0029745,-0.9810496,-0.344528,-0.643852
-5.056554,4.1036615,5.0996494,-0.10262536,-0.111177474,-0.53878313
-5.5497594,6.754043,5.1762643,0.2125811,0.16126843,0.3359759
-6.191406,2.5210943,7.9008656,0.1282817,0.43249258,0.8576548
-5.877765,-7.1107793,9.818622,-0.84665924,-0.12583824,-0.1282817
-4.606444,-0.25139117,8.020576,-0.09040806,-0.3481932,-0.62796944
-5.267244,6.0860605,5.662287,0.3494149,-0.013439035,-0.0061086523
-6.172252,3.289633,7.1754227,0.15760323,0.40561453,0.75869465
-6.7013707,-3.5649664,8.944737,-0.54000485,0.040317107,0.080634214
-5.470751,-0.20111294,7.795521,-0.09040806,-0.28710666,-0.5766568
-5.267244,7.079654,5.1235914,0.2406809,-0.042760566,-0.19303341
-5.8466406,6.64391,5.9687448,0.5143485,0.33841935,0.8136725
-6.71813,-2.3295584,8.92319,-0.33964106,0.21746802,0.53023106
-5.145139,-0.50757074,9.153033,0.5522222,-0.58032197,-0.73426
-5.7987566,1.5059528,8.470686,1.4123205,0.0012217305,0.07696902
-3.5170822,5.2887917,7.8625584,-0.27366763,0.17959438,0.5705481
-8.439561,-2.9592333,7.1490865,-0.44959682,0.036651913,-0.48991394
-4.4963107,1.4820108,9.7803135,1.1777482,0.4251622,-0.9492846
-3.0430303,5.78918,11.868058,-1.1362094,-0.9443977,-0.0036651916
-6.3446345,2.6144683,1.42455,-0.004886922,-0.35796702,0.54367006
-8.327033,0.48602295,5.9759274,0.7098254,0.86620694,-0.88331115
-3.5458126,2.7581203,12.186486,0.118507855,-0.2968805,0.14172074
-4.9536033,1.9632454,5.149928,-1.1496484,-0.57787853,0.9786061
-10.266336,-4.4077253,4.0342298,-0.47891834,0.6560693,-0.36163223
-3.6535518,2.171541,10.951078,0.73426,0.030543262,-0.0842994
-4.414908,3.560178,7.417237,-1.1129965,-0.54733527,0.8051204
-10.960655,-4.489128,2.9831753,-0.3005457,0.85154617,-0.36285394
-5.6910176,1.4796166,8.377312,1.028697,0.52412236,-0.44959682
-5.5880666,3.8905778,6.3566055,0.60231316,-0.15149458,0.2602286
-8.3390045,0.6823475,7.165846,-0.4972443,-0.17959438,0.1160644
-5.681441,4.4244847,6.2488666,-0.2968805,0.065973446,0.44837508
-5.118803,-3.0310593,9.7563715,-0.7257079,0.0036651916,0.35796702
-5.693412,-0.9576807,8.939949,-0.5656612,-0.4447099,-0.6951646
-5.7149596,7.6470804,4.2784386,0.64873886,-0.13805555,-0.46181414
-5.1475334,7.067683,5.9041014,0.17104226,0.24190263,0.5693264
-6.4547677,1.0079589,7.589619,0.25045475,0.41172317,0.61941737
-5.6790466,-4.146757,10.022128,-0.3359759,-0.3933972,-0.6621779
-4.807557,5.305551,5.7987566,0.08552113,-0.13194689,-0.3885103
-5.401319,4.534618,6.64391,0.29932398,0.2846632,0.5644395
-6.8450227,-3.1962593,8.92319,-0.21502456,0.20280726,0.29077184
-5.473145,-5.662287,10.728417,-0.0720821,-0.23335053,-0.25289822
-5.3318872,0.0023942017,7.4004774,-0.13072516,-0.38728857,-0.7281514
-6.447585,6.31351,5.779603,0.1600467,-0.11484267,-0.004886922
-5.1259856,4.6399627,6.1866174,0.10629055,0.0842994,0.45204028
-5.779603,-0.79248077,8.6813755,-0.2443461,0.3042109,0.6536258
-5.363012,-6.835446,10.656591,-0.45570546,-0.089186326,-0.21624629
-4.4244847,-2.4540567,10.089166,0.13927728,-0.44348818,-0.7440339
-4.414908,5.45878,5.949591,0.4886922,-0.29565877,-0.39095375
-5.33907,5.9424086,5.777209,0.5009095,0.1685988,0.35185838
-6.3589997,0.11252748,8.870518,0.06841691,0.5522222,0.47036624
-4.793192,-2.846706,9.375694,-0.32375857,-0.312763,-0.60231316
-6.0645127,0.85473,9.909601,0.7867944,-0.13805555,-0.44593164
-5.746084,2.2457612,4.819528,1.2779301,0.5363397,0.54611355
-3.9073372,8.197746,8.166622,-0.43127087,-0.0061086523,-0.33475417
-6.030994,4.2640734,3.5098996,-1.0897835,-0.4129449,0.15271631
-8.5473,0.50757074,5.499481,0.7012733,0.68294734,-0.46914452
-2.980781,4.237737,12.591106,-0.21624629,-0.4447099,0.10995574
-4.185065,7.015011,6.9383965,-0.9126327,-1.028697,0.6768387
-8.080431,-1.0534488,0.7422025,0.19547687,0.34574974,0.007330383
-6.813898,2.4971523,6.931214,1.4355333,0.8051204,-0.75136423
-2.7126305,5.1235914,13.826515,-0.23945917,-0.3567453,-0.23090707
-4.367024,5.231331,4.6902413,-0.9077458,-0.8491027,0.88453287
-10.340557,-2.6599581,2.7581203,-0.46914452,0.75502944,-0.39828414
-5.4300494,2.1021092,10.244789,1.102001,0.49357912,-0.39095375
-3.1268275,2.8275523,9.921572,-1.287704,-0.7147123,0.35796702
-7.433996,-0.90740246,2.7246015,-0.28099802,0.13316862,0.08307768
-7.369353,2.6767175,5.6646814,1.3255776,0.05131268,-0.8136725
-2.0973208,5.9639564,9.495404,-0.04520403,-0.33475417,-0.16737708
-8.995016,-1.7286136,5.9567738,-0.30665436,0.04520403,0.30787608
-5.861006,1.4987702,6.8067155,0.9334021,0.10629055,-0.54611355
-1.7525556,5.628768,10.721235,-0.172264,-0.37751472,-0.16615535
-7.4004774,0.29448682,4.9081135,0.112399206,-0.028099801,0.36651915
-6.8402343,2.1499932,7.0365586,0.68783426,0.16737708,-0.5876524
-2.1021092,7.120356,10.079589,0.23090707,-0.44348818,0.096516706
-6.603208,0.59136784,5.7365074,0.039095376,-0.21380283,0.41416663
-7.201759,1.400608,6.739678,0.7452556,0.23457226,-0.5876524
-3.2920272,4.429273,9.696517,-0.035430185,-0.25534168,0.059864793
-6.3230867,1.3982137,6.7588315,-0.49113566,-0.073303826,0.5045747
-9.054871,0.110133275,5.365406,0.47769663,0.29077184,-0.37995818
-3.3518825,3.9240966,10.268731,-0.19914207,-0.13683382,-0.087964594
-5.4324436,2.7485435,5.9687448,-0.61575216,-0.27000242,0.8210029
-7.97748,0.7182605,4.43885,0.5045747,0.18081611,-0.5558874
-6.5026517,0.10534488,10.151415,-0.50335294,0.1282817,0.38606682
-4.9176903,3.3686419,5.044583,-0.16126843,0.21135938,0.5925393
-5.8801594,-2.717419,9.957485,-0.6291912,0.24678956,0.22968534
-5.6335564,-2.4947581,10.395624,-0.68416905,-0.5497787,-0.96761054
-4.522647,6.612785,5.0613422,0.24801129,-0.12705997,-0.41783184