1.5275006,6.081272,8.710106,-0.50946164,0.47769663,-0.71959925
-0.39264908,2.9855695,8.3629465,-4.5265117,1.8692477,0.010995574
-5.461174,-1.436521,7.848193,-5.0054297,1.3414601,0.7086037
-4.489128,0.007182605,7.357382,0.010995574,0.15027285,1.5283848
-4.596867,4.1036615,7.8266454,1.1227703,0.4166101,0.49357912
-5.035006,-0.92895025,7.5561004,-0.4642576,0.23823744,0.05009095
-5.5521536,3.466804,6.6846113,-0.6291912,0.052534413,-0.02443461
-5.734113,3.6750996,7.2065473,0.6096435,-0.0720821,0.07696902
-5.3438582,5.1475334,6.766014,1.1545353,-0.056199603,-0.13072516
-5.899313,4.027047,7.029376,-1.2082914,-0.034208454,-0.021991149
-5.8945246,4.2185836,6.8785415,0.23579398,-0.14660765,0.27000242
-5.4922986,3.1196449,6.993463,0.39095375,-0.015882496,0.1685988
-5.887342,2.873042,7.0126166,0.39584067,0.019547688,-0.17470746
-5.925649,1.6711528,6.4906807,-0.040317107,0.02076942,-0.15027285
-6.277597,3.3303347,6.169858,-0.032986723,0.12950343,0.032986723
-6.289568,3.6296098,6.43322,-0.9101892,0.10140363,0.29443705
-5.899313,3.2202013,6.5601125,0.22479841,-0.08307768,0.16371189
-5.475539,1.8219875,7.2687964,-0.34208453,-0.028099801,-0.09285152
-5.729325,3.4572272,6.9982514,0.2443461,-0.05375614,-0.11728613
-5.765238,3.0669725,7.041347,0.58276546,-0.028099801,-0.1001819
-5.1642933,3.7924154,6.229713,0.752586,-0.103847094,-0.30665436
-6.253655,1.6903064,6.9000893,-1.1777482,-0.0036651916,-0.18570304
-6.007052,3.9743748,6.069301,-0.6365216,-0.15515977,0.4288274
-5.60722,1.2090719,7.836222,-0.2321288,0.112399206,0.16737708
-5.353435,0.6871359,7.752425,0.26145032,-0.065973446,0.012217305
-5.719748,1.5658079,7.1347213,-0.04153884,0.04520403,-0.02443461
-6.0357823,1.2234371,7.2113357,-0.7538077,0.034208454,0.012217305
-6.5146227,1.3862427,7.405266,0.88331115,0.061086524,-0.059864793
-6.208165,-0.47405192,7.917625,0.77946407,-0.12339478,0.037873644
-5.741296,1.5514427,7.1849995,0.59131753,0.064751714,0.2724459
-5.9304376,1.7357962,7.503428,0.019547688,0.037873644,0.015882496
-5.9280434,2.1092918,7.1347213,0.06719518,-0.02443461,-0.0012217305
-5.9064956,3.0478187,7.6710224,-0.4007276,0.0720821,0.043982297
-6.081272,-0.6607997,7.180211,-0.6988298,0.0061086523,0.013439035
-6.090849,0.60573304,6.8402343,0.4202753,-0.02321288,-0.18570304
-6.325481,2.207454,7.16824,1.8533652,-0.23823744,-0.2003638
-5.899313,-1.0271125,7.493851,-0.43004912,0.18203785,0.019547688
-6.277597,1.4293385,7.347805,0.2773328,-0.057421334,-0.06719518
-5.9543796,1.7310078,7.33344,-0.14905111,0.05497787,0.05497787
-6.0645127,0.6368576,7.4507556,-0.344528,0.0036651916,0.02687807
-6.1890116,1.2330139,6.6247563,0.6658431,-0.12950343,-0.4813618
-6.9958572,2.789245,7.9750857,0.29932398,0.04642576,0.15271631
-6.0645127,1.472434,6.646304,0.57543504,0.07574729,0.14905111
-5.9687448,3.8115692,6.919243,0.26389378,-0.008552114,0.09773844
-5.693412,1.8698715,6.847417,0.5852089,-0.19303341,-0.25900686
-6.3566055,1.3239936,6.9503675,-0.41050145,0.043982297,-0.112399206
-6.1243677,2.9352913,7.153875,0.22113322,-0.057421334,-0.2602286
-6.5385647,1.8722657,7.2927384,0.012217305,-0.080634214,-0.32620203
-5.827487,2.9233203,7.0844426,-0.06719518,0.2919936,0.44226643
-6.009446,2.3989902,6.7971387,0.010995574,0.0061086523,0.25289822
-6.1123967,2.183512,7.0844426,-0.16615535,0.057421334,0.07941248
-6.4499793,1.5753847,6.88333,0.18081611,-0.1282817,-0.24923302
-6.081272,2.2050598,6.634333,0.7770206,0.10995574,-0.15882497
-6.517017,2.0566192,6.4787097,0.0720821,0.034208454,-0.3555236
-6.7564373,3.7445314,6.3805475,0.0061086523,0.20647246,0.49235737
-6.229713,3.2992098,6.2847795,-0.31520647,0.14049901,0.30298916
-6.4260373,3.6583402,6.1076083,0.11362094,-0.052534413,-0.042760566
-6.564901,1.6663644,6.2847795,-0.07574729,-0.02443461,-0.16982053
-6.4188547,3.4452562,6.117185,0.3640757,-0.042760566,-0.1966986
-6.777985,2.5234885,5.729325,-0.14660765,-0.21991149,-0.6133087
-6.6510925,3.8163576,6.1507044,-0.2284636,0.2003638,0.45937067
-6.4427967,2.767697,5.9878983,-0.63285637,0.19181168,0.3371976
-6.6893997,2.3558946,6.5744777,-0.09407325,-0.028099801,-0.07452556
-6.7324953,3.004723,6.337452,0.05375614,-0.013439035,-0.1282817
-6.4763155,3.1052797,6.126762,0.31398472,-0.052534413,-0.2761111
-6.5840545,3.6966474,6.0166287,-0.16493362,-0.13194689,-0.47647488
-7.0461354,2.9400797,5.9448028,-0.06352998,0.20525073,0.4569272
-6.2871737,2.633622,6.2368956,-0.1685988,0.030543262,0.2321288
-6.469133,3.9624038,5.9567738,0.118507855,-0.034208454,-0.018325957
-7.091625,2.6384103,5.9663506,0.13316862,-0.057421334,-0.12217305
-7.00304,3.1675289,6.133945,0.02565634,-0.017104227,-0.1685988
-6.5337763,3.1555579,5.403713,-0.27366763,-0.118507855,-0.30665436
-7.441179,0.29688102,8.487445,-0.36651915,-0.16615535,0.17470746
-6.754043,0.34955344,5.2385135,-2.8600712,0.28955013,0.118507855
-6.6247563,3.359065,7.831434,-1.2156218,0.16737708,-0.07696902
-6.2823853,-2.099715,5.604826,-0.111177474,0.07086037,0.1441642
-6.55293,2.336741,7.285556,1.6041322,0.10262536,0.17104226
-6.7253127,1.4891934,6.5960255,0.118507855,-0.042760566,-0.14049901
-6.3446345,3.739743,6.6486983,0.056199603,-0.096516706,-0.043982297
-6.339846,2.6384103,6.811504,0.105068825,-0.20891592,0.0061086523
-6.1985884,1.9919758,5.6790466,-0.09285152,-0.19425514,-0.052534413
-6.4882865,1.9201498,6.7348895,0.13072516,0.06719518,-0.20525073
-6.4787097,2.2385786,6.4547677,0.23335053,0.05131268,0.172264
-6.2704144,2.9161377,6.76362,-0.065973446,0.042760566,-0.24312437
-6.9599442,1.1540052,6.859388,-0.2406809,-0.05497787,0.028099801
-6.5505357,1.1923125,6.505046,-0.14172074,-0.0061086523,0.17104226
-6.469133,2.5929205,6.325481,0.2846632,-0.015882496,0.03176499
-7.441179,1.9129672,6.2488666,0.9419542,0.008552114,-0.14294247
-6.517017,2.5594015,6.3901243,-0.15027285,0.15515977,0.19058995
-6.7109475,1.6208745,6.955156,-0.2846632,0.07696902,-0.06719518
-6.3949127,2.4779987,6.7133417,0.029321533,-0.02443461,-0.039095376
-6.8330517,1.1611878,6.6534867,0.48380527,-0.030543262,0.018325957
-5.5282116,3.2848446,5.932832,0.037873644,0.13316862,-0.1600467
-7.9152308,1.6496049,7.065289,0.535118,-0.013439035,0.09896017
-5.889736,2.8275523,6.0740895,-0.6267477,0.04520403,0.14049901
-6.5241995,2.0590134,7.0341644,0.062308256,0.052534413,0.037873644
-6.6534867,1.1923125,6.6103907,0.17470746,0.030543262,0.05009095
-6.229713,1.6376339,5.861006,0.010995574,-0.052534413,-0.24312437
-7.1155677,2.6862943,6.143522,0.40194935,-0.06719518,-0.07941248
-6.4499793,1.5059528,6.184223,-0.42760566,0.080634214,0.057421334
-6.895301,1.2617443,6.967127,-0.20158553,0.0,-0.05375614
-6.6367273,1.9393034,6.88333,0.013439035,0.057421334,0.07819075
-6.540959,2.147599,6.2345014,0.0720821,0.02565634,0.04642576
-7.153875,2.0733786,6.7923503,0.22602014,-0.040317107,-0.17104226
-6.9000893,1.2210429,6.155493,-0.14538592,0.14905111,0.10262536
-6.981492,2.0446482,6.5457473,-0.1966986,0.10629055,0.073303826
-6.8545995,2.3702598,6.5098343,-0.02565634,0.047647487,0.05131268
-6.567295,2.3295584,5.9998693,0.047647487,-0.043982297,-0.043982297
-7.225701,1.5107412,6.4547677,-0.21746802,-0.105068825,-0.13072516
-6.469133,2.7748797,6.4140663,0.23945917,0.07086037,0.16737708
-6.361394,1.532289,6.0621185,-0.7489208,0.015882496,-0.07452556
-6.7731967,2.4229321,6.6774287,-0.13072516,-0.15760323,-0.14294247
-6.0860605,0.7757214,7.1586633,0.23945917,-0.27855456,-0.3933972
-7.441179,0.92895025,6.8330517,0.042760566,0.26633725,0.4569272
-6.2129536,1.8842367,6.2943563,0.172264,0.15515977,0.18081611
-6.612785,2.4277205,6.2105594,-0.2761111,0.0842994,0.017104227
-6.5361705,2.834735,6.1195793,0.27488935,-0.087964594,-0.047647487
-6.8091097,2.1499932,6.0860605,0.2565634,-0.06719518,-0.3481932
-8.104373,0.7038953,7.335834,0.27000242,-0.02443461,-0.09162979
-6.6750345,3.70383,5.7029886,0.18570304,0.07452556,0.42271876
-6.933608,1.6304513,6.0956373,-0.6059783,0.16615535,0.03176499
-6.2009826,3.2010477,6.196194,0.034208454,-0.19425514,-0.267559
-7.1155677,1.1204864,6.3901243,0.13316862,-0.004886922,-0.25900686
-6.5936313,2.432509,6.50744,-0.2724459,-0.3286455,-1.0348058
-7.4363904,1.0582372,7.8505874,0.22479841,0.028099801,0.11362094
-6.481104,1.448492,6.6965823,0.052534413,0.1600467,0.22724187
-7.189788,2.6551697,4.7022123,0.10629055,-0.035430185,0.009773844
-6.8785415,2.8802247,6.3326635,-0.0842994,0.002443461,0.032986723
-7.225701,1.2617443,6.7348895,-0.28955013,0.11484267,0.21380283
-6.754043,1.4101849,6.5481415,0.27977628,0.0061086523,-0.06352998
-7.6853876,0.272939,6.4739213,0.45081854,-0.5021312,-0.12217305
-5.626374,3.323152,7.141904,-0.015882496,-0.14538592,0.035430185
-6.7468605,2.171541,7.1227503,-1.0885619,0.35796702,0.11728613
-6.5840545,1.5562311,7.156269,-0.10873401,0.029321533,0.5644395
-6.133945,1.673547,6.871359,-0.27122417,0.13316862,0.5216789
-6.0956373,2.5737667,7.065289,-0.23090707,0.22724187,0.4007276
-6.215348,1.079785,6.576872,-0.007330383,0.02443461,0.16982053
-6.4619503,2.813187,6.021417,-0.44348818,0.06352998,0.13683382
-6.078878,3.3614593,7.371747,0.77946407,0.04153884,-0.118507855
-6.4787097,4.122815,5.9759274,0.56321776,0.07086037,-0.3848451
-6.0884547,4.4460325,5.1882353,-0.12095132,-0.10629055,-0.36651915
-6.76362,3.086126,6.3542113,-0.61086524,0.103847094,0.1600467
-6.0980315,3.9695864,5.9424086,-0.20769419,0.008552114,0.23945917
-6.576872,2.2697031,6.6391215,-0.087964594,0.037873644,-0.018325957
-6.339846,3.787627,5.9567738,0.17592919,-0.02565634,0.040317107
-6.4906807,5.5497594,5.66947,0.31887165,0.037873644,-0.27122417
-6.2967505,3.3734303,6.0716953,0.88086766,-0.105068825,-0.25167647
-6.26802,3.8043866,6.38773,0.02076942,-0.10751228,0.06841691
-6.5457473,3.632004,6.045359,-0.8405506,0.042760566,0.25534168
-6.126762,2.6862943,6.7348895,0.55833083,-0.119729586,-0.073303826
-6.2512608,4.367024,6.6271505,-0.5131268,0.06963864,-0.38728857
-6.469133,4.6950297,6.5098343,0.38728857,-0.02076942,-0.18203785
-7.192182,1.697489,5.947197,-0.37018433,0.0012217305,0.3481932
-5.899313,3.857059,6.2249246,-0.204029,0.13561209,0.25045475
-6.0357823,2.741361,6.849811,0.08674286,-0.040317107,0.047647487
-6.5122285,1.1851299,6.2584434,-0.8381071,-0.018325957,-0.095294975
-7.07726,2.6072857,6.10282,1.5027285,-0.05009095,-0.07696902
-6.459556,2.5067291,6.787562,1.1386528,-0.07574729,0.087964594
-6.0716953,1.9680338,6.5002575,-0.27855456,0.073303826,0.10751228
-6.528988,2.8491,6.471527,-0.05497787,0.017104227,0.065973446
-6.411672,2.3989902,6.4882865,-0.7122689,0.013439035,0.047647487
-5.9041014,-1.0414777,6.2129536,-1.4905112,0.32742378,0.009773844
-7.0605006,0.82121116,7.398083,0.7318166,-0.080634214,0.030543262
-5.8586116,4.036624,6.3230867,0.36285394,0.008552114,0.23457226
-6.1004257,2.4372973,6.955156,0.09162979,-0.0012217305,0.04886922
-6.244078,2.1619642,6.6056023,-0.31887165,-0.0061086523,0.05375614
-6.232107,1.4915876,6.8306575,-0.31642818,0.02443461,-0.032986723
-6.0381765,-1.5011644,5.1930237,-0.7672467,0.23335053,-0.13439035
-7.529764,1.8387469,7.395689,1.210735,-0.12217305,-0.13194689
-6.030994,2.5378537,6.2871737,0.10262536,0.05009095,0.37140608
-6.045359,2.9520507,5.8107276,0.27855456,0.007330383,-0.062308256
-6.667852,4.110844,6.5960255,-0.073303826,0.05009095,-0.267559
-5.78918,1.4891934,5.901707,-0.61453044,-0.10262536,-0.52412236
-7.740454,1.8052281,6.8282633,0.2003638,0.22602014,0.28955013
-6.5122285,1.8555063,5.959168,-0.15393804,0.12950343,0.28099802
-6.646304,4.560954,6.337452,0.19058995,-0.019547688,0.042760566
-6.6989765,1.9249382,6.3566055,0.15515977,-0.08552113,-0.21624629
-6.5744777,2.348712,5.887342,0.1441642,0.007330383,-0.19303341
-8.063671,0.8595184,5.9687448,0.052534413,0.12461651,-0.034208454
-6.564901,3.074155,5.121197,0.21013765,0.058643065,0.31887165
-6.540959,3.9815574,5.7149596,0.013439035,-0.034208454,0.13439035
-6.4667387,3.8498764,5.875371,0.040317107,-0.030543262,-0.2443461
-6.835446,2.2864625,6.4427967,-0.04520403,0.03176499,-0.30543262
-7.3286514,1.6711528,5.475539,-0.0036651916,0.017104227,-0.09896017
-7.5321584,1.4867992,4.367024,-0.47647488,0.010995574,-0.26267207
-7.1706343,1.1899183,7.290344,-0.19547687,-0.15515977,0.13194689
-6.835446,2.0805612,7.204153,0.24190263,0.096516706,0.17348573
-6.3589997,2.0949266,5.5976434,-0.0720821,-0.14905111,0.030543262
-6.3087215,3.430891,6.5337763,0.26267207,-0.22602014,-0.10995574
-6.172252,1.7190368,6.825869,-0.1881465,0.07574729,0.065973446
-6.3589997,2.0231004,7.0341644,-0.089186326,-0.017104227,0.034208454
-6.2632318,2.1308396,6.754043,-0.09285152,-0.019547688,0.032986723
-6.169858,2.9783869,6.5241995,0.16249016,-0.19792034,-0.095294975
-6.579266,1.6591818,5.913678,-0.19425514,-0.05497787,-0.2003638
-6.811504,2.456451,6.600814,0.0061086523,0.15760323,0.22113322
-6.5098343,1.7956513,6.5984197,0.06352998,-0.019547688,0.061086524
-6.4667387,1.520318,6.7468605,0.0,-0.028099801,0.021991149
-6.457162,1.4915876,5.9687448,0.56077427,-0.15882497,-0.07574729
-6.591237,2.207454,6.399701,-0.09896017,-0.030543262,-0.27977628
-6.9719152,2.3798366,5.829881,-0.052534413,0.17104226,0.08552113
-6.5936313,2.846706,6.6989765,0.057421334,0.002443461,0.008552114
-6.540959,2.0470424,6.655881,-0.103847094,-0.040317107,-0.02076942
-6.531382,1.5897499,8.286332,0.14172074,-0.034208454,0.009773844
-5.9448028,4.6806645,4.644751,0.52534413,-0.27122417,-0.26389378
-8.231265,1.2018893,6.540959,-0.35796702,0.26511553,0.17470746
-6.030994,3.5553896,4.8626237,0.4129449,0.04153884,0.43249258
-6.739678,2.4612393,6.066907,-0.39095375,0.010995574,0.029321533
-6.179435,2.5498247,6.7253127,0.21868975,-0.02687807,0.0720821
-6.045359,2.8299465,6.6774287,0.111177474,0.05375614,0.047647487
-6.921637,2.80361,6.543353,0.32742378,-0.021991149,-0.1282817
-6.567295,2.9640217,5.995081,0.23457226,0.20158553,0.23090707
-7.2089415,1.7669208,5.758055,-0.065973446,0.029321533,-0.080634214
-6.799533,3.074155,6.169858,0.26145032,0.12461651,0.0061086523
-6.670246,4.1802764,5.33907,0.47036624,0.080634214,0.065973446
-7.40766,2.861071,6.3829417,0.010995574,-0.2003638,-0.39584067
-6.2847795,3.5865142,6.4068837,0.15271631,0.05375614,0.20891592
-6.6870055,3.193865,5.2289367,-0.15027285,0.07819075,-0.04642576
-6.9767036,2.813187,5.6407394,-0.007330383,0.058643065,-0.010995574
-7.0126166,2.7724855,7.0724716,-0.14172074,-0.43493605,-0.39706242
-7.1730285,1.7932571,6.823475,0.28955013,0.20525073,0.30543262
-6.4164605,3.5673606,5.5880666,-0.31398472,0.028099801,0.019547688
-6.349423,2.3319526,6.2704144,-0.019547688,-0.29932398,-0.2321288
-6.4619503,1.6184803,6.4308257,-0.081855945,-0.15271631,-0.30909783
-7.240066,1.436521,7.2783732,0.548557,-0.27122417,-0.2687807
-6.184223,2.954445,6.3326635,-0.36163223,0.376293,0.47891834
-6.2488666,2.111686,5.8226986,0.013439035,0.062308256,0.037873644
-6.2943563,2.7461493,6.1243677,0.05375614,-0.03176499,-0.14782938
-6.9743094,2.7964275,6.0956373,0.37507126,-0.087964594,-0.3921755
-7.3885064,1.6998832,6.5816603,0.096516706,0.21502456,0.3042109
-6.1530986,4.247314,5.9807158,-0.042760566,0.043982297,0.119729586
-6.459556,2.801216,5.8634,-0.37140608,-0.14905111,-0.25167647
-6.2847795,3.8833952,6.873753,-0.10629055,-0.45937067,-0.8222246
-6.373365,-3.016694,6.6989765,-1.4770721,-0.17348573,-0.9456194
-5.41329,-2.7868507,7.419631,-0.40439278,-0.028099801,-0.3933972
-6.8043213,-3.4476504,8.008605,0.81489426,-0.081855945,0.26511553
-5.365406,-0.7254431,7.541735,0.752586,0.2565634,0.8686504
-5.5976434,-0.6464345,7.455544,-0.1001819,-0.028099801,0.034208454
-6.5984197,1.2401965,7.1083846,0.6206391,0.23823744,0.16493362
-7.07726,2.3295584,5.6000376,-0.04520403,0.3286455,0.6206391
-6.1650696,3.3566709,5.695806,0.3213151,0.05375614,0.38240165
-6.919243,1.7262194,6.1243677,-0.02443461,0.096516706,-0.2284636
-6.6103907,2.753332,5.8801594,-0.75502944,-0.004886922,0.16737708
-6.777985,1.958457,6.8306575,0.35430184,0.02321288,-0.07696902
-7.1730285,1.4915876,6.220136,-0.12339478,-0.04642576,-0.07574729
-7.252037,-0.7110779,7.2424603,0.5876524,0.096516706,-0.28710666
-6.7612257,3.572149,5.6886234,0.058643065,-0.04886922,-0.080634214
-7.1634517,1.6783354,7.0485296,-0.46792278,0.07941248,0.2968805
-6.3470287,1.9991584,6.215348,-0.9468411,-0.03176499,0.19425514
-6.517017,2.3582888,6.531382,0.42638394,-0.10873401,-0.05497787
-6.4188547,3.098097,7.0006456,0.7819075,-0.036651913,-0.09407325
-6.8067155,2.420538,6.1076083,-1.078788,0.17592919,0.095294975
-6.6630635,1.6783354,6.9288197,-0.93951076,0.13683382,0.12095132
-6.2368956,2.1763294,6.9862804,0.009773844,-0.12217305,0.014660766
-6.5960255,1.0271125,6.55293,0.5497787,0.05497787,-0.13561209
-6.042965,3.5242648,5.6335564,0.14660765,0.06352998,-0.3042109
-7.177817,1.0630256,6.955156,-0.1563815,0.06963864,-0.10751228
-6.907272,2.3127987,5.3821654,0.15149458,-0.035430185,0.07452556
-6.909666,2.1787236,6.789956,-0.16493362,0.22113322,0.13439035
-6.3781533,1.2880806,7.165846,-0.15760323,0.06841691,0.007330383
-6.0836663,2.0207062,5.815516,-0.31887165,0.0061086523,-0.38728857
-7.9990277,0.19393034,6.588843,0.039095376,-0.056199603,-0.24556783
-7.0724716,1.3599066,6.217742,0.408058,0.07696902,0.14660765
-7.225701,0.79726917,5.9424086,0.81122905,-0.10140363,-0.032986723
-6.8282633,3.4380736,5.911284,-0.37018433,-0.013439035,0.17837265
-6.8450227,2.0494366,6.5481415,-0.39584067,-0.16249016,0.073303826
-6.64391,1.8770541,6.64391,0.3811799,-0.26633725,-0.103847094
-6.3542113,0.581791,6.8905125,1.1911873,-0.16615535,0.09896017
-6.0716953,1.9800048,6.859388,0.15882497,0.052534413,0.18448131
-6.2249246,1.376666,7.086837,0.15882497,0.02076942,-0.017104227
-6.4619503,1.8124107,6.7684083,-0.10140363,0.056199603,-0.021991149
-6.5625067,-0.557849,7.469909,0.06352998,0.059864793,-0.17592919
-6.95755,0.8451532,6.5864487,0.34697145,0.042760566,0.052534413
-6.8043213,2.0709844,6.0621185,0.9272934,-0.19058995,0.11484267
-5.267244,4.6519337,6.8043213,0.06963864,-0.3408628,0.032986723
-5.1642933,4.0462008,6.5864487,0.18570304,0.07086037,-0.27122417
-6.0525417,2.2218192,6.787562,0.07696902,-0.013439035,-0.4251622
-6.943185,3.1387985,5.171476,0.33964106,0.18325958,0.14172074
-6.603208,3.1268275,6.2009826,-0.13316862,0.09407325,0.22113322
-6.555324,2.9999347,6.4643445,0.4129449,-0.22113322,-0.2443461
-6.8689647,1.6089035,6.229713,0.09285152,-0.09407325,-0.119729586
-6.835446,2.5905263,6.2704144,-0.13194689,0.11728613,0.3371976
-6.066907,3.0933087,6.5002575,-0.06352998,-0.015882496,0.16371189
-6.2847795,2.8562827,6.459556,0.07574729,-0.04642576,-0.18448131
-6.0764837,2.3080103,6.1195793,-0.004886922,-0.095294975,-0.31031954
-6.9503675,1.5729905,7.0820484,-0.31520647,-0.08307768,-0.10995574
-5.8107276,2.707842,7.359776,-0.54733527,-0.14049901,0.43004912
-6.1530986,1.5035586,6.363788,0.37384954,0.09040806,0.03176499
-6.4188547,2.5713725,6.277597,-0.0720821,0.018325957,-0.20280726
-6.081272,3.083732,7.249643,-0.04642576,-0.17592919,0.021991149
-6.2704144,2.3702598,6.967127,-0.03176499,0.040317107,0.09040806
-5.159505,2.111686,7.7452426,-0.829555,-0.008552114,-0.058643065
-6.6175733,1.1492168,7.395689,-0.2932153,0.14172074,0.19181168
-6.2608376,2.4037786,6.2991447,-0.21746802,0.04642576,-0.04642576
-6.5744777,1.8148049,7.0724716,0.032986723,-0.004886922,0.015882496
-6.409278,1.7166426,6.3925185,0.089186326,-0.02076942,-0.0012217305
-6.2967505,1.6041151,7.2209125,0.13194689,0.15515977,-0.028099801
-6.43322,2.2960393,7.1610575,-0.3811799,0.043982297,0.16493362
-6.706159,1.2761095,6.066907,0.02687807,-0.02076942,-0.043982297
-6.6415157,1.4915876,6.6486983,-0.19547687,0.012217305,0.013439035
-6.2943563,2.2050598,6.739678,0.37018433,-0.08552113,0.0061086523
-6.5481415,1.1109096,5.267244,0.21502456,-0.096516706,-0.24556783
-7.524976,2.3343468,5.9543796,0.28955013,-0.010995574,0.19547687
-6.6654577,2.1523874,6.3087215,-0.27366763,0.02687807,0.14294247
-6.14831,2.6791117,6.181829,-0.0842994,-0.09040806,-0.013439035
-6.3206925,2.255338,6.397307,-0.25534168,-0.05131268,0.004886922
-6.823475,1.0342951,7.2592196,0.35796702,-0.05131268,-0.06963864
-5.734113,2.006341,6.5720835,0.015882496,0.017104227,0.12217305
-6.2871737,1.9057846,7.311892,-0.15393804,0.062308256,-0.10629055
-6.38773,1.8076223,6.7013707,0.081855945,0.004886922,-0.047647487
-6.205771,2.0470424,7.40766,0.1881465,-0.12583824,-0.12217305
-6.069301,3.1603463,6.6247563,0.29932398,-0.035430185,0.034208454
-6.2823853,0.8619126,6.9407907,0.081855945,0.18692477,-0.037873644
-6.409278,1.8315643,6.622362,-0.06841691,0.05375614,0.013439035
-6.1866174,2.585738,6.7372837,-0.15149458,0.036651913,0.017104227
-6.5505357,2.348712,7.005434,0.4361578,-0.2565634,-0.13927728
-6.540959,1.6879122,6.955156,-0.18325958,0.056199603,0.04642576
-6.196194,1.1085154,7.2687964,-0.39706242,0.062308256,0.0036651916
-6.4619503,0.8571242,7.1251445,-0.16737708,-0.14294247,-0.16249016
-6.4547677,0.93134445,6.7971387,0.1441642,-0.14660765,-0.18570304
-7.192182,0.78050977,7.836222,0.44104472,0.17348573,0.2443461
-5.877765,2.3391352,6.054936,0.1160644,0.21746802,0.19058995
-6.5098343,1.4053963,6.7013707,0.0012217305,-0.0720821,-0.1600467
-5.9807158,2.540248,6.655881,0.103847094,-0.1881465,-0.20280726
-6.691794,0.7302315,7.6494746,0.24556783,-0.02687807,-0.052534413
-6.2632318,2.207454,7.07726,-0.18203785,0.24801129,0.25900686
-6.5146227,1.9752164,6.2009826,0.10995574,0.10262536,0.15271631
-6.181829,2.4037786,5.8825536,-0.029321533,-0.1441642,-0.27000242
-6.409278,2.15957,7.314286,0.040317107,-0.28099802,-0.33841935
-6.279991,1.5490485,6.871359,0.3652974,-0.28344148,-0.3652974
-5.829881,1.8794483,7.551312,0.02565634,-0.38728857,-0.45814893
-5.693412,0.007182605,8.200141,0.22357668,0.04642576,-0.25411993
-6.7229185,0.32321724,6.227319,0.408058,0.015882496,0.20647246
-5.9567738,0.94331545,7.2448545,-0.4288274,0.18570304,0.26511553
-6.5457473,0.6560113,7.026982,-0.15760323,0.064751714,0.13683382
-6.38773,0.47405192,7.204153,-0.36896262,0.06841691,0.111177474
-6.208165,-0.61770403,6.9623384,-0.6609562,0.19425514,0.3359759
-6.703765,1.7046716,6.5816603,0.38606682,0.1563815,0.6743952
-6.160281,0.90740246,6.9527617,-0.05131268,-0.09896017,0.32375857
-6.205771,3.5697548,7.053318,1.8374827,-0.2003638,-0.018325957
-6.5122285,1.9776106,6.754043,0.5326745,-0.089186326,0.04153884
-6.1650696,2.3750482,6.7947445,0.22235495,-0.018325957,-0.2883284
-6.6965823,1.5682021,6.493075,-0.35063666,0.12705997,0.31031954
-6.8450227,0.5674258,6.50744,-0.35063666,-0.018325957,-0.007330383
-6.435614,2.6671407,6.7085533,0.4092797,-0.10995574,0.040317107
-6.1507044,2.2744915,6.555324,-0.20647246,0.07086037,-0.21868975
-6.9886746,1.9416976,6.8881183,0.119729586,0.04642576,-0.021991149
-6.6486983,1.733402,5.9926867,0.14172074,0.0061086523,0.19303341
-6.5098343,1.6639702,7.2711906,-0.008552114,-0.06352998,-0.12583824
-6.622362,2.4827871,6.9288197,0.030543262,-0.02076942,0.010995574
-6.6870055,1.0821792,6.6726403,-0.48624873,0.10262536,0.0012217305
-6.7612257,1.352724,6.754043,-0.31398472,0.11362094,0.21380283
-6.3901243,2.0901382,6.6486983,0.06719518,-0.02321288,0.1563815
-6.471527,0.7158663,6.38773,-1.8301523,0.05131268,-0.017104227
-6.2991447,-2.4492683,6.411672,-2.204002,0.25900686,-0.21502456
-7.2185183,-2.0278888,6.564901,0.5729916,-0.065973446,-0.0720821
-6.3925185,1.1731589,7.0341644,0.009773844,0.05497787,0.17715092
-6.4978633,1.0941502,7.0940194,-0.04153884,0.02565634,0.07086037
-6.8545995,1.283292,6.6510925,-0.087964594,0.012217305,-0.015882496
-6.5960255,1.364695,6.603208,0.6169739,-0.27122417,-0.034208454
-6.0836663,1.067814,7.1490865,0.44348818,-0.035430185,0.17104226
-6.5098343,0.33997664,7.117962,-0.23335053,0.057421334,0.018325957
-6.6056023,0.6607997,6.3087215,-0.21624629,0.04520403,-0.0036651916
-6.493075,1.5227122,6.88333,-0.8588765,0.14782938,-0.06352998
-7.053318,0.90261406,7.3885064,1.3158038,-0.19792034,-0.13561209
-6.2704144,0.9696517,7.2328835,0.13683382,0.10751228,0.32375857
-6.5337763,0.7781156,6.9647326,0.28221974,0.05131268,-0.103847094
-5.9639564,4.7261543,6.4547677,-0.07819075,0.058643065,-0.25778514
-7.465121,1.4149733,6.4499793,0.19181168,-0.018325957,-0.5180137
-6.931214,2.2170308,5.734113,-0.1001819,0.1160644,0.453262
-6.495469,1.7956513,6.3087215,-0.014660766,0.010995574,0.23457226
-6.3949127,1.7836803,6.495469,-0.05497787,-0.09773844,-0.29565877
-7.855376,-0.50517654,6.1004257,0.042760566,0.19547687,-0.2919936
-7.359776,0.6847417,6.0022635,-0.8014552,0.12950343,0.40317106
-6.777985,2.3008277,6.7205243,0.42149702,-0.2602286,0.12583824
-6.0645127,1.7501614,7.005434,-0.080634214,-0.20769419,-0.10262536
-6.042965,1.5394717,6.823475,0.17470746,-0.037873644,-0.41416663
-6.5098343,2.2385786,6.543353,-0.3726278,-0.14294247,-0.46914452
-6.6750345,-1.6950948,8.331821,-0.34208453,-0.13683382,-0.29810223
-5.8466406,-0.21308395,7.1466923,0.80756384,0.2724459,0.23823744
-6.4739213,1.2066777,6.6367273,0.48624873,0.015882496,-0.11362094
-6.895301,1.4891934,7.28795,0.52534413,-0.08552113,0.095294975
-7.0700774,0.62488663,7.055712,0.029321533,-0.064751714,0.017104227
-6.471527,0.62728083,7.2089415,-0.21746802,-0.07574729,0.10629055
-6.2943563,2.3223755,6.1195793,0.0,0.1563815,0.49846604
-7.2711906,0.15083471,7.2807674,0.16126843,0.19914207,0.58276546
-6.066907,2.5809495,6.1746464,0.15760323,0.09040806,0.20525073
-6.3470287,2.669535,6.517017,-0.103847094,-0.02321288,-0.07086037
-6.339846,2.9257145,6.8905125,0.39584067,-0.10873401,-0.20525073
-7.2687964,1.1994951,6.5936313,-0.017104227,0.17837265,0.08307768
-6.777985,2.1883004,6.4763155,-0.30176744,0.008552114,-0.04153884
-6.7468605,1.8028339,6.703765,-0.07696902,0.007330383,0.105068825
-6.31351,2.5019407,6.181829,0.19058995,-0.1282817,0.015882496
-6.2943563,0.31603462,7.517793,-0.90041536,-0.056199603,-0.18936823
-6.615179,2.5330653,6.7348895,0.05009095,0.1881465,0.33964106
-6.742072,2.111686,6.0477533,0.07941248,-0.0061086523,-0.029321533
-6.588843,2.9472623,7.1107793,0.09285152,-0.08552113,0.087964594
-5.865794,1.0893618,7.1586633,-1.9022343,0.06841691,0.040317107
-6.9168487,1.9991584,7.261614,-0.15149458,-0.035430185,0.013439035
-6.979098,1.5921441,5.995081,-0.103847094,-0.035430185,0.19181168
-6.6367273,1.9393034,6.0022635,-0.35430184,0.004886922,0.064751714
-6.3566055,1.8602947,6.7803793,0.1563815,-0.10751228,-0.02443461
-6.8545995,0.9935937,7.1395097,0.23457226,-0.037873644,0.0036651916
-6.1387334,1.0007763,7.043741,0.02443461,0.081855945,0.056199603
-6.5457473,2.3463178,6.2991447,0.065973446,0.06963864,0.0061086523
-6.6175733,2.5354595,6.339846,0.06841691,-0.06352998,0.017104227
-7.0006456,0.19393034,8.101978,-0.16249016,-0.27000242,-0.07941248
-6.2488666,1.9752164,6.742072,-0.22357668,0.04642576,0.040317107
-6.5625067,0.7254431,7.1395097,-0.04520403,0.103847094,-0.02321288
-6.253655,1.1228806,6.9719152,-0.02687807,-0.019547688,-0.06352998
-6.5361705,2.7724855,6.6056023,-0.10751228,-0.04520403,-0.012217305
-6.813898,0.8475474,6.83784,-0.061086524,-0.037873644,-0.02687807
-6.0740895,1.6400281,6.9360023,-0.13805555,0.12217305,0.16493362
-6.4547677,1.70946,6.277597,-0.13316862,0.12095132,-0.017104227
-6.3925185,2.0685902,6.564901,0.3005457,0.0012217305,0.057421334
-6.7253127,1.3311762,7.2328835,-0.014660766,-0.18203785,-0.20280726
-5.9639564,1.460463,7.1969705,-0.2406809,0.03176499,0.047647487
-6.117185,0.58657944,7.177817,-0.27977628,-0.1282817,-0.118507855
-6.14831,1.079785,7.6375036,0.029321533,-0.14905111,-0.2883284
-6.646304,0.7062895,7.9726915,0.18081611,0.22479841,0.2724459
-5.389348,2.0853498,6.3901243,0.10629055,0.080634214,0.02443461
-6.375759,1.2665327,6.9000893,-0.02443461,-0.089186326,-0.18325958
-6.0477533,0.770933,7.1826053,0.20647246,-0.12095132,-0.23945917
-7.2927384,0.09816227,8.173804,0.013439035,0.13439035,0.21624629
-5.659893,2.2720973,6.339846,-0.16126843,0.1441642,0.1881465
-6.1387334,1.4413095,7.091625,-0.20891592,-0.1160644,-0.24801129
-6.1004257,1.3263878,7.2783732,0.19058995,-0.112399206,-0.21502456
-6.3949127,-0.6655881,7.66384,-0.689056,-0.39461896,-0.86742866
-5.121197,0.1364695,8.288726,-0.43493605,-0.040317107,-0.22602014
-6.5696893,-1.0414777,8.054094,0.15149458,0.29932398,0.35430184
-6.3422403,-0.34715924,6.8809357,0.26145032,0.013439035,0.062308256
-6.0525417,0.60094464,7.4842744,0.0842994,0.062308256,0.10629055
-6.634333,0.17717093,7.2352777,-0.029321533,0.21991149,0.48991394
-5.554548,2.5139117,6.1076083,0.18936823,0.25778514,0.39461896
-6.706159,3.0214825,6.7013707,0.14049901,0.105068825,0.019547688
-6.543353,1.9416976,6.301539,-0.13439035,-0.057421334,0.087964594
-6.244078,3.1052797,6.7923503,0.004886922,-0.035430185,-0.073303826
-6.241684,3.1316159,6.540959,0.0842994,0.02321288,-0.2773328
-6.244078,4.6926355,6.5385647,0.12950343,-0.05497787,-0.034208454
-6.739678,3.2585084,7.03177,-0.1966986,-0.042760566,0.21624629
-6.265626,2.7748797,6.3446345,0.79045963,-0.17715092,-0.009773844
-6.05733,2.420538,7.33344,-0.018325957,-0.002443461,-0.37018433
-6.531382,3.608062,6.6750345,-0.32375857,-0.12095132,0.061086524
-6.847417,1.4293385,6.2009826,-0.043982297,0.11728613,0.2883284
-6.2632318,2.858677,6.993463,-0.4361578,-0.095294975,0.013439035
-6.3829417,3.181894,6.5385647,0.35796702,-0.004886922,0.02565634
-5.9783216,4.0821137,6.5002575,-0.61575216,-0.014660766,-0.036651913
-6.7923503,1.2880806,7.144298,-0.47036624,0.028099801,0.28710666
-6.078878,1.970428,6.7684083,-1.0543534,0.1282817,0.26633725
-5.901707,3.9911342,6.670246,-0.6951646,-0.02443461,0.03176499
-6.114791,1.2114661,7.4866686,-0.6731735,0.02565634,-0.17348573
-6.9144545,-0.50038815,7.053318,0.3640757,-0.10140363,-0.034208454
-6.564901,-1.8986019,7.1610575,-0.50701815,0.08674286,0.095294975
-6.3087215,2.858677,6.801927,-0.23579398,0.04642576,0.052534413
-6.007052,2.1092918,8.403648,-1.2583824,0.06719518,-0.17837265
-6.777985,-0.22505496,7.2113357,0.39584067,-0.0720821,-0.07819075
-6.4882865,-1.5682021,7.1634517,-0.07574729,0.043982297,0.16615535
-6.7492547,2.123657,6.5505357,-0.14538592,0.0720821,-0.029321533
-6.493075,1.0414777,6.849811,-0.59498274,0.028099801,-0.019547688
-7.36217,0.4309563,5.765238,1.0824533,0.042760566,-0.07819075
-6.835446,0.7254431,6.0381765,-0.27000242,-0.040317107,-0.10751228
-6.8785415,2.336741,7.237672,0.956615,-0.043982297,0.1160644
-5.303157,3.2824504,6.054936,0.1441642,-0.065973446,0.047647487
-6.493075,1.6807296,7.603985,-0.002443461,0.034208454,-0.14172074
-6.5146227,-0.25857377,6.777985,0.002443461,0.052534413,-0.3885103
-7.6351094,0.45489833,6.445191,0.095294975,0.13316862,0.09285152
-6.0980315,1.7429788,6.4978633,-0.19792034,0.018325957,0.42760566
-6.3087215,2.2601264,6.6079965,0.30665436,-0.18448131,-0.3494149
-7.345411,-0.21068975,7.055712,-0.052534413,0.032986723,-0.15882497
-6.7133417,1.6591818,6.2823853,-0.19303341,0.1563815,0.48258355
-6.208165,2.0973208,6.3063273,-0.012217305,0.02565634,0.12339478
-6.9048777,1.0510546,6.540959,-0.30665436,-0.002443461,-0.37995818
-6.5864487,1.5729905,7.144298,-0.007330383,-0.019547688,-0.2602286
-7.038953,-0.11492168,6.9982514,0.21991149,-0.095294975,0.23701571
-6.4619503,0.9840169,7.091625,0.15393804,0.039095376,0.33841935
-6.670246,2.7700913,5.7365074,0.010995574,0.06719518,0.06352998
-6.2943563,1.8818425,7.0006456,-0.18325958,-0.087964594,-0.021991149
-6.3206925,1.6136919,6.5625067,-0.18325958,0.002443461,0.034208454
-6.019023,-0.25857377,7.52737,-0.17470746,0.056199603,-0.10751228
-6.8689647,1.7166426,6.6870055,-0.04642576,0.05131268,0.07941248
-6.622362,1.1133038,6.921637,-0.19181168,-0.037873644,-0.0061086523
-6.6056023,2.2577322,6.667852,0.058643065,-0.02443461,-0.05009095
-6.1530986,3.7445314,6.019023,0.0,-0.43493605,-0.19058995
-6.6247563,0.93613285,6.751649,0.2883284,0.13439035,0.09162979
-6.50744,1.3503298,6.7133417,-0.1881465,-0.008552114,0.019547688
-6.5098343,1.2761095,6.955156,-0.14905111,0.017104227,0.037873644
-6.2345014,2.1763294,6.6606693,0.42394048,-0.07086037,0.057421334
-6.679823,1.958457,7.007828,0.40683624,0.09407325,-0.13072516
-6.6391215,2.111686,6.05733,0.019547688,0.0842994,0.18692477
-6.3302693,1.9081788,6.8091097,-0.5742133,0.15149458,-0.05131268
-6.232107,0.51714754,7.3789296,0.2565634,0.004886922,0.036651913
-6.691794,1.5921441,6.3302693,0.035430185,-0.07452556,-0.010995574
-6.885724,1.1994951,7.2352777,0.0,-0.009773844,-0.032986723
-6.203377,1.9297266,6.859388,0.16737708,-0.015882496,0.1160644
-6.540959,2.3894134,6.9623384,0.09896017,0.036651913,-0.013439035
-6.634333,2.3630772,5.092467,0.12705997,-0.042760566,0.04642576
-6.931214,2.5306711,7.5225816,-0.15271631,-0.15149458,-0.19792034
-6.133945,2.183512,6.670246,-0.4569272,0.0842994,0.105068825
-6.421249,1.3239936,6.8330517,-0.14660765,0.0720821,-0.02443461
-6.9120603,1.151611,6.2105594,-0.32620203,0.056199603,0.007330383
-6.5577183,1.99437,6.373365,0.4007276,0.010995574,0.010995574
-6.811504,1.5227122,6.8809357,0.19914207,-0.27855456,-0.17470746
-6.203377,1.5634137,7.855376,-0.30787608,0.13927728,0.25534168
-6.0166287,0.50996494,6.2345014,-0.31031954,0.019547688,-0.20769419
-6.469133,1.6065093,7.433996,-0.052534413,-0.18570304,-0.3567453
-7.153875,-0.22984336,8.26239,0.32986724,0.112399206,0.105068825
-6.3087215,2.2720973,6.2105594,0.080634214,0.31398472,0.2883284
-6.339846,3.5122938,5.9878983,-0.18325958,-0.042760566,-0.004886922
-6.399701,2.813187,6.531382,0.37507126,-0.22479841,-0.30543262
-6.9767036,0.6919243,8.137892,0.28344148,-0.030543262,-0.1881465
-6.2967505,2.3391352,5.9878983,0.004886922,0.267559,0.26389378
-6.5026517,1.5682021,6.3542113,-0.02076942,-0.05497787,-0.14172074
-6.105214,2.4612393,5.961562,0.05497787,-0.2932153,-0.44593164
-6.7588315,0.39983168,7.8146744,0.5204572,-0.05375614,-0.035430185
-6.090849,0.80205756,7.2113357,0.22235495,-0.04153884,0.06841691
-6.3542113,1.1923125,7.515399,0.08307768,0.05009095,0.061086524
-5.7748146,1.9512744,6.694188,-0.010995574,0.0061086523,-0.010995574
-6.8282633,-0.23223756,7.4746976,-0.6646214,-0.029321533,-0.18325958
-5.8586116,1.661576,6.5481415,0.3286455,0.002443461,-0.013439035
-6.184223,0.6991069,7.5345526,0.267559,0.043982297,-0.036651913
-6.754043,1.0462662,7.2352777,-0.02687807,0.18203785,0.5766568
-6.481104,1.8363527,6.172252,-0.15760323,0.0842994,0.6218608
-5.659893,1.7645266,6.789956,0.07452556,0.105068825,0.30787608
-5.805939,3.1316159,8.02297,0.7134906,-0.07819075,-0.14782938
-6.991069,1.1180922,6.5481415,-0.39461896,-0.02321288,-0.039095376
-6.0501475,1.9656396,6.646304,-0.105068825,0.004886922,0.25534168
-5.920861,1.7908629,7.2472486,0.05009095,-0.029321533,-0.05497787
-6.069301,3.0693667,7.297527,0.66828656,-0.062308256,-0.16615535
-6.0836663,0.24420857,6.4739213,-0.03176499,0.13683382,-0.028099801
-6.801927,1.6567876,6.4068837,-0.2565634,0.118507855,0.22968534
-6.117185,2.030283,7.1490865,-0.2773328,0.029321533,0.080634214
-6.4787097,2.1068976,6.799533,-0.09407325,-0.08552113,-0.062308256
-5.767632,4.0916905,7.091625,0.96883225,-0.11728613,-0.28344148
-6.4499793,2.5905263,6.4020953,0.05131268,-0.204029,-0.19914207
-6.2009826,2.6551697,6.4404025,0.09040806,0.037873644,0.05497787
-6.131551,2.1380222,6.907272,-0.20647246,-0.018325957,0.14538592
-6.375759,1.520318,6.945579,-0.63163465,0.04520403,0.24678956
-5.9400144,-2.7222073,5.935226,-1.0848967,0.24190263,-0.0036651916
-6.8043213,0.94331545,7.615956,0.32498032,-0.064751714,0.017104227
-5.1140146,0.9672575,7.2544312,0.8222246,0.04642576,0.31520647
-6.157887,2.0470424,7.216124,-0.15515977,0.021991149,-0.042760566
-6.0118403,2.1068976,6.991069,-0.312763,0.040317107,-0.004886922
-6.588843,-0.25139117,7.3645644,-0.06352998,-0.08674286,-0.14782938
-6.0238113,0.20111294,7.788338,0.14538592,-0.052534413,0.05009095
-5.765238,1.271321,7.1730285,-0.10629055,0.02565634,0.10629055
-6.244078,1.3958195,7.1826053,-0.23090707,0.09040806,-0.05497787
-6.423643,0.9911995,6.813898,-0.08674286,-0.047647487,-0.3359759
-6.6367273,-0.25617957,7.1514807,0.60231316,-0.103847094,-0.19425514
-5.841852,3.1651347,6.9407907,0.46914452,0.07086037,0.33475417
-5.8825536,2.6240451,6.967127,0.019547688,-0.05009095,-0.119729586
-6.483498,2.1930888,6.909666,0.09773844,0.036651913,-0.22235495
-6.5098343,0.34476504,7.0485296,0.05009095,-0.017104227,-0.28221974
-6.8091097,1.3934253,6.7468605,0.12217305,0.047647487,0.21135938
-6.078878,1.8818425,6.6989765,-0.029321533,0.0,0.27122417
-5.662287,2.4372973,6.6510925,0.25778514,-0.15760323,-0.27977628
-6.6175733,1.5705963,6.8402343,0.14294247,-0.040317107,-0.29443705
-6.8665705,1.8890251,6.6989765,0.0720821,0.089186326,0.23335053
-6.105214,1.9177556,6.777985,-0.19792034,0.08674286,0.23823744
-5.9663506,2.27928,6.9383965,-0.039095376,-0.029321533,-0.05131268
-6.64391,1.9632454,7.144298,0.12583824,-0.04886922,-0.2565634
-6.5457473,0.51235914,7.129933,-0.018325957,0.030543262,-0.02076942
-6.5218053,-0.19393034,6.2991447,-0.52290064,-0.12705997,0.014660766
-6.385336,0.34476504,7.264008,-0.0842994,-0.035430185,0.38240165
-5.7125654,2.2242134,6.4739213,0.4288274,0.073303826,-0.052534413
-6.090849,1.8100165,7.3525934,0.15393804,0.043982297,-0.12705997
-6.0716953,1.8722657,7.3885064,-0.12095132,0.0061086523,0.080634214
-6.423643,1.8363527,6.2943563,0.47036624,-0.012217305,0.1966986
-5.705383,1.7429788,7.48188,-0.172264,0.043982297,-0.27488935
-6.4068837,1.5179238,7.079654,0.2443461,0.089186326,-0.029321533
-6.4044895,1.5753847,6.8162923,-0.05009095,-0.004886922,0.105068825
-6.0501475,1.9081788,7.225701,-0.15393804,-0.029321533,0.05131268
-5.5521536,2.4636335,7.7787614,-0.75869465,0.010995574,-0.105068825
-6.615179,2.2361844,6.682217,0.35796702,-0.028099801,0.030543262
-6.1100025,1.7645266,6.8426285,-0.07086037,0.007330383,-0.032986723
-5.7987566,1.6687586,7.228095,-0.10873401,-0.05375614,0.035430185
-5.518635,3.6343982,7.4483614,-0.26145032,-0.05497787,-0.073303826
-6.847417,1.2330139,6.564901,-0.014660766,-0.15393804,0.008552114
-6.2728086,1.30484,7.5441294,-0.12583824,0.15882497,0.06841691
-6.2464724,2.6719291,6.3805475,0.07574729,0.0,0.007330383
-6.3230867,2.6551697,6.481104,0.4166101,0.042760566,0.09773844
-6.991069,1.7477672,7.4627266,-0.19547687,-0.18448131,-0.19425514
-6.361394,1.3551182,7.0820484,-0.3408628,-0.05131268,-0.09896017
-6.256049,2.231396,6.9288197,0.16615535,0.081855945,0.017104227
-6.567295,2.542642,6.4044895,0.24801129,0.008552114,0.057421334
-6.4787097,0.08140286,7.043741,0.14782938,-0.018325957,0.16371189
-6.7085533,1.2018893,7.053318,-0.07086037,-0.07696902,-0.047647487
-5.837064,2.327164,7.1706343,0.31642818,0.15760323,0.07086037
-6.682217,2.1188686,6.4643445,-0.064751714,0.012217305,-0.0012217305
-6.5218053,1.1061212,6.471527,0.32742378,-0.017104227,0.13561209
-6.9503675,1.0845734,7.347805,-0.18570304,-0.105068825,-0.16371189
-5.671864,1.9416976,6.9838862,-0.029321533,0.018325957,0.06841691
-6.191406,2.2936451,6.399701,-0.23090707,-0.03176499,-0.12095132
-6.3302693,1.3383588,7.431602,0.1881465,-0.24923302,-0.3640757
-7.0724716,0.7661445,8.018182,-0.10140363,0.18325958,0.22724187
-5.57849,2.6192567,6.1219735,-0.23457226,0.2883284,0.2968805
-6.457162,2.2050598,6.991069,-0.26267207,0.07819075,0.017104227
-6.244078,1.6903064,6.38773,-0.07819075,-0.1966986,-0.19425514
-6.265626,1.7118542,7.350199,0.07574729,-0.2761111,-0.22724187
-6.253655,0.9959879,8.157045,0.07819075,0.043982297,0.15149458
-5.839458,1.697489,6.9599442,0.15515977,0.16126843,0.25900686
-6.0238113,1.8339585,6.603208,-0.035430185,-0.02321288,-0.09773844
-5.7245364,1.5490485,6.679823,-0.1881465,-0.17715092,-0.25045475
-5.1930237,2.4516625,6.715736,0.12583824,-0.3481932,-0.46792278
-5.9926867,-0.36152446,8.652645,-0.5045747,-0.204029,-0.61208695
-5.7867856,-0.40940848,8.372523,-0.009773844,0.24190263,0.09896017
-6.4739213,-1.8028339,7.050924,0.36041048,0.0,-0.0036651916
-5.619191,1.8794483,6.8785415,0.13561209,0.032986723,0.08307768
-6.26802,0.2801216,7.797915,0.105068825,0.17104226,0.43860126
-6.0597243,0.09816227,6.9958572,0.09162979,-0.030543262,-0.22724187
-6.5816603,1.271321,7.2711906,-0.31031954,0.13072516,0.4654793
-5.932832,2.1212628,6.670246,0.16737708,0.09896017,0.42638394
-6.555324,2.2002714,6.4020953,-0.2125811,0.21624629,0.09896017
-6.1411276,2.3630772,6.931214,-0.087964594,0.019547688,0.15149458
-6.564901,1.067814,6.7133417,0.0720821,-0.1160644,-0.10995574
-6.64391,1.5753847,5.911284,0.5448918,0.15271631,-0.09896017
-6.7229185,1.8722657,6.6774287,0.17837265,-0.013439035,-0.23457226
-6.3230867,3.0813377,5.3821654,-0.8857546,0.16982053,0.28221974
-6.564901,2.942474,6.519411,-0.015882496,-0.064751714,0.081855945
-6.457162,2.4995465,6.457162,0.010995574,-0.09285152,-0.056199603
-6.670246,2.2361844,5.518635,0.07696902,0.103847094,-0.21991149
-7.2664022,2.9712043,5.8203044,-1.0213667,0.172264,0.18325958
-6.5840545,2.243367,6.7085533,-0.14294247,0.18692477,0.22357668
-6.3422403,2.3439236,6.3111157,-0.017104227,-0.014660766,0.15149458
-6.3901243,2.111686,6.777985,-0.23823744,-0.015882496,-0.039095376
-6.5816603,2.7269957,6.835446,0.12217305,0.013439035,-0.037873644
-6.325481,3.7349546,5.628768,0.63285637,-0.056199603,-0.2406809
-7.050924,2.4061728,6.9623384,-0.14294247,0.007330383,-0.0842994
-6.679823,2.4372973,5.9639564,-0.3567453,0.036651913,0.23090707
-6.045359,3.8019924,6.6247563,-0.14905111,-0.004886922,0.10751228
-6.232107,4.759673,7.019799,-0.50701815,-0.073303826,0.0012217305
-6.591237,0.5267244,6.5241995,0.3652974,-0.22968534,-0.24801129
-6.8043213,0.6823475,7.055712,-0.16615535,0.08307768,0.1282817
-6.3925185,2.5929205,6.9407907,-0.11728613,0.064751714,0.22602014
-6.555324,0.50038815,6.5864487,-0.6805039,0.013439035,-0.013439035
-7.773973,-2.8634653,5.568913,0.38362336,0.20158553,-0.05497787
-6.169858,5.116409,6.3949127,1.8790215,-0.1881465,-0.05497787
-6.31351,0.78769237,6.9024835,-0.51923543,0.12095132,-0.0061086523
-6.4499793,2.5139117,5.985504,-0.45937067,0.10629055,0.05131268
-6.3302693,1.5753847,6.6271505,-1.1459832,0.034208454,-0.18448131
-6.208165,1.7956513,7.395689,1.0189233,-0.08552113,-0.002443461
-6.4427967,-0.2681506,7.0724716,0.096516706,0.08552113,0.062308256
-6.787562,4.4603977,5.4180784,0.37995818,-0.12095132,0.019547688
-6.066907,-1.1252748,7.2951326,-1.0690142,0.05131268,-0.08552113
-5.66947,1.7860745,6.7827735,-0.312763,-0.07819075,-0.44593164
-7.120356,1.0055647,7.4124484,0.24556783,0.14049901,0.18325958
-5.9687448,1.0893618,6.5265937,0.2284636,0.073303826,0.453262
-5.9041014,3.2465374,6.10282,0.06352998,-0.047647487,-0.08674286
-6.9982514,1.4772224,6.9407907,-0.073303826,-0.08307768,-0.35308012
-6.7803793,0.39983168,7.1993647,-0.06841691,0.010995574,0.096516706
-6.6247563,1.8626889,6.6175733,-0.05131268,0.06841691,0.32986724
-6.2225304,2.1643584,6.8522053,-0.010995574,0.035430185,0.19792034
-6.1195793,1.8483237,6.6726403,0.015882496,-0.09040806,-0.21135938
-6.7085533,0.46447513,7.3406224,-0.13439035,-0.030543262,-0.2761111
-6.471527,-1.6424223,7.93199,-0.16615535,-0.15760323,-0.44104472
-5.8322754,2.7030537,6.351817,0.6462954,-0.10751228,0.28344148
-6.3589997,2.4899697,7.831434,0.26389378,0.017104227,-0.16126843
-6.4140663,2.087744,6.9383965,0.16493362,0.13561209,-0.017104227
-6.7708025,2.4732103,6.325481,-0.2443461,0.073303826,0.16615535
-5.8322754,3.098097,6.9503675,-0.07452556,-0.04642576,0.04520403
-6.291962,3.6487634,7.249643,-0.10995574,-0.17348573,-0.014660766
-6.9599442,1.2138603,6.2871737,0.064751714,0.21624629,-0.09162979
-6.64391,2.1332338,6.4308257,-0.21013765,0.18325958,0.21868975
-6.7731967,1.5251064,6.543353,-0.24801129,-0.15760323,-0.057421334
-6.2728086,1.2761095,7.299921,-0.1600467,-0.065973446,0.118507855
-6.2249246,1.3910311,7.345411,0.79290307,0.16615535,-0.23335053
-7.2831616,2.3582888,6.9767036,0.10751228,0.16615535,0.036651913
-6.6247563,1.2042835,6.227319,-0.010995574,-0.028099801,0.007330383
-6.631939,2.2697031,6.6534867,0.065973446,-0.073303826,0.037873644
-5.81791,6.7205243,5.8466406,0.9505063,-0.37995818,-0.1282817
-6.8641763,1.2617443,6.1219735,-0.5314528,-0.16615535,-0.24678956
-7.019799,1.4867992,7.422025,0.21502456,0.14905111,0.32620203
-6.3230867,1.9871874,6.325481,-0.4373795,0.07086037,0.07941248
-6.612785,0.81881696,7.33344,-0.23090707,-0.039095376,-0.0012217305
-6.543353,1.4197617,6.8186865,0.18325958,-0.15027285,-0.16737708
-6.7229185,1.7118542,6.6606693,0.05009095,-0.13683382,-0.21502456
-6.495469,0.7685388,7.374141,-0.052534413,0.19303341,0.17348573
-6.399701,1.4676456,6.8929067,0.021991149,0.13316862,0.07941248
-6.38773,1.9967642,5.374983,0.16615535,-0.009773844,-0.028099801
-7.541735,0.557849,7.6135616,0.31031954,-0.1685988,-0.017104227
-6.009446,1.8866309,6.9886746,-0.02321288,0.119729586,0.17715092
-6.71813,1.1875241,6.9982514,-0.34208453,0.11728613,0.032986723
-6.3661823,2.2146366,6.588843,0.2687807,0.042760566,-0.010995574
-6.126762,2.60968,6.1195793,0.2919936,-0.15271631,-0.103847094
-7.0605006,1.6496049,7.192182,0.14294247,-0.08307768,-0.16126843
-6.090849,0.9983821,7.0485296,-0.48380527,0.105068825,0.15393804
-6.3302693,1.6448165,6.703765,-0.030543262,0.014660766,-0.043982297
-6.172252,1.328782,7.2927384,0.20891592,-0.061086524,-0.19181168
-7.2209125,-0.7062895,7.2544312,-0.45081854,-0.004886922,-0.21991149
-6.5744777,1.3503298,7.1993647,0.5681047,0.2687807,0.5534439
-6.3326635,2.1428106,6.0501475,-0.09162979,0.042760566,0.087964594
-6.3182983,2.4516625,6.43322,0.1160644,-0.10995574,-0.26633725
-6.43322,2.1212628,6.6846113,0.037873644,-0.12461651,-0.17104226
-7.055712,1.0630256,7.192182,0.26267207,0.15271631,0.2406809
-6.2105594,2.6599581,5.7987566,-0.07086037,0.16737708,0.19181168
-6.579266,0.78769237,6.4188547,-0.29077184,-0.13316862,-0.2687807
-6.31351,0.7302315,7.0724716,0.5717699,-0.2602286,-0.40561453
-6.658275,0.38067806,7.943961,-0.35796702,-0.10995574,-0.36163223
-6.1530986,0.088585466,7.615956,-0.2773328,-0.22724187,-0.089186326
-6.217742,0.6703765,7.443573,-0.16737708,0.062308256,-0.16982053
-6.600814,-0.81402856,7.0102224,0.2406809,-0.0012217305,-0.056199603
-6.244078,-0.7230489,7.455544,-0.15882497,0.015882496,0.012217305
-6.775591,-1.1875241,7.9702973,0.10140363,0.32498032,0.58032197
-6.622362,0.35434186,6.8306575,-0.27488935,-0.040317107,0.50823987
-6.3230867,0.8738836,6.5505357,-0.095294975,0.06719518,0.53023106
-6.169858,1.0247183,7.1610575,0.5180137,0.04886922,-0.039095376
-6.751649,0.8283938,6.6893997,0.0720821,0.105068825,-0.105068825
-6.5505357,2.3942018,6.6079965,0.70738196,-0.08674286,-0.14660765
-6.9024835,1.472434,6.7205243,-0.57910025,0.062308256,0.2003638
-6.203377,1.9776106,6.873753,-0.21991149,-0.013439035,0.1441642
-6.6103907,1.7477672,6.873753,0.14172074,-0.062308256,-0.0061086523
-6.397307,1.6831238,7.2664022,0.080634214,0.02076942,-0.36163223
-6.667852,0.59855044,7.120356,-0.08674286,-0.036651913,0.12095132
-6.634333,2.60968,6.5720835,-0.06719518,0.1001819,0.15515977
-6.71813,1.4772224,6.6271505,0.028099801,-0.0720821,0.015882496
-6.8689647,0.7038953,6.993463,-0.039095376,0.015882496,-0.080634214
-6.634333,1.2449849,6.8689647,-0.080634214,0.052534413,-0.15149458
-7.6614456,-0.09816227,7.240066,-0.3323107,0.034208454,-0.16126843
-6.9360023,2.111686,6.05733,0.015882496,-0.021991149,0.1881465
-6.4547677,2.5234885,6.5816603,-0.29443705,-0.03176499,0.22357668
-6.691794,-0.009576807,7.0365586,-0.71837753,0.061086524,-0.07941248
-6.907272,2.0949266,8.090008,-0.9407325,0.12217305,-0.21135938
-7.4842744,-1.8555063,6.885724,-0.35796702,0.008552114,0.12339478
-6.787562,-1.1971009,6.6750345,0.31642818,-0.11728613,0.13439035
-7.019799,2.882619,6.730101,0.3005457,0.062308256,0.1441642
-6.517017,0.37588966,6.895301,-0.61453044,-0.06352998,-0.09285152
-6.885724,-1.2018893,6.2632318,0.63041294,-0.20891592,-0.32986724
-6.409278,0.557849,7.07726,0.6621779,-0.16615535,0.095294975
-6.531382,0.33758244,6.825869,0.062308256,0.09285152,0.14905111
-6.4140663,1.0869676,6.9048777,-0.13072516,0.06719518,-0.018325957
-7.1706343,-0.035913024,6.969521,0.63163465,-0.0842994,-0.040317107
-6.7253127,-2.243367,6.4763155,0.28710666,-0.1001819,0.15027285
-6.349423,0.60094464,6.799533,-0.081855945,0.03176499,0.032986723
-6.6893997,-0.58657944,8.094796,-0.8258898,0.080634214,-0.12339478
-6.528988,0.02873042,7.275979,1.0665708,-0.11728613,-0.16126843
-6.232107,0.93134445,6.9623384,0.39828414,0.032986723,0.14782938
-7.1969705,-0.10295067,7.0700774,-0.37384954,0.06352998,-0.39950588
-6.3302693,-1.2330139,6.7708025,-0.2919936,-0.0061086523,-0.5021312
-7.7907324,-1.5610195,7.240066,0.09407325,0.25411993,0.6792821
-6.471527,0.17238252,6.691794,0.06352998,-0.017104227,0.080634214
-6.5385647,0.2753332,6.579266,-0.030543262,-0.087964594,-0.36041048