0.82599956,2.3989902,9.952697,-0.15149458,-0.17592919,0.059864793
1.1444284,2.1092918,10.99178,0.14538592,-0.52412236,-0.31031954
4.0916905,1.1252748,8.061277,-3.1813862,-1.6823229,-0.040317107
7.16824,-3.7445314,4.7285485,-0.47158796,0.516792,-1.4391985
4.5920787,-4.55856,6.885724,0.829555,0.4007276,-0.75625116
5.3103395,-2.80361,7.4507556,1.5711454,0.24190263,-0.14294247
4.8123455,-3.8546648,7.5800424,0.7330383,0.16249016,-0.009773844
5.2504845,-1.3934253,8.360553,-1.0934488,0.13072516,0.09407325
4.783615,-2.7844565,7.369353,-1.6126842,0.3848451,0.14905111
3.58412,-2.5809495,6.6486983,-2.9431489,0.39584067,0.32742378
4.24492,-5.068525,8.413225,1.0030408,-0.018325957,-0.267559
4.074931,3.8786068,10.134656,3.7690387,-0.08674286,0.02321288
4.417302,0.2633622,9.263166,-3.7006216,0.43371433,-0.24556783
4.2066126,-1.163582,6.8881183,1.8057177,-0.24678956,-0.453262
4.7189717,-0.48123455,9.368511,2.637716,-0.2602286,-0.4801401
4.474763,3.7708676,7.764396,3.2803464,-0.23945917,-0.18325958
4.27365,0.035913024,8.307879,-4.0683627,0.31764993,0.012217305
3.7588966,-0.6440403,4.6112323,4.488638,0.36163223,0.86009824
4.4603977,0.770933,8.678981,1.8924606,-0.2125811,0.047647487
3.6248214,-0.28491,7.4004774,-6.179513,0.5644395,-0.21380283
4.3502645,-3.442862,5.767632,4.120897,-0.12705997,0.44104472
3.5434184,3.8618474,8.204929,2.5448647,-0.2724459,-0.06352998
3.3901896,-1.103727,9.370906,-4.935791,0.3005457,-0.36041048
4.596867,-4.211401,7.8793178,2.3432791,0.26633725,0.36651915
4.453215,5.473145,7.6710224,2.6450465,-0.204029,-0.3200934
2.9041667,-2.0446482,7.395689,-3.9999456,0.5815437,0.018325957
3.7421372,2.1092918,7.560889,4.741536,0.21991149,0.6010914
3.1651347,5.020641,8.082825,1.1691961,0.013439035,-0.05497787
2.7581203,-0.25139117,7.1131735,-5.8472023,0.13316862,-0.12461651
4.0533834,-2.3080103,5.523423,4.0549235,-0.33475417,0.22357668
3.1364043,5.5258174,7.8146744,2.9174924,-0.28099802,-0.103847094
2.3822308,0.8331822,8.595184,-5.870415,0.27122417,-0.2284636
2.9496565,-2.1763294,8.571242,3.3988543,0.3494149,0.5534439
3.3638535,6.4499793,7.1706343,4.206418,-0.376293,0.32742378
3.928885,7.45315,5.7484784,-0.15882497,-0.08552113,0.04520403
3.0430303,1.5825673,8.087613,-3.5662313,0.54733527,-0.04886922
2.813187,1.2665327,8.973468,-2.225993,0.29810223,-0.2406809
2.779668,-3.821146,9.437943,-1.505172,0.07819075,-0.06841691
2.5019407,0.58657944,9.090784,5.911954,-0.68294734,0.6914995
3.5865142,3.2034419,8.468291,-2.157576,0.04642576,-0.535118
3.0765493,-5.877765,8.8777,-3.8789942,0.2284636,-0.49846604
2.2290018,-2.7940333,10.82658,-1.8118263,0.2125811,-0.44348818
3.5482068,3.4763808,7.8888946,3.1532865,-0.30909783,0.05375614
2.4827871,1.448492,9.679757,-2.3945918,0.30176744,-0.31398472
2.9137435,-14.389153,6.1100025,-3.2131512,-0.32375857,-0.3005457
3.8259344,4.781221,7.8266454,2.1881194,-0.6291912,-0.24190263
3.6272156,3.4835634,6.540959,-3.2876768,0.45937067,-0.1282817
2.6264393,-1.520318,10.477027,-3.0579915,0.1881465,-0.095294975
3.301604,-0.36152446,8.47308,5.2998667,-0.18570304,0.29443705
3.4811692,5.104438,8.212111,-1.2266175,0.19914207,-0.25900686
3.1627405,-0.3184288,8.74123,-3.4391713,0.34208453,-0.35308012
2.9640217,-3.5697548,8.178593,2.3603833,0.07941248,0.5180137
3.5865142,4.4436383,7.3310456,1.5149459,-0.2968805,0.015882496
2.396596,2.0566192,9.198523,-2.2406538,0.28588495,-0.25534168
1.0510546,-9.203311,10.778696,-2.4495697,0.05375614,0.02443461
3.0693667,4.606444,7.8912888,3.935194,-0.7538077,0.267559
3.4644098,5.626374,6.169858,-3.2400293,0.037873644,-0.5021312
3.086126,-0.37588966,10.163386,-3.6957347,0.25778514,-0.32375857
2.554613,-3.1435869,8.025364,3.8826594,-0.06963864,0.6988298
3.8019924,5.793968,6.4427967,1.2180653,-0.1001819,-0.002443461
3.0813377,-0.19871874,8.78672,-4.2626176,0.28955013,-0.3567453
2.743755,-2.348712,9.009381,2.637716,0.14538592,0.8002335
3.193865,4.2640734,8.130709,4.3004913,-0.37018433,0.37140608
2.8443117,1.5370775,8.640674,-3.8777726,0.52778757,-0.18936823
4.187459,-1.6543933,7.3885064,3.0653217,-0.25900686,0.20158553
3.6152446,5.0900726,7.639898,3.7592647,-0.45081854,0.13072516
3.9073372,6.6654577,6.5241995,-0.89919364,0.056199603,-0.17470746
2.5450363,-0.6967127,10.465055,-3.9645154,0.28955013,-0.16126843
2.8179753,2.633622,11.987768,2.4507914,0.11728613,0.28221974
2.8682537,3.9624038,8.65025,-2.0793853,-0.03176499,-0.71959925
2.0494366,-1.6998832,8.676587,-5.0555205,0.50701815,-0.1001819
3.2393548,-1.6160861,7.536947,3.657861,0.37507126,0.5681047
2.9257145,5.681441,7.323863,1.6835446,-0.080634214,-0.07086037
1.6280571,0.7254431,10.82658,-4.874705,0.28588495,-0.12583824
2.7341783,-3.4476504,8.106767,-0.8417723,0.2443461,0.3286455
2.2098482,4.3167458,8.099585,4.0903535,-0.30176744,-0.04886922
2.554613,3.7541082,8.212111,-4.7977357,0.34697145,-0.20280726
2.9712043,0.021547815,7.381324,5.2302284,-0.03176499,0.7305948
2.372654,3.0502129,7.1873937,3.2876768,-0.15149458,0.07452556
3.4476504,-0.7661445,7.81228,-4.0097194,0.1685988,0.3933972
3.0214825,2.918532,10.989386,1.6627752,0.103847094,0.27366763
2.4349031,4.039018,8.183381,2.764776,-0.5742133,-0.27122417
2.834735,-1.1899183,9.888053,-3.5515707,0.28588495,-0.11484267
2.9161377,-2.2936451,9.109938,1.5503759,0.09162979,0.2968805
3.1627405,3.9312792,8.037335,2.5216517,-0.37751472,0.010995574
3.169923,0.06464344,8.793902,-2.2540927,0.09896017,-0.03176499
3.1364043,-3.2728736,7.6351094,2.7269025,-0.18692477,0.32253686
4.1611223,0.8690952,7.065289,1.8423696,-0.50579643,-0.105068825
4.4364557,3.0382419,7.1107793,-2.9455922,0.33353242,-0.06841691
3.323152,-2.9831753,7.9152308,-4.3493605,0.23823744,-0.22357668
4.477157,0.17238252,6.8043213,4.3090434,-0.70249504,0.20158553
4.5322237,5.142745,7.201759,-0.75869465,0.14660765,-0.1160644
3.8881836,-5.4539914,9.033323,-3.554014,0.10873401,-0.02443461
3.8881836,-1.3575124,8.552089,4.102571,0.04886922,0.3371976
4.1539397,3.2489316,7.2831616,0.2968805,-0.089186326,0.112399206
3.7804444,-3.4237084,9.131485,-3.716504,-0.23090707,-0.047647487
3.394978,-2.657564,10.077195,2.7525587,-0.1685988,0.74281216
3.7924154,2.3942018,7.979874,1.0067059,-0.19303341,-0.10140363
3.2393548,-0.61530983,7.33344,-4.732984,0.72692966,0.0036651916
3.181894,-3.502717,9.749189,1.8325957,0.20280726,0.5448918
3.4644098,2.9735985,8.7053175,0.54244834,-0.20525073,-0.0061086523
3.1555579,-0.18674773,9.880871,-2.7256808,0.27000242,0.039095376
3.6367924,-3.6966474,8.121132,2.2235496,-0.002443461,0.79901177
3.7948096,2.5187001,8.9040365,3.7836993,-0.41783184,0.111177474
3.3877954,0.5770026,7.431602,-0.8332202,0.33353242,0.17837265
2.1571758,-6.363788,8.611943,-2.1771238,-0.35918877,-0.08307768
3.1196449,-1.151611,9.011775,3.535688,-0.17592919,0.2406809
3.0454245,4.1491513,9.263166,0.25289822,-0.18448131,-0.089186326
2.7724855,1.0175357,6.706159,-6.020688,0.2003638,-0.05375614
3.9480386,-3.1268275,7.6590514,0.8038987,-0.4605924,-0.39095375
5.9759274,-5.693412,12.389994,0.31887165,-1.2779301,-0.66828656
7.4148426,3.976769,6.244078,1.6371188,-1.813048,-0.6743952
8.123527,1.673547,5.2169657,0.8735373,-0.5681047,-0.0720821
7.8146744,-0.011971008,5.686229,1.4147639,-0.33964106,0.38973203
9.895236,-0.10534488,5.403713,-1.8545868,0.2687807,-0.095294975
8.307879,0.35913026,5.2409077,0.68783426,0.05497787,0.16493362
8.513782,0.05267244,3.4141316,2.2809708,-0.3481932,0.18570304
8.106767,-1.9153614,5.0038815,-2.579073,0.204029,0.087964594
8.549694,0.019153614,6.196194,-1.5308284,-0.035430185,-0.37384954
8.444349,0.055066638,3.490746,2.9174924,-0.13439035,0.2003638
9.315839,-1.8339585,4.259285,-1.0384709,0.28221974,0.24923302
8.791509,2.183512,5.094861,-3.5393531,0.032986723,-0.14294247
8.576031,-1.4341269,4.1706996,2.2003367,-0.32620203,0.14172074
6.7085533,13.958196,4.146757,-0.54733527,0.28344148,-0.32742378
9.536105,0.7110779,4.5537715,-3.4159584,0.41172317,-0.59131753
9.0716305,-1.6950948,3.289633,2.6108382,-0.32620203,0.26145032
9.7084875,-0.21068975,1.3599066,0.86009824,-0.06352998,0.1001819
9.991004,0.30885202,3.205836,-4.3725734,0.30787608,-0.52412236
9.414001,-0.6943185,2.7246015,3.2217033,-0.33841935,0.18325958
9.105149,0.40940848,0.9672575,1.4880677,-0.019547688,-0.06963864
9.847352,-0.21068975,2.3080103,-1.4697418,0.204029,0.16371189
9.306262,-1.5442601,3.7660792,0.18448131,-0.2565634,0.10873401
8.779537,-1.2880806,2.2409728,2.5607471,-0.27488935,0.17837265
9.698911,0.35673606,1.7980455,-1.9352211,0.3555236,-0.20891592
9.287108,-3.0262709,3.9217024,-1.4013249,-0.15393804,-0.036651913
9.028535,1.2785037,2.7341783,2.6816983,-0.27855456,0.14905111
9.935937,1.0510546,2.2697031,-0.82833326,0.22113322,0.042760566
9.239224,-0.8619126,5.1379566,0.20769419,-0.019547688,0.15271631
8.825027,-2.681506,3.4883518,1.455081,-0.047647487,-0.15393804
10.556035,-0.89543146,2.858677,-0.95294976,0.40317106,0.04886922
9.449914,-1.5514427,3.7660792,1.6835446,-0.3359759,0.03176499
7.6734166,0.8379706,2.896984,0.893085,0.16982053,0.15271631
9.859323,-2.1643584,4.1946416,-1.9230038,0.20769419,-0.12217305
8.327033,-0.50278234,3.7229836,1.4514158,-0.04153884,-0.24923302
8.746018,-2.111686,3.4284968,-1.5125023,0.32620203,0.2968805
9.3421755,-1.508347,4.84347,0.089186326,-0.05131268,-0.25411993
7.8793178,-2.4301147,5.032612,-0.032986723,-0.1282817,-0.18203785
9.782708,-0.9888053,2.5929205,-0.47403142,-0.35063666,0.21624629
10.0341,-0.41180268,3.9839516,-0.23579398,0.036651913,-0.24801129
7.9104424,-2.1332338,4.4340615,-0.028099801,-0.111177474,-0.09285152
9.888053,-1.2018893,3.8881836,0.38240165,0.05497787,0.4605924
10.13705,-0.5626374,3.2872388,0.26267207,0.043982297,-0.10629055
8.034941,0.2681506,4.9559975,0.2321288,-0.040317107,-0.29443705
7.252037,-5.825093,6.1411276,-0.9114109,0.40683624,0.2968805
9.346964,-1.103727,4.134786,0.019547688,0.15760323,0.09162979
7.7428484,-0.59136784,5.0278234,0.4007276,-0.16126843,-0.14294247
7.2592196,-3.1842883,5.853823,-0.34574974,0.24312437,0.34574974
9.502586,0.16519992,5.511452,1.1520919,-0.002443461,0.13439035
9.363723,-0.82599956,4.867412,1.391551,0.21013765,0.5009095
8.6334915,-0.12449849,3.6750996,-0.41050145,-0.30176744,0.34697145
8.195353,2.4516625,5.3701944,0.91874135,0.66828656,-0.5326745
7.7308774,0.6727707,5.973533,0.75502944,0.22113322,0.28955013
6.787562,2.72939,3.5218706,-0.26633725,0.080634214,0.3933972
8.47308,0.24181437,6.4619503,-0.52412236,0.48624873,0.09773844
6.885724,-1.4628572,6.567295,-0.41905355,0.41905355,-0.1441642
6.9360023,0.12449849,6.339846,1.5088371,-0.47769663,0.42149702
6.540959,-2.7629087,7.055712,-2.6816983,-0.118507855,0.10995574
7.6351094,-0.320823,8.176199,-1.1582005,0.17348573,-0.453262
8.23366,-0.521936,5.3845596,1.6151277,-0.38362336,0.04886922
6.6846113,-4.0054994,8.724471,-2.629164,-0.5766568,0.13072516
8.635885,0.7062895,6.0860605,-0.6206391,-0.037873644,-0.12705997
7.1275387,-0.6584055,4.620809,2.2883012,-0.23457226,0.12095132
6.811504,-2.0446482,6.265626,-2.6108382,-0.1282817,0.17104226
7.85777,-0.7062895,5.5282116,-1.1435398,-0.056199603,-0.48991394
8.377312,-2.3535004,4.9823337,2.043955,-0.39584067,0.18448131
8.815451,-1.7980455,3.7253778,-1.6346754,-0.19792034,0.20525073
8.578424,0.46447513,6.667852,-1.505172,0.4202753,-0.23823744
8.47308,-2.0374656,4.3526587,1.4086553,-0.056199603,-0.1001819
7.821857,-2.480393,3.620033,-1.7666223,-0.17959438,0.38728857
8.35337,-2.1930888,5.45878,-0.30298916,-0.11728613,0.03176499
8.288726,-2.5737667,4.5801077,1.518611,-0.36163223,0.103847094
8.803479,-0.6631939,3.809175,-1.17897,0.15515977,0.26633725
8.678981,-1.7549498,4.3526587,-0.88208944,0.035430185,-0.064751714
9.275137,-2.5210943,1.5753847,1.5858061,-0.18936823,-0.23823744
6.8569937,-7.5920134,8.844181,-4.0549235,0.4373795,0.50946164
8.611943,-0.61052144,6.811504,-0.23945917,0.5448918,-0.3408628
7.819463,-2.8993783,5.035006,0.72692966,0.5021312,-0.028099801
6.2608376,-0.23702596,8.487445,0.50335294,0.23090707,0.56077427
9.603143,-0.7230489,6.897695,0.65484756,1.5418239,-0.3921755
5.473145,-0.15562311,6.4260373,-0.8735373,1.4782939,-0.21991149
3.6894648,0.08140286,7.8769236,-0.9419542,0.91874135,-0.042760566
3.3375173,-2.4756045,7.347805,-1.1301007,0.3640757,0.32620203
2.0638018,-3.5673606,11.2312,-2.0720549,0.09285152,0.31398472
2.4827871,-4.2305546,10.3214035,1.8032742,0.0,0.13194689
2.4253263,-1.271321,8.841787,0.27122417,0.08307768,0.14294247
1.9560628,1.934515,10.907983,0.9957104,-0.18325958,0.02443461
2.3391352,4.2880154,10.409989,-1.2681563,-0.064751714,-0.16249016
2.7629087,0.8810662,7.2927384,-3.8020253,0.06841691,0.05497787
2.8275523,-3.3039982,7.551312,1.3109168,0.23090707,0.09285152
3.0262709,5.023035,8.358158,3.0567696,-0.028099801,-0.17959438
2.8802247,-0.28491,6.009446,-4.9919906,0.002443461,0.2761111
2.468422,-5.011064,9.622296,-2.886949,0.26511553,0.26145032
3.0142999,-3.8187518,9.363723,2.764776,0.052534413,-0.28710666
2.89459,4.8338933,10.18254,1.9620992,-0.3286455,-0.15271631
3.751714,5.5042696,8.623915,-2.4569001,-0.08307768,-1.6151277
2.6312277,5.8466406,6.7085533,1.0262536,0.50823987,0.8063421
4.1611223,-3.7900212,9.394848,-1.4636332,0.47403142,-0.057421334
1.5682021,-7.371747,8.3629465,-1.6395624,0.20525073,0.23823744
1.4820108,-5.6670756,7.7428484,0.039095376,0.20769419,0.112399206
2.0350714,-5.849035,6.3661823,0.32253686,-0.010995574,0.0036651916
1.7357962,-6.9024835,6.885724,1.1166617,-0.13683382,-0.043982297
2.5809495,-4.831499,7.1826053,0.18692477,-0.119729586,-0.028099801
2.0207062,-7.0605006,7.819463,-0.43860126,0.019547688,-0.02443461
2.801216,-6.081272,7.714118,-0.10995574,-0.18692477,-1.2034045
3.4524388,-5.171476,8.348581,1.2400564,-0.10629055,-0.4166101
4.570531,-0.5626374,6.634333,-1.0726794,0.32986724,-0.45204028
3.7541082,-3.442862,9.114726,-1.0128145,0.052534413,-0.059864793
2.8874073,0.22266077,9.701305,0.059864793,-0.081855945,-0.1881465
3.86903,1.1587936,9.215282,-1.6762142,-0.030543262,-0.07086037
4.486734,-3.3901896,6.588843,-4.238183,0.267559,-0.087964594
4.2544966,-5.8586116,4.697424,2.9883528,0.07819075,0.23457226
3.3542767,1.0079589,8.001422,1.9999728,-0.036651913,-0.50701815
5.0900726,-3.2513258,8.7292595,-2.1978931,0.039095376,-0.21013765
4.084508,-4.7979803,7.029376,-3.1031954,0.2321288,-0.17348573
3.833117,-5.9783216,6.907272,1.8777997,-0.111177474,-0.33841935
3.5936968,-3.679888,9.172187,-0.7501425,-0.4202753,0.49235737
4.357447,-5.681441,7.1826053,-1.9645426,0.08552113,-0.09285152
3.7349546,-6.042965,7.00304,0.9786061,0.16493362,0.18936823
5.4659624,-3.3686419,6.706159,0.5705481,-1.1838568,-0.74281216
5.485116,-4.7620673,9.433155,0.15393804,-0.38728857,-0.19058995
6.9288197,-1.472434,8.078036,3.5051448,-1.0555751,0.44348818
8.161834,2.693477,4.235343,1.2449434,-0.593761,0.5021312
7.929596,3.0669725,5.0134583,-6.2528167,0.59131753,-0.2687807
7.979874,-3.3734303,2.621651,-3.9180896,0.75869465,0.35063666
5.523423,-8.00621,2.6671407,-3.5772269,0.6768387,0.79045963
5.118803,-7.9343843,1.8914193,-1.0103711,0.50701815,-0.062308256
5.837064,-7.493851,2.006341,4.2736135,0.073303826,-0.2919936
4.72376,-10.340557,7.431602,-5.900958,0.36041048,-0.20158553
6.5122285,-10.58716,2.4995465,-5.679825,0.17470746,0.20158553
6.337452,-7.1490865,-1.5131354,2.5558603,0.004886922,-0.0842994
5.542577,-4.072537,5.4300494,5.4232616,0.058643065,0.17470746
7.3765354,-6.38773,1.553837,-5.4318137,-0.04520403,-0.004886922
6.3326635,-9.107543,-0.2801216,1.3158038,-0.1282817,0.18692477
5.542577,-6.160281,4.8745947,3.2400293,0.14660765,-0.059864793
6.4739213,-3.9097314,5.93762,-1.6297885,-0.15271631,-0.04642576
5.410896,-8.48984,2.552219,-0.9309586,-0.18448131,0.29810223
5.4563856,-5.3007627,5.1379566,3.1471777,0.32375857,-0.12095132
6.835446,-3.9264908,5.779603,-1.6016886,-0.20525073,-0.22357668
5.935226,-6.172252,1.4700398,-2.510656,-0.19914207,0.0036651916
4.9943047,-10.309433,0.60094464,-0.08307768,0.02076942,-0.02076942
6.066907,-7.2568254,3.916914,3.5210273,0.23945917,-0.14049901
7.433996,-4.015076,4.060566,-0.46914452,-0.3494149,-0.2773328
6.411672,-9.983821,-0.18914193,-3.1202996,-0.17470746,0.09407325
5.9448028,-7.386112,1.7046716,4.1245623,0.112399206,-0.34697145
5.9926867,-7.9942393,5.0757074,-1.4465289,-0.21502456,-0.31642818
5.48751,-8.544906,1.8459295,-2.443461,-0.09773844,0.21868975
6.399701,-8.1163435,0.45729253,3.8179078,0.17959438,-0.14172074
5.0900726,2.5833437,6.775591,6.455624,-0.4373795,0.7464773
5.7867856,-7.4866686,4.355053,-5.748242,0.2406809,-0.10262536
6.1507044,-8.02297,1.0773908,2.905275,-0.1160644,0.2687807
4.7500963,-2.942474,6.8210807,3.6138787,0.056199603,0.19547687
5.449203,-3.8833952,6.078878,-2.2736404,0.08307768,-0.09285152
4.853047,-8.963891,3.7014358,-1.1081096,0.035430185,0.31887165
3.430891,-5.41329,5.861006,4.4935246,0.15760323,0.1600467
3.3997664,-2.4277205,9.002198,-0.9114109,-0.14660765,-0.25289822
4.072537,-9.363723,3.8474822,0.98715824,0.0,0.38728857
2.7988217,-6.5385647,6.591237,3.200934,0.3200934,0.15027285
3.2632968,-1.3359646,5.5737014,0.97127575,-0.39950588,-0.034208454
3.2345665,-10.007763,3.643975,-2.4727826,-0.35430184,0.06719518
2.6120741,-11.269507,3.2968156,-0.42271876,-0.0061086523,0.0061086523
2.2218192,-1.7477672,8.046912,6.721961,-0.039095376,0.29810223
3.4835634,-2.0374656,7.967903,-1.7018706,-0.26633725,-0.41538838
2.5785553,-10.97502,4.987122,-0.20769419,-0.5180137,-0.095294975
2.779668,-5.497087,5.9639564,4.0292673,-0.017104227,-0.061086524
4.0198646,-1.1085154,8.623915,-0.15149458,-0.23823744,-0.47769663
5.3342814,-11.164163,2.1045034,-3.6871827,-0.04520403,-1.1997393
6.931214,-7.2544312,-0.079008654,-2.8612928,0.64996064,-0.5729916
5.57849,-10.900801,-0.9648633,-0.88697636,-0.036651913,0.51923543
5.7269306,-6.4523735,-0.32561144,5.209459,-1.1007792,-0.1966986
7.4028716,-1.8507179,5.434838,4.8246136,-0.54733527,0.019547688
6.155493,0.8355764,8.844181,-1.2180653,0.204029,-0.25289822
6.495469,3.3423057,8.930372,-1.3084733,-0.54611355,-0.03176499
6.9024835,-3.8714242,3.4739866,-4.1734314,0.43249258,0.21013765
7.73806,-3.2992098,4.7668557,0.16493362,0.007330383,0.040317107
6.8330517,-2.669535,7.6734166,2.1771238,0.13439035,-0.07086037
8.070854,-0.6967127,6.76362,-2.080607,-0.09407325,-0.043982297
6.6510925,-10.577583,3.3446999,-3.5381315,0.5534439,0.24801129
6.4044895,-5.841852,3.8546648,2.1954496,-0.5412266,-0.2125811
5.889736,-1.3359646,9.136273,-0.45570546,-0.25534168,-0.1881465
6.447585,-2.27928,4.1395745,-4.246735,0.20158553,0.30176744
6.009446,-7.800309,4.819528,1.8545868,-0.09773844,0.08307768
5.758055,1.6759412,9.986216,1.1313224,-0.09162979,-0.23945917
6.8330517,-4.1252093,4.560954,-5.1532593,0.51068336,0.34697145
6.0238113,-7.357382,5.470751,1.6420058,0.047647487,0.25778514
6.4044895,-1.5586253,7.038953,2.9211576,-0.040317107,-0.16615535
7.529764,-1.922544,5.080496,-3.630983,-0.23701571,-0.15515977
6.5696893,-3.9839516,4.1683054,3.1117475,-0.112399206,-0.24801129
7.800309,-3.8426938,4.283227,3.0665436,-0.17959438,-0.04642576
7.0102224,2.1092918,5.6000376,-2.637716,-0.38973203,-0.10629055
6.1411276,-10.429143,0.79008657,-4.482529,0.20647246,0.15882497
6.670246,-5.746084,4.048595,2.515543,-0.3885103,0.09040806
6.0477533,-1.2737153,8.872911,0.3885103,-0.4569272,-0.34574974
7.007828,-4.879383,4.3119574,-2.4947736,0.42638394,0.15515977
7.2089415,-3.8857894,5.6215854,2.2321017,-0.08307768,0.16737708
8.039729,-4.7381253,3.9145198,-0.48258355,-0.70371675,-0.8344419
9.600749,-2.837129,1.9800048,-2.3066273,-0.7696902,-0.48502702
8.104373,-5.7867856,4.3598413,-2.8258626,0.23823744,0.061086524
8.312668,-4.8386817,3.2273839,2.1905627,-0.43493605,0.12217305
8.394072,-0.41180268,4.357447,-1.4269812,-0.24801129,-0.35063666
8.513782,-3.7541082,1.6328455,-2.6279423,0.4447099,0.10751228
8.9040365,-4.122815,3.1268275,1.4721853,0.036651913,0.24190263
9.548077,-3.2632968,3.799598,1.4831808,0.18570304,-0.09773844
9.825804,-3.323152,3.739743,1.0604621,0.3921755,0.10995574
7.089231,0.37349546,4.0342298,1.047023,0.18692477,0.25900686
7.8865004,-2.0350714,5.1906295,-0.6450737,0.46792278,-0.17104226
6.8067155,1.9129672,8.123527,-0.54244834,0.035430185,0.06841691
7.9702973,-0.33518824,6.8162923,0.30176744,-0.06841691,-0.12339478
8.291121,-3.107674,3.8786068,0.09040806,0.29565877,0.3042109
6.579266,-1.661576,6.7564373,-0.26389378,0.21624629,-0.3652974
8.161834,-2.4636335,5.884948,0.19058995,-0.43860126,0.20158553
7.3166804,-1.9680338,4.8506527,0.44593164,-0.21502456,0.56199604
7.177817,-0.29927522,5.729325,-0.23823744,0.37873647,-0.5143485
7.7189064,-1.8148049,6.289568,0.9272934,-0.28344148,0.53023106
7.395689,-2.171541,6.2871737,0.16126843,-0.10873401,0.43004912
6.799533,1.1587936,5.7365074,-0.6047566,0.47647488,-0.58276546
7.7213006,-1.1851299,5.3127337,0.68783426,-0.31520647,0.18325958
6.576872,1.2354081,5.7365074,-0.4813618,-0.047647487,0.60231316
6.9743094,0.89782566,6.8043213,-0.37751472,0.20647246,-0.54367006
5.2720323,0.91697925,6.519411,0.48747048,-0.02076942,0.71593404
6.6534867,0.79966336,6.5026517,0.29932398,-0.14538592,0.4886922
6.727707,-0.320823,7.807492,-1.6676621,0.2321288,-0.172264
7.4124484,-5.638345,6.2584434,-2.4825563,0.40317106,0.62796944
6.471527,-6.8569937,3.6774938,0.24678956,0.7648033,0.12705997
5.6239796,-3.0238767,5.4204726,2.1087067,-0.07941248,-0.21135938
6.3230867,-1.2401965,7.764396,2.6254988,-0.45814893,0.021991149
6.3206925,1.1061212,7.228095,-1.5601498,0.13072516,-0.19058995
6.2009826,-0.62009823,7.8793178,1.0812315,0.3811799,0.05497787
6.114791,0.8523358,8.147469,3.0494392,-0.5693264,0.27488935
7.6135616,4.249708,4.8865657,0.45570546,0.13805555,0.2602286
5.6982,0.9720459,7.9846625,-4.819727,0.64873886,-0.72692966
5.4659624,-0.4309563,8.303091,4.4006734,-0.05131268,0.48624873
6.3901243,3.028665,5.997475,2.960253,-0.8002335,0.3213151
7.079654,3.3279405,5.509058,-1.5430456,-0.02321288,-0.70616025
5.731719,-1.1731589,8.027759,-1.1985176,0.036651913,-0.04520403
6.7971387,1.6304513,5.1906295,3.8899899,-0.7635816,0.5009095
7.517793,-0.04070143,7.955932,-3.0360003,-0.02321288,-0.6267477
6.5720835,-3.7732618,6.658275,-4.8099527,0.72326446,-0.13194689
8.085219,-4.2784386,8.439561,3.7140608,-0.6365216,1.0714576
5.995081,7.16824,5.1762643,1.4220943,-0.112399206,0.4288274
6.658275,6.2584434,6.423643,-6.594901,0.4361578,-1.0164797
6.43322,-2.645593,6.0238113,-1.378112,0.5143485,-0.23579398
6.3087215,2.3295584,5.8346696,5.321858,-0.77091193,0.39095375
6.933608,1.1492168,7.6470804,-0.39950588,0.57787853,0.10995574
6.3589997,0.06464344,5.6910176,-2.3322835,0.689056,-0.16615535
6.7708025,-2.5019407,8.497022,1.3231341,0.061086524,0.37995818
4.5154643,4.31914,8.355764,-0.41416663,-0.12583824,-0.040317107
6.3829417,0.8499416,7.6470804,-4.350582,0.7147123,-0.44348818
6.7253127,-1.5562311,9.01417,2.3774874,0.20891592,0.57543504
5.707777,5.0038815,7.0940194,-0.5180137,0.16126843,-0.008552114
5.853823,-0.8595184,8.283937,-4.0084977,0.50335294,-0.31642818
5.638345,-3.904943,6.943185,2.5595255,-0.008552114,0.2773328
5.695806,3.8666358,4.9775453,3.585779,-0.6133087,0.4007276
6.7923503,4.3358994,4.7070007,-2.3261747,-0.60231316,-0.6365216
6.6271505,-3.074155,5.5497594,-4.6266932,0.0842994,0.05375614
6.1219735,-5.2480903,8.437167,3.5075881,0.02076942,0.3286455
5.523423,4.3047748,7.599196,1.7763962,-0.13316862,0.4447099
6.8881183,3.7134068,5.6335564,-4.78674,0.065973446,-0.8063421
5.9759274,-1.8938135,7.1754227,-0.8417723,-0.7855727,0.10629055
7.21373,-0.90021986,5.899313,0.061086524,-0.7806858,0.056199603
8.355764,-3.040636,5.2983685,-0.3359759,0.48258355,-0.36163223
6.5744777,1.2976574,6.6870055,0.3555236,0.08552113,-0.1441642
7.603985,0.30406362,5.595249,0.37873647,-0.66339964,0.02565634
7.8050976,-4.4005427,6.279991,-1.3927728,0.6206391,-0.17348573
6.208165,-2.7222073,7.4627266,1.5173893,-0.017104227,-0.21013765
9.212888,-3.0502129,4.220978,-1.627345,0.10751228,-0.029321533
8.123527,-0.7422025,2.8443117,3.6737435,0.50579643,0.119729586
7.043741,-2.0829554,6.658275,-0.6914995,-0.034208454,-0.06352998
7.369353,-1.6927006,3.8905778,-0.019547688,0.007330383,0.09162979
8.429984,-4.1252093,4.4484267,-1.9425515,0.013439035,-0.061086524
7.785944,-7.8912888,3.3901896,-0.37751472,0.065973446,-0.13194689
8.695741,-2.885013,3.98874,2.5240953,0.004886922,-0.40561453
6.6870055,-0.7062895,6.7468605,2.0769417,-0.49113566,-0.059864793
8.336611,0.009576807,5.731719,-0.3640757,-0.04642576,-0.05497787
7.467515,-0.33997664,5.877765,0.93828905,-0.16371189,-0.13194689
8.597578,0.5506664,6.945579,-1.1410962,-0.33475417,0.052534413
8.293514,-6.83784,3.064578,0.0720821,0.40683624,0.17104226
8.109161,-1.8435353,5.097255,2.0402899,-0.3555236,-0.08307768
8.932767,2.0757728,3.526659,0.44959682,-0.7819075,-0.23090707
8.032547,-4.1252093,3.083732,-0.73548174,0.267559,0.5546656
8.250419,-1.9919758,5.0038815,2.605951,-0.0036651916,-0.344528
7.383718,-0.7062895,6.7923503,0.68294734,-0.20891592,-0.3005457
9.208099,2.6192567,2.2218192,-1.1276573,-0.20769419,0.54000485
8.719683,-2.468422,3.478775,0.15027285,0.3323107,-0.19547687
8.075643,1.5466543,4.606444,3.3279939,0.05375614,0.058643065
8.240842,0.8451532,6.045359,-0.45448375,-0.17348573,0.04886922
10.16578,-2.719813,3.2225955,-1.396438,0.29810223,0.5497787
7.3430166,-0.60333884,4.9536033,1.9877555,0.36163223,-0.13683382
8.291121,1.496376,6.421249,0.009773844,-0.09040806,0.172264
8.963891,-2.0973208,4.1012673,-1.0054842,0.2968805,0.61453044
7.5968018,-2.6120741,5.3725886,1.0824533,0.42760566,-0.12217305
7.252037,-0.1436521,7.3909006,2.1453588,0.004886922,0.019547688
7.9032598,-0.7517793,4.331111,-4.5704937,-0.0842994,0.15515977
8.779537,-4.201824,4.074931,-0.11484267,0.17348573,-0.16982053
6.8162923,0.23463176,6.600814,1.9474384,0.21502456,-0.28955013
7.9942393,-2.5450363,4.039018,-3.1618385,-0.13561209,0.09040806
8.465898,-3.205836,4.271256,-0.14782938,0.36896262,-0.28099802
6.873753,0.5722142,7.8410106,5.3548446,-0.3359759,0.31031954
7.872135,2.633622,5.4300494,-4.5851545,-0.50701815,-0.10995574
8.209718,-5.4659624,3.3997664,-0.4801401,0.014660766,0.50946164
7.860164,1.4700398,4.972757,3.7409387,0.02076942,0.028099801
8.274361,0.0047884034,5.8107276,-1.3610078,-0.41538838,0.267559
8.604761,-3.4284968,3.8857894,-0.74036866,-0.16615535,0.40194935
7.759608,-2.0614076,5.925649,1.3439035,-0.1160644,-0.06963864
8.183381,-0.5530606,6.2728086,1.5247196,-0.36896262,0.007330383
8.880095,-3.643975,2.6144683,-1.382999,-0.028099801,0.4007276
8.664616,-3.6056678,3.466804,0.3933972,-0.07819075,0.010995574
6.9838862,-0.8379706,7.141904,-1.4049901,-0.0036651916,-0.039095376
10.077195,-4.2664676,0.7302315,-2.5289822,-0.16126843,0.38728857
8.082825,-3.6511576,4.122815,0.36774087,0.51068336,-0.16493362
8.372523,-3.3327289,3.8379054,-0.4129449,0.03176499,-0.11484267
9.591172,-1.3551182,0.5291186,-1.4941764,-0.6743952,0.22479841
8.058883,-3.1244333,4.189853,-0.43127087,0.172264,-0.17348573
8.367735,-1.2473791,6.0836663,0.6939429,0.13805555,-0.42149702
8.805874,-2.456451,4.5537715,-0.21991149,0.02565634,0.9602802
8.822633,-7.73806,5.8634,-0.8038987,1.6224581,1.1166617
3.7373488,-5.7389016,4.3406878,-1.1068878,1.1484267,1.4172074
2.3056161,-4.0054994,5.865794,2.824641,0.06719518,0.77824235
3.2920272,-8.671799,4.9176903,1.8985692,-0.19303341,-0.061086524
3.751714,-4.355053,8.159439,-0.75747293,-0.2565634,0.33841935
2.9137435,-3.2824504,6.349423,1.2730432,-0.118507855,-0.05131268
2.801216,-6.5218053,6.55293,-0.5571091,-0.30787608,0.021991149
3.9336734,-6.6486983,6.4499793,0.013439035,0.10262536,-0.02565634
3.2249897,-7.2711906,6.291962,0.12950343,-0.25778514,0.13561209
3.217807,-8.585608,8.453926,0.6597345,0.11484267,0.07819075
3.1986535,1.0462662,8.6095495,2.6169467,-0.010995574,-0.09285152
3.2273839,-2.4516625,8.336611,-0.73792523,0.10995574,-0.22602014
3.004723,-5.2289367,8.597578,-1.0348058,0.034208454,-0.06963864
3.301604,-3.7445314,7.6255326,1.7910569,0.030543262,0.13805555
2.918532,-2.6312277,9.006987,6.5790186,-0.26633725,0.5522222
4.187459,6.5218053,8.054094,-2.7085764,0.0720821,-0.32620203
3.229778,-0.45729253,7.410054,-0.036651913,0.10140363,0.08674286
2.8898015,-2.3391352,9.241618,3.1581733,-0.23945917,0.172264
3.5122938,-0.7062895,8.858546,-2.411696,-0.267559,0.0061086523
3.8833952,-1.7621324,8.520964,-0.61819565,0.172264,-0.3848451
3.667917,-4.3742065,9.052477,0.79534656,-0.17837265,0.08307768
4.5920787,3.4476504,7.323863,6.010914,-0.6927212,0.50701815
4.673482,-1.6831238,5.686229,-9.172752,0.22235495,-0.62796944
3.2225955,-9.414001,6.0597243,-0.45448375,0.45448375,-0.11362094
3.845088,-1.3862427,9.090784,5.145929,-0.16982053,0.52778757
4.187459,-3.2130187,11.286267,-6.0854397,0.38973203,-0.7086037
3.8426938,-4.3981485,7.668628,0.7281514,0.19914207,-0.17470746
3.2345665,-0.47405192,9.904813,2.6719246,-0.24312437,0.39095375
4.5801077,0.46926352,7.563283,-8.018217,0.46181414,-0.84421575
3.9432502,-5.2983685,6.7803793,0.54000485,0.111177474,-0.09773844
3.4380736,-1.9297266,9.662998,2.7574458,-0.11362094,0.17959438
4.5753193,1.6065093,9.267955,-2.2162192,0.14294247,-0.16737708
3.799598,-1.1779473,8.485051,-0.7892379,0.02321288,-0.10629055
3.9480386,-0.9696517,8.0924015,0.38728857,0.043982297,0.1441642
4.2999864,-3.335123,8.817844,-1.1960741,-0.037873644,-0.064751714
3.6894648,-1.2330139,8.597578,-0.32742378,0.02565634,-0.12095132
3.6631286,-1.3910311,8.403648,1.4220943,-0.056199603,0.042760566
3.7684734,-3.0693667,8.65025,-1.9254472,0.21868975,-0.40683624
2.3104045,-4.1659107,7.6590514,0.1282817,0.02321288,0.035430185
3.550601,-2.4732103,9.277532,5.1324897,-0.53878313,0.5852089
4.84347,1.2306197,11.149797,-1.7104226,0.18325958,-0.14538592
4.0294414,-4.618415,5.755661,-2.992018,0.32253686,-0.14905111
3.98874,-4.534618,7.7572136,3.4440582,-0.23701571,0.25167647
4.2760444,-0.2873042,8.075643,3.2119296,-0.28099802,0.56321776
4.8506527,1.043872,9.272743,-5.434257,0.08674286,-1.0421361
4.381389,-3.442862,7.2065473,0.7635816,0.13927728,0.11362094
3.6583402,-2.4851813,8.403648,2.724459,-0.30665436,0.30665436
6.019023,0.92176765,8.468291,-0.5876524,-0.19792034,-0.19058995
4.1802764,-5.097255,7.089231,-4.08791,0.21746802,-0.4373795
4.3263226,-4.6902413,8.690952,4.166101,-0.16249016,0.42394048
6.0477533,2.6862943,6.2009826,3.731165,-0.07819075,0.5644395
4.3861775,-1.352724,8.875306,-5.067738,0.1441642,-0.63529986
4.235343,-4.31914,6.528988,0.46792278,0.18081611,-0.030543262
6.528988,-20.858286,9.083601,4.2919393,-0.1685988,0.37018433
5.872977,-1.553837,6.5385647,-3.104417,-0.06963864,-0.54611355
4.6686935,-6.7971387,1.8291701,-2.7134633,0.22602014,-0.15027285
3.8546648,-5.6359506,9.674969,6.0891047,-0.09896017,0.6414085
4.855441,-5.753267,8.973468,-4.808731,0.43371433,-0.030543262
4.1946416,-7.821857,5.3821654,-2.243097,0.30909783,0.17348573
3.430891,-5.8107276,7.797915,8.278446,-0.3640757,0.7452556
4.675876,-3.679888,8.643068,-6.0536747,0.07941248,-0.3640757
3.9695864,-7.0245876,5.0062757,1.2705997,0.18936823,0.112399206
4.1491513,-0.29448682,7.101202,4.732984,-0.02687807,0.25289822
4.84347,-4.687847,7.8505874,-5.48557,0.06352998,-0.6047566
3.6774938,-8.588001,4.560954,-1.2351695,0.35308012,0.057421334
3.9504328,-3.1316159,8.810662,7.3731437,0.111177474,0.5742133
4.201824,-3.7804444,6.8761473,-5.3291883,-0.043982297,-0.6450737
3.8043866,-5.74369,6.105214,2.9260445,0.13194689,0.018325957
3.4811692,2.2888567,12.464214,1.6493362,0.17959438,-0.37384954
4.0533834,-4.390966,7.9966335,-5.4819045,0.07941248,-0.2919936
3.1914709,-6.849811,5.8203044,0.5155703,0.267559,0.27366763
3.4332852,-6.7923503,6.7253127,-0.64996064,-0.2846632,0.3408628
4.259285,-1.2856863,9.0716305,-0.82711154,-0.19914207,0.10995574
3.3734303,-3.0262709,7.4268136,-5.9730406,-0.21380283,-0.28588495
3.1507695,-3.5098996,7.8769236,2.7159069,-0.035430185,0.12950343
3.1052797,0.31364042,9.258378,4.6352453,0.09040806,0.3811799
3.7253778,-3.3063924,7.819463,-4.5252895,-0.18570304,-0.3359759
3.7086184,-3.7972038,7.4387846,3.4465017,0.45204028,-0.073303826
3.2249897,5.0517654,10.730812,3.4049628,-0.28221974,-0.2724459
4.010288,-2.1859062,8.018182,-0.23090707,0.1001819,-0.1282817
4.0294414,1.7764976,9.112331,-0.47891834,-0.095294975,-0.058643065
4.3119574,-5.920861,8.24563,-1.500285,-0.065973446,-0.064751714
3.229778,-1.9273324,8.406042,2.225993,0.47525316,-0.06352998
3.7612908,4.225766,8.827422,2.8136454,0.19425514,-0.21624629
6.7468605,-1.1228806,6.2967505,-2.5240953,-1.7079792,-0.02565634
7.2687964,-6.351817,6.181829,-3.3304374,-0.54000485,-0.9419542
8.312668,-7.5441294,1.6304513,-1.9046779,0.23945917,0.41905355
7.7667904,-5.023035,0.11731588,1.0054842,-0.04153884,0.44104472
7.0221934,-6.4523735,3.383007,1.2009611,-0.029321533,-0.1600467
7.1730285,-1.9393034,5.0182467,0.41416663,-0.9431759,-0.9957104
8.468291,-3.1387985,5.4539914,0.28955013,-0.059864793,0.012217305
8.9040365,-4.807557,4.6136265,1.097114,0.48258355,0.16737708
7.067683,-0.48841715,6.0381765,0.54244834,0.2724459,-0.19914207
8.343793,-1.9536686,5.3223104,-1.4208726,0.12217305,-0.12461651
8.066066,-1.448492,5.758055,-0.008552114,0.14660765,-0.17837265
6.5122285,-1.6903064,7.285556,2.3603833,-0.21502456,0.029321533
8.269572,0.48602295,5.1882353,-1.8472565,-0.29932398,0.039095376
8.74123,-3.7852328,5.315128,-0.5290093,0.19792034,0.02443461
7.2831616,-0.7374141,6.0381765,0.34208453,-0.36041048,-0.59498274
8.841787,0.2801216,5.243302,0.032986723,0.2125811,-0.44226643
8.961497,-2.705448,4.3837833,-2.1270328,0.46670106,0.3359759
6.715736,-1.8602947,7.192182,0.5876524,0.15149458,-0.30298916
9.619903,-0.088585466,1.9632454,0.52412236,0.16249016,-0.312763
8.772355,-3.0933087,5.1379566,-1.7849482,0.6743952,-0.018325957
6.588843,-2.2385786,7.5465236,0.64751714,-0.057421334,-0.3555236
8.35337,2.3702598,6.2943563,0.7696902,-0.31764993,0.20280726
9.224859,-1.1731589,3.5482068,-1.1313224,0.02321288,0.39828414
6.8929067,-1.2617443,7.491457,0.052534413,0.14660765,-0.3481932
10.364499,-1.7357962,2.755726,2.6645942,0.4092797,-0.105068825
9.672575,-0.47405192,3.9432502,-0.6743952,0.50579643,0.2883284
6.7612257,-1.4173675,7.00304,-0.86376345,0.30909783,-0.1685988
7.4268136,0.50517654,6.423643,0.48258355,-0.3213151,0.008552114
8.396465,-0.91697925,7.7548194,-0.97005403,0.065973446,0.5644395
7.9822683,-0.7781156,6.1626754,-0.7672467,0.14660765,-0.030543262
8.224083,-2.4947581,4.4699745,-0.63285637,0.037873644,0.11728613
7.539341,-2.3989902,5.5521536,-0.29077184,0.14782938,-0.17959438
8.00621,-0.93373865,7.615956,1.1068878,-0.018325957,0.04886922
7.7189064,0.557849,5.74369,0.56321776,0.09162979,-0.118507855
7.3885064,0.9840169,5.073313,0.61453044,0.16493362,-0.4007276
7.503428,2.6120741,3.9959226,-0.6597345,-0.15393804,0.052534413
8.159439,-0.34715924,5.949591,-4.874705,-0.13561209,0.089186326
7.467515,-2.6647465,4.572925,-3.159395,0.75502944,0.56199604
5.3103395,-8.65025,1.4867992,-1.8289305,0.34330627,0.99204516
4.9200845,-8.556877,1.2497733,1.2791518,0.17348573,0.3494149
5.659893,-6.3230867,3.9001546,4.192979,-0.17715092,-0.19547687
4.405331,-1.3982137,7.651869,-1.0433578,0.07086037,0.19058995
3.3973722,-7.529764,3.799598,-1.9425515,0.07696902,0.032986723
4.367024,-9.7563715,3.1962593,1.8985692,0.02443461,-0.33108896
4.759673,0.33758244,6.3542113,1.91323,-0.19547687,0.22479841
5.8586116,-11.930307,7.2472486,-5.672495,0.51068336,0.22113322
3.347094,-5.9543796,0.5746084,-2.4569001,0.27488935,0.4642576
4.333505,-10.85531,2.0518308,0.0842994,0.2919936,0.052534413
4.560954,-0.18195933,7.371747,3.8105774,-0.06841691,-0.18692477
4.2664676,-6.0166287,5.849035,-5.1605897,-0.37507126,0.043982297
3.4476504,-10.5440645,2.9113493,-1.5063937,0.33475417,0.3555236
4.027047,-9.828198,2.4708161,0.6988298,0.14049901,0.13316862
3.1914709,-1.3383588,8.7125,4.4299946,-0.081855945,0.41538838
5.6000376,-7.062895,5.0900726,-3.413515,-0.012217305,-0.3213151
3.821146,-11.858481,2.3798366,-0.84299403,0.22113322,0.2773328
3.8546648,-6.397307,4.7740383,5.621182,-0.66950834,-0.25900686
5.0876784,-0.78290397,8.652645,-1.428203,0.047647487,0.3481932
3.2824504,-9.471462,2.80361,-1.5344934,0.19914207,0.25534168
3.799598,-10.414778,4.2185836,3.3072245,-0.12217305,-0.2932153
4.6519337,-1.7238252,9.078813,0.22968534,-0.20158553,0.047647487
3.3854012,-7.455544,7.285556,-4.24307,0.10873401,0.015882496
3.8019924,-8.655039,2.4875755,-0.5644395,0.21746802,0.23579398
3.8905778,-5.985504,4.3167458,7.9620175,-0.52778757,0.40194935
3.5458126,-0.50517654,9.536105,-2.1844542,0.15882497,0.19058995
3.9600096,-10.117896,3.6415808,-2.366492,0.43493605,-0.1685988
3.6750996,-6.3063273,6.564901,4.7256536,-0.43860126,0.002443461
4.19943,-3.9504328,8.090008,-0.7305948,0.07941248,0.064751714
3.5338416,-6.1076083,4.307169,-2.615725,0.073303826,-0.28344148
3.809175,-6.054936,5.556942,3.0531044,-0.2565634,-0.27366763
5.556942,-4.4915223,7.6351094,0.6218608,-0.625526,-0.034208454
4.5202527,-4.51307,5.207389,-4.425108,0.22724187,0.089186326
4.285621,-9.514558,5.9064956,0.50701815,0.23579398,0.02687807
5.33907,-5.161899,7.1634517,1.7482964,-0.31887165,0.15882497
5.415684,-0.39983168,8.583213,-0.9859365,-0.07574729,0.12217305
4.3287168,-5.9304376,3.4739866,1.5247196,-0.54244834,-0.21502456
7.1514807,-3.6391866,4.721366,2.8270843,-1.346347,-0.6646214
9.375694,0.23463176,6.7923503,2.52043,-0.9773844,0.22602014
7.8984714,2.645593,6.129156,-1.4844025,0.25900686,-0.20280726
7.615956,-0.91937345,6.897695,-1.7140878,0.4166101,-0.26145032
7.079654,-1.3455414,6.634333,-1.8387043,-0.02076942,-0.16249016
7.9846625,-3.3039982,6.6367273,1.102001,-0.14049901,0.23701571
8.856153,-2.6791117,5.875371,1.6334536,-0.28344148,-0.043982297
6.0525417,-0.92655605,3.9264908,0.7770206,0.1001819,-0.18570304
8.303091,-1.8459295,6.6846113,0.15882497,0.18081611,0.7318166
8.3821,-0.79248077,5.4085016,0.7489208,-0.2406809,-0.5131268
6.3422403,-0.095768064,4.120421,0.8943067,-0.080634214,-0.18448131
8.231265,-1.0103531,4.5274353,-1.5882497,0.14660765,0.61453044
9.3661175,-1.7262194,6.682217,0.72326446,-0.05497787,0.112399206
6.4763155,0.050278235,3.4452562,0.9981538,-0.21624629,-0.37018433
7.855376,-0.557849,6.0980315,-0.30909783,-0.10873401,0.86376345
9.289502,-3.6583402,6.9647326,0.30665436,-0.19425514,0.02321288
6.232107,0.038307227,3.6583402,0.96761054,-0.2565634,-0.35430184
8.444349,0.06943185,5.0302176,-0.27000242,0.096516706,0.93828905
9.600749,-0.7589619,6.399701,0.058643065,-0.204029,-0.36163223
7.053318,-0.90500826,3.301604,0.087964594,-0.12217305,-0.17470746
8.779537,-4.134786,5.8346696,-1.0128145,0.47525316,0.8906415
9.837775,-2.1404164,5.547365,0.20158553,-0.04153884,0.095294975
5.5856724,-1.5107412,3.6367924,0.3115413,-0.13561209,-0.34330627
9.299079,-4.0078936,6.8785415,0.49846604,0.1160644,0.75991637
8.528147,-2.2409728,5.267244,0.118507855,-0.057421334,-0.6719518
6.4547677,-5.753267,3.6415808,-2.239432,-0.1441642,0.14905111
8.942344,-1.2593501,6.2464724,0.2883284,0.2321288,0.64873886
8.9758625,-3.217807,4.795586,-1.767844,-0.24678956,-0.70249504
7.369353,-2.4037786,4.4460325,-2.043955,0.38240165,-0.18203785
7.1730285,-4.999093,5.2887917,-2.951701,0.6401868,0.007330383
7.2448545,-3.5673606,2.27928,-0.2724459,-0.021991149,0.26145032
8.535329,-4.795586,1.7932571,6.2564816,-0.008552114,-0.47891834
7.086837,-0.9552865,6.303933,1.0360274,0.061086524,-0.1600467
7.833828,-3.2680852,5.57849,-0.8356637,0.13194689,-0.04153884
7.644686,-4.0773253,4.972757,-1.5173893,0.22724187,-0.015882496
6.8905125,-7.029376,4.5202527,-1.1838568,0.19303341,0.35796702
8.947132,-6.5577183,2.8275523,0.61575216,0.13927728,-0.48747048
7.350199,-10.110714,3.9719806,-0.37751472,0.28955013,0.018325957
6.612785,-2.4612393,6.969521,-2.2650883,0.21746802,-0.25411993
6.4882865,-4.036624,6.823475,-3.617544,0.43371433,-0.25289822
5.389348,-12.073959,4.268862,-2.2333233,-0.28099802,0.3323107
7.93199,-1.079785,3.916914,5.4696875,-0.49357912,0.004886922
7.1969705,-0.46208093,6.6486983,1.6884315,-0.28099802,0.034208454
6.9240313,-1.8459295,6.7564373,-1.5271631,0.105068825,-0.11362094
6.5720835,-4.5513773,5.7269306,-0.7122689,0.20647246,0.037873644
3.7852328,-7.2448545,6.6893997,-0.14172074,-0.03176499,1.2754866
7.608773,-2.2768857,5.4420204,4.348139,-0.4569272,0.028099801
7.771579,0.557849,4.6279917,1.473407,-0.14294247,0.032986723
6.619968,2.8514943,6.8210807,1.2596041,-0.20158553,-0.02687807
7.477092,-2.1332338,5.8346696,-2.5937338,-0.058643065,0.34574974
6.4523735,-0.36870706,5.403713,-0.23945917,-0.080634214,0.007330383
5.8634,-5.1259856,7.8050976,-0.8784242,0.17104226,0.52534413
6.1938,-0.2801216,6.540959,1.9315559,-0.07574729,-0.096516706
6.8186865,-0.89303726,5.097255,0.004886922,-0.112399206,-0.080634214
5.12838,-0.25378537,8.918402,-1.9633209,0.4447099,-0.034208454
5.590461,-4.247314,6.3589997,-2.669481,0.27855456,0.028099801
6.351817,-5.7269306,4.378995,-2.9236012,0.40317106,0.20158553
3.6463692,-7.644686,3.679888,-0.064751714,-0.03176499,-0.21502456
4.6279917,-8.1881695,3.7110126,-0.94806284,0.18448131,-0.13072516
5.8921304,-9.009381,-0.16759412,-0.80756384,-0.021991149,-0.12950343
5.1690817,-8.26239,-0.60333884,-0.38362336,-0.12583824,0.017104227
5.7724204,-8.415619,-1.2354081,-0.36163223,-0.03176499,0.28099802
4.0174704,-11.336545,0.90500826,1.4086553,-0.5766568,0.15760323
5.2959743,-8.9040365,3.2680852,4.5252895,-0.8185594,0.14782938
6.6774287,-3.6511576,7.285556,1.5100589,-0.02443461,0.13316862
5.619191,0.7182605,7.678205,2.9382617,0.057421334,0.05497787
4.793192,0.9935937,9.040505,-1.3304645,0.2443461,-0.5131268
4.414908,-1.8387469,9.129091,-2.0317378,0.09773844,-0.2406809
4.8937483,-1.2282255,7.4148426,0.9859365,-0.064751714,0.08674286
5.2026005,-0.22984336,8.532935,0.8063421,-0.6169739,0.081855945
5.3582234,0.85473,8.7125,-3.0140092,-0.20158553,-0.65484756
4.927267,-4.9344497,10.263943,-2.1453588,0.06963864,-0.28099802
6.5840545,-2.2266076,2.5067291,-4.3432517,-0.38240165,0.07086037
7.026982,-5.825093,5.130774,-0.12461651,0.19547687,-0.064751714
5.2528787,-2.6168625,1.352724,6.491054,-0.16371189,0.39584067
4.709395,0.6943185,8.908825,2.017077,-0.72204274,0.172264
5.9400144,-0.272939,8.983045,-1.8973475,-0.032986723,-0.344528
6.1387334,-4.2760444,5.7125654,-2.0097466,-0.09285152,-0.16126843
6.423643,-2.5881321,3.9097314,3.98895,-0.50823987,-0.02321288
6.8402343,-0.8379706,8.640674,1.582141,-0.5375614,0.28344148
7.240066,-0.78769237,6.363788,-0.90285885,-0.46303585,-0.31031954
6.7468605,-0.93134445,8.087613,0.5766568,-0.064751714,0.9639453
6.921637,0.08379706,5.2863975,0.2406809,-0.16249016,-0.7855727
6.9719152,0.31603462,6.8569937,-0.04642576,-0.22113322,-0.103847094
8.803479,-2.3127987,7.7308774,-0.21380283,0.2687807,0.74036866
4.297592,1.0893618,5.0374002,-0.4288274,-0.057421334,-0.5412266
11.046846,-1.2186487,7.539341,-0.6597345,-0.073303826,1.033584
4.9464207,-0.30885202,6.1985884,-0.28710666,0.13072516,-0.28099802
11.473015,-4.9200845,7.477092,-0.74281216,0.12950343,0.6035349
5.722142,-5.1379566,6.339846,-0.54244834,0.12583824,-0.13072516
9.600749,-1.0893618,5.645528,-0.5656612,0.111177474,-0.18081611
5.5856724,1.1540052,6.8043213,0.63041294,0.22724187,0.5766568
3.9360676,2.767697,5.48751,0.28955013,-0.3005457,-0.75502944
11.801021,-2.2840683,4.9176903,0.7305948,-0.36163223,0.18203785
5.0661306,0.6775591,7.285556,-0.057421334,0.2443461,0.31398472
7.9702973,2.9352913,7.2424603,2.0244074,0.10751228,-0.77091193
6.2129536,3.052607,7.156269,-0.059864793,0.21502456,-0.33841935
8.851364,2.2816741,6.145916,0.15882497,0.062308256,0.26633725
4.4077253,1.6089035,6.76362,0.056199603,-0.05009095,-0.062308256
10.196905,2.0709844,3.4572272,-0.35796702,0.22235495,-0.21380283
5.1571107,3.6272156,6.9479733,-0.36285394,0.11728613,0.15760323
6.5457473,2.3391352,5.377377,-2.3090706,0.04520403,0.28955013
10.041282,-2.44448,7.8027034,-2.5595255,-0.4251622,-0.02443461
5.518635,0.5243302,4.3742065,-0.32253686,0.19792034,-0.21991149
10.259154,-1.7238252,6.196194,0.63407815,0.030543262,0.37507126
5.8466406,-0.878672,4.120421,0.61941737,0.056199603,0.2919936
8.12592,-1.4413095,5.803545,-0.0012217305,-0.12339478,-0.6560693
9.299079,-0.7733272,5.7628436,0.20280726,-0.15393804,0.95172805
5.674258,0.16280572,4.6232033,-0.31520647,-0.09896017,-0.75869465
10.426748,-3.0765493,6.634333,-0.15027285,-0.039095376,-0.43493605
7.5082164,-1.5490485,6.10282,-0.61086524,0.20280726,0.25778514
7.117962,-2.348712,4.771644,-0.06841691,-0.021991149,0.25289822
8.760384,-2.9592333,5.849035,0.71837753,-0.056199603,-0.21746802
8.676587,-1.5825673,5.6646814,0.08307768,-0.3323107,0.172264
8.899248,-0.521936,4.771644,0.18936823,-0.035430185,-0.12705997
7.5201874,-1.1731589,4.735731,-1.6749926,0.07574729,-0.2443461
8.585608,-1.1659763,5.3606176,1.0213667,0.4605924,0.3323107
7.833828,0.6727707,5.4539914,-0.7819075,0.36651915,-0.9089675
10.232818,-1.4891934,7.249643,-0.061086524,0.49846604,0.45448375
4.2281604,1.163582,5.650316,-0.74036866,0.35918877,-0.1600467
9.67018,-0.79966336,7.7189064,0.22357668,0.043982297,-0.2406809
4.5801077,-0.47644615,5.530606,-0.20647246,0.056199603,0.6414085
6.5864487,0.33758244,8.058883,0.54244834,-0.19058995,-1.033584
9.854534,-0.91219085,7.8769236,0.9505063,0.81000733,0.22113322
5.5617304,0.076614454,5.995081,-0.376293,0.7806858,-0.34574974
2.9041667,2.554613,8.322245,1.7996091,-0.029321533,1.1679744
2.5210943,2.7006595,7.5561004,0.052534413,0.13561209,-0.10995574
5.8322754,0.7350199,6.8785415,-0.07819075,-0.119729586,0.47647488
6.8569937,-0.24660277,8.202535,-0.52534413,0.105068825,0.16371189
5.29358,-0.7565677,8.101978,2.2467623,-0.5900958,0.14538592
5.221754,1.7932571,7.465121,-0.6927212,-0.0842994,-0.2284636
5.566519,0.01436521,8.336611,0.784351,-0.02443461,0.8063421
2.8562827,3.7708676,6.7971387,0.45570546,-0.20280726,-0.4288274
9.370906,3.205836,7.2424603,-0.59742624,-0.09896017,0.036651913
2.6264393,1.4197617,7.7428484,0.087964594,-0.064751714,0.40439278
8.604761,0.5482722,7.9008656,-1.8924606,0.043982297,-1.0616838
4.608838,0.22026655,9.263166,0.08307768,0.029321533,0.86254174
3.205836,2.6479871,7.517793,-0.2724459,-0.030543262,-1.1618657
9.564836,-1.292869,8.255207,-0.64873886,0.20525073,0.86742866
0.58897364,2.4516625,9.059659,-0.04886922,0.19547687,-0.24556783
7.7811556,-2.2625206,7.565677,-2.1746802,-0.052534413,0.17715092
5.813122,-2.7988217,8.583213,-0.1881465,-0.27855456,-0.13683382
4.0462008,-2.1332338,6.007052,1.3121386,0.87964594,-0.20280726
5.4683566,1.1947067,8.121132,2.1209242,-0.57910025,0.16126843
5.5018754,1.3551182,8.061277,0.48502702,-0.039095376,-0.105068825
4.6495395,1.0965444,9.545682,-1.3365731,0.29565877,-0.073303826
5.195418,-1.115698,8.748413,-1.0274754,0.17104226,-0.06841691
5.0541596,-0.7278373,8.271967,-0.41172317,0.03176499,-0.09285152
5.305551,-4.084508,6.217742,-2.7220156,0.30665436,-0.087964594
4.6375685,-1.4077905,5.616797,4.7977357,-0.13683382,0.31887165
4.8099513,-3.4284968,7.723695,2.3261747,-0.4092797,-0.53878313
5.3318872,-1.553837,6.481104,-3.3072245,0.29565877,-0.111177474
3.3782187,-8.50181,7.45315,-1.8570304,-0.11728613,0.33353242
4.0198646,-6.8402343,4.474763,-2.1111503,-0.06841691,0.0
4.465186,-9.033323,3.4284968,5.1850243,-0.20158553,0.073303826
5.6335564,1.1540052,9.490616,4.0146065,-0.26267207,0.13805555
5.255273,-7.2352777,5.801151,-4.7525315,0.16737708,-0.48380527
4.51307,-6.131551,7.429208,3.490484,-0.042760566,0.2406809
4.6926355,5.0062757,9.31105,2.9223793,0.11362094,0.1160644
4.8482585,-4.441244,8.149862,-6.972416,0.36041048,-0.7855727
3.4093432,-4.213795,7.845799,3.5918877,0.36041048,0.33964106
4.972757,-0.31603462,10.0748005,2.4898868,-0.7293731,0.09773844
4.5801077,-0.2633622,9.40203,-8.185595,0.6597345,-0.6621779
4.0557775,-7.359776,5.681441,2.2724187,0.40683624,0.002443461
4.390966,-1.7645266,8.532935,3.7739255,-0.56688297,0.37140608
4.606444,-1.8698715,9.14585,-6.781826,0.16249016,-0.64873886
4.747702,-8.90643,4.903325,0.4642576,0.33353242,0.12339478
4.5801077,-1.3072342,9.148245,3.1300735,-0.45570546,0.535118
5.1259856,2.767697,9.129091,-3.8386772,0.29443705,-0.6169739
4.2640734,-6.184223,5.638345,1.3866642,0.29565877,0.2919936
4.197036,-2.183512,9.627085,2.4740043,-0.2773328,0.043982297
4.4484267,3.0023289,9.138668,-3.35365,0.2125811,-0.06963864
4.3382936,-2.906561,8.185776,-1.0421361,0.14905111,-0.002443461
3.2752678,-2.4157495,8.453926,3.169169,0.17348573,0.33964106
4.10845,0.59136784,11.420342,2.4874432,-0.087964594,0.27366763
4.0533834,-3.5122938,8.322245,-2.1160371,0.105068825,-0.06963864
4.1611223,-2.1547816,5.9567738,1.65911,0.4251622,0.172264
4.2760444,3.145981,11.568783,3.2925637,0.12095132,0.034208454
3.6511576,0.58418524,8.889671,-2.6645942,-0.04153884,-0.13439035
4.2281604,-0.45729253,6.6295447,1.351234,0.24190263,-0.14049901
4.134786,5.805939,10.0029745,3.249803,-0.06841691,0.21991149
3.9719806,-0.89303726,8.487445,-3.7421606,0.12461651,-0.080634214
3.8474822,-2.6264393,7.6351094,1.1753048,0.12339478,-0.06963864
4.367024,5.602432,8.762778,3.055548,-0.16126843,0.073303826
4.3502645,-0.320823,7.0820484,-4.2284093,0.043982297,-0.065973446
4.0438066,-3.9839516,7.704541,0.3005457,0.15393804,-0.0036651916
3.9600096,5.511452,9.488221,1.4697418,-0.19914207,0.24923302
5.6790466,-2.3295584,6.540959,-6.6999702,-0.84665924,-0.2687807
5.482722,-8.343793,5.29358,-3.0066788,0.5888741,0.052534413
4.343082,-7.644686,2.7126305,-1.3329079,0.89919364,0.453262
4.0557775,-5.9567738,8.911219,6.7720523,-0.33353242,-0.15393804
8.104373,-3.7373488,8.719683,0.82711154,-1.9205604,-0.4361578
6.5936313,-0.641646,7.867347,-0.43371433,-0.08307768,-0.4654793
8.154651,-0.79248077,5.710171,0.05375614,0.41783184,-0.12950343
7.630321,-1.3575124,7.2209125,-0.7696902,-0.27488935,0.24923302
8.003817,-4.2904096,5.9064956,-0.07452556,0.3726278,0.10140363
7.795521,2.1140802,5.7005944,2.1746802,-0.23457226,-0.172264
7.563283,3.110068,7.678205,-0.9297369,0.02321288,-0.09285152
7.2927384,-4.0653543,4.7261543,0.4801401,0.17104226,0.16982053
6.1387334,-2.8491,7.8769236,1.6823229,-0.07696902,-0.37140608
7.204153,1.7166426,7.0102224,-0.70616025,0.26145032,0.064751714
7.57286,-3.9983168,6.4547677,-1.577254,0.2443461,0.46670106
5.6407394,-2.8491,8.219295,2.3457224,-0.13439035,-0.3286455
6.777985,1.982399,6.9838862,-1.6811012,0.4361578,0.119729586
7.893683,-4.855441,6.979098,-1.5796975,0.2003638,-0.2932153
5.9400144,-0.39264908,7.038953,1.8753563,-0.48624873,0.039095376
6.471527,1.0845734,4.31914,-0.8246681,0.08552113,0.1685988
7.896077,-3.3063924,6.179435,0.35185838,-0.29810223,-0.23090707
8.590396,3.9552212,4.27365,1.677436,-0.16249016,-0.4251622
7.9750857,1.4221559,2.2026656,-2.4288,-0.04886922,0.22602014
7.3909006,-3.7684734,5.595249,-0.55833083,0.07086037,-0.38362336
6.655881,3.383007,7.675811,1.6102408,0.064751714,-0.28710666
8.025364,-3.6176388,5.949591,-0.7305948,0.0720821,0.30543262
6.5241995,-3.2489316,8.042124,0.019547688,-0.11728613,0.042760566
6.564901,0.34476504,7.524976,3.281568,-0.07819075,0.21502456
7.0940194,-0.15562311,5.899313,-1.3341297,-0.10629055,0.42149702
8.846576,-3.0119057,5.707777,-0.59742624,-0.8258898,-0.29932398
6.835446,-1.6328455,6.543353,1.2925909,0.018325957,-0.49968776
9.909601,-3.6415808,4.6926355,-1.382999,0.25045475,0.59742624
8.020576,-5.094861,3.8498764,0.4251622,-0.02076942,-0.25534168
7.4962454,-1.8339585,3.7900212,-0.02687807,-0.39828414,0.1160644
9.078813,-4.307169,4.4795513,-0.9126327,-0.03176499,0.5925393
7.374141,-3.4596214,4.8027687,-0.5363397,0.20891592,-0.37507126
8.360553,-3.2704794,3.608062,-0.3933972,0.004886922,0.05375614
9.212888,-4.292804,4.924873,-0.6792821,0.20280726,0.22724187
6.742072,-1.0342951,5.7748146,1.5210545,-0.015882496,-0.32986724
8.018182,-2.60968,5.695806,-1.17897,0.004886922,0.63285637
7.0605006,-2.3199813,5.401319,0.119729586,0.23090707,-0.172264
7.338228,-3.5218706,6.2368956,-0.09407325,0.087964594,-0.3933972
8.061277,1.5155296,4.5681367,1.53205,0.004886922,0.13316862
8.3629465,-4.7022123,6.030994,-2.0329595,0.047647487,-0.1441642
8.027759,-0.6703765,5.1882353,0.689056,-0.089186326,-0.2321288
7.2233067,-1.3072342,5.401319,0.15393804,0.0061086523,0.16249016
7.9511437,-3.335123,6.8210807,-1.3109168,-0.12705997,0.6389651
7.086837,-2.8658595,7.479486,-0.24312437,0.12583824,-0.43493605
6.921637,1.5705963,6.612785,1.078788,0.06719518,0.07819075
7.4028716,-2.597709,7.920019,-0.3359759,0.344528,0.083077