-7.4268136,1.388637,5.650316,0.035430185,0.014660766,-0.15149458
-7.350199,1.661576,8.74123,-2.2174408,0.8881981,-0.0036651916
-8.2169,-0.47165772,1.6591818,-1.5552629,1.9193386,0.7257079
-9.586384,3.3854012,-0.50038815,1.1887437,0.31887165,0.50946164
-9.172187,1.4652514,2.9472623,-0.8258898,0.13194689,0.21991149
-9.3182335,2.1787236,1.1109096,0.752586,0.13194689,0.052534413
-9.315839,1.6472107,1.3958195,0.8772025,0.017104227,0.0842994
-9.224859,1.5801731,1.4077905,-0.018325957,0.0036651916,0.20158553
-9.26556,1.8171991,0.6799533,-0.50335294,-0.112399206,-0.23701571
-9.466674,0.89782566,1.3000516,0.53878313,-0.029321533,0.08307768
-9.157822,1.5825673,1.6807296,-0.84299403,0.11362094,0.08674286
-9.557653,3.2848446,0.7302315,-0.35185838,-0.028099801,0.029321533
-9.31105,2.087744,1.1923125,0.6743952,-0.065973446,-0.15027285
-9.354146,2.753332,0.78050977,-0.4728097,-0.095294975,-0.34208453
-9.11712,0.5482722,1.982399,-1.1117748,-0.05009095,-0.119729586
-9.306262,1.9656396,1.1540052,0.30298916,0.062308256,0.07574729
-9.337387,1.1947067,1.9776106,0.2565634,-0.07819075,0.015882496
-9.193734,2.066196,1.8459295,1.0458013,-0.014660766,-0.11728613
-9.291897,1.0271125,3.0621839,-0.9761627,-0.112399206,-0.2565634
-9.313444,1.0007763,1.8411411,-0.31398472,0.11362094,0.09285152
-9.3421755,0.9888053,2.1811178,-0.02687807,-0.019547688,0.057421334
-9.414001,1.3862427,1.7046716,-0.002443461,-0.028099801,0.037873644
-9.169792,1.553837,2.0709844,1.2962561,0.028099801,-0.02443461
-9.425972,0.82599956,2.956839,-0.57543504,-0.018325957,-0.13439035
-9.349358,1.8076223,0.521936,0.63407815,0.103847094,0.0842994
-9.181764,1.4532804,2.2026656,0.30543262,-0.07696902,-0.021991149
-9.129091,1.3599066,1.9033904,-0.065973446,0.05375614,0.05375614
-9.255983,0.7278373,1.6927006,-0.73426,-0.1600467,-0.16249016
-9.334992,0.46447513,1.7788919,-0.3811799,0.05375614,0.019547688
-9.244013,1.6232687,2.5881321,0.4654793,-0.065973446,0.047647487
-9.121908,0.7206547,2.56419,0.0012217305,0.03176499,-0.10262536
-9.227253,0.34715924,2.9233203,-0.13194689,0.062308256,-0.02687807
-9.215282,1.6759412,1.8746599,0.16737708,0.057421334,0.105068825
-9.26556,1.2689269,1.6783354,-0.23457226,-0.073303826,0.008552114
-9.217676,0.39504328,2.3127987,0.6597345,0.042760566,-0.035430185
-9.246407,1.388637,2.3439236,0.4654793,0.02076942,0.02076942
-9.255983,1.2569559,2.5929205,-0.40561453,0.11728613,0.15149458
-9.3661175,0.89303726,1.6472107,-0.42149702,-0.05131268,-0.059864793
-9.270349,1.8004397,2.4827871,0.26389378,-0.018325957,0.073303826
-9.3182335,1.6687586,1.7788919,-0.06719518,-0.04886922,-0.037873644
-9.363723,0.80924016,2.1930888,-0.4972443,0.004886922,-0.08307768
-9.390059,1.0630256,1.7932571,0.021991149,0.047647487,0.059864793
-9.107543,1.520318,2.3319526,0.23945917,-0.030543262,0.08307768
-9.294291,1.2258313,1.7956513,-0.25411993,-0.032986723,0.02565634
-9.303867,1.6998832,1.2354081,0.7257079,-0.029321533,-0.16615535
-9.196129,0.8571242,2.4301147,-0.28588495,0.073303826,0.09773844
-9.528923,1.1563994,1.6927006,0.0061086523,0.03176499,-0.015882496
-9.354146,0.7541735,2.3702598,-0.07452556,-0.02687807,0.05009095
-9.232041,1.5921441,2.0494366,0.17592919,-0.02076942,0.0842994
-9.425972,1.2593501,0.49799395,-0.30298916,-0.19303341,-0.17348573
-9.344569,0.8738836,2.80361,-0.45570546,0.10995574,0.06719518
-9.227253,0.8523358,1.6448165,-0.03176499,-0.013439035,0.040317107
-9.248801,1.5227122,2.5761611,0.105068825,-0.06963864,0.06841691
-9.275137,1.0941502,2.7269957,-0.41783184,0.04642576,-0.11484267
-9.239224,0.08619126,2.4612393,0.062308256,0.030543262,0.081855945
-9.248801,1.4939818,1.9656396,0.06719518,-0.007330383,0.07086037
-9.272743,1.7046716,2.6360161,-0.17959438,-0.0061086523,0.04642576
-9.334992,0.6584055,1.4939818,-0.112399206,0.04153884,-0.112399206
-9.275137,0.9864111,2.3894134,0.15882497,0.010995574,0.015882496
-9.421184,1.42455,2.27928,0.18081611,-0.007330383,0.06719518
-9.244013,1.0654198,1.7477672,-0.15027285,-0.04642576,-0.014660766
-9.490616,1.6591818,1.5298948,1.1850786,-0.037873644,-0.16493362
-9.050082,1.5873557,2.2625206,-0.19792034,-0.07941248,-0.21135938
-9.299079,-0.31364042,2.1021092,-0.41416663,-0.43127087,-0.6047566
-8.7532015,-2.4756045,4.8865657,-0.5534439,-0.43982297,-0.16737708
-8.686164,-2.1021092,4.283227,-1.1985176,-0.35430184,0.5717699
-7.97748,0.2633622,5.425261,0.1600467,-0.2968805,0.58276546
-8.525752,1.4101849,4.285621,0.02565634,0.0,0.13561209
-8.192958,0.45729253,3.799598,-0.31520647,0.039095376,0.0720821
-8.169016,0.4189853,5.0517654,-0.39584067,0.018325957,-0.03176499
-8.3821,0.5482722,4.805163,-0.54733527,-0.039095376,0.03176499
-8.760384,-0.4237737,3.8163576,0.09285152,-0.0036651916,-0.06841691
-8.47308,-0.7422025,5.3247046,0.47158796,0.06719518,0.10262536
-8.4587145,0.21068975,4.96318,0.25289822,-0.0012217305,0.05131268
-8.4826565,1.7764976,4.654328,-0.2125811,0.058643065,-0.119729586
-9.205706,-1.8148049,3.6224272,-1.9437732,0.12705997,-0.3042109
-8.779537,-0.8403648,4.355053,0.04886922,0.13316862,0.09285152
-8.626308,0.05746084,4.900931,0.21868975,0.042760566,0.1001819
-8.90643,0.062249243,2.8419175,0.14905111,0.04153884,0.028099801
-8.6813755,0.5770026,4.3957543,-0.06963864,-0.07452556,-0.040317107
-8.860941,1.1731589,1.9728222,-0.103847094,0.007330383,0.12583824
-8.688558,1.508347,3.394978,0.112399206,-0.07696902,0.056199603
-8.444349,0.8331822,4.9703627,-0.34697145,0.0061086523,0.039095376
-8.743625,-0.272939,3.6990416,-0.22968534,0.0061086523,-0.24190263
-8.863335,-0.32800564,4.5298295,-1.2815952,-0.09040806,-0.204029
-8.645462,0.19153613,3.5984852,-0.06841691,0.059864793,0.18081611
-8.860941,-0.7445967,3.7445314,-0.25778514,-0.07819075,0.16126843
-8.820239,-0.4237737,3.6415808,-0.2284636,-0.02321288,-0.1441642
-8.827422,-0.047884032,3.7086184,0.07574729,-0.04642576,0.08307768
-8.858546,-0.37110126,3.9624038,0.32742378,0.080634214,-0.16249016
-8.719683,0.17717093,4.3406878,0.39706242,-0.02321288,0.21991149
-8.7125,0.59615624,4.134786,0.095294975,-0.029321533,0.05131268
-8.860941,0.5530606,3.430891,-0.42271876,-0.12950343,-0.29932398
-8.813056,-0.40940848,2.9879637,1.7482964,0.12583824,0.0842994
-8.863335,-1.1204864,3.727772,1.0800097,0.09162979,0.043982297
-9.287108,-1.4748282,3.3758245,0.21991149,-0.0036651916,0.05009095
-9.002198,-1.2066777,4.1826706,0.6914995,-0.009773844,0.12217305
-8.913613,2.8179753,2.8778305,1.4538593,-0.06719518,-0.036651913
-8.90643,-0.5243302,2.8634653,0.44593164,0.172264,-0.21991149
-9.052477,0.7565677,2.918532,0.19914207,0.02443461,0.19547687
-8.935161,1.1971009,3.7732618,0.44348818,0.02321288,0.07086037
-8.872911,1.2378023,3.9121256,0.07941248,-0.07452556,0.09773844
-9.176975,2.5737667,3.5362358,0.4972443,-0.08307768,-0.03176499
-9.006987,0.82121116,2.9975405,0.5021312,0.13683382,-0.07574729
-9.038112,1.8842367,2.980781,0.32253686,-0.015882496,0.065973446
-9.016563,1.2186487,2.9281087,-0.25411993,0.0061086523,0.04642576
-8.839393,2.4708161,3.9121256,0.93951076,0.021991149,0.061086524
-8.899248,0.9696517,3.2082303,1.5589281,0.017104227,0.02321288
-8.784326,0.0,3.1842883,-0.31887165,-0.002443461,-0.2125811
-9.188946,1.1204864,3.3973722,0.002443461,0.043982297,0.043982297
-8.9519205,0.9648633,3.2513258,0.18936823,0.07086037,0.029321533
-9.016563,1.8890251,3.4835634,0.65484756,0.029321533,0.119729586
-8.918402,2.2816741,3.0382419,1.3377949,-0.089186326,0.017104227
-8.985439,0.51954174,3.2393548,2.1270328,0.1001819,-0.059864793
-8.860941,0.80445176,2.8491,0.82344633,0.05009095,0.096516706
-9.0429,1.1372458,3.5218706,0.1441642,-0.028099801,0.1001819
-8.908825,1.9057846,2.9017725,-0.51068336,-0.061086524,0.04886922
-9.016563,1.2449849,3.8163576,-0.93951076,-0.105068825,-0.17592919
-9.131485,0.47405192,2.6599581,0.1441642,0.032986723,0.06719518
-8.947132,0.38067806,4.0557775,-0.17592919,-0.002443461,0.05375614
-8.825027,1.1755531,3.7852328,0.02687807,0.018325957,0.037873644
-8.746018,0.82599956,3.5625722,0.2724459,0.056199603,-0.06352998
-8.942344,0.79966336,2.731784,-0.312763,0.018325957,-0.15027285
-9.107543,0.6584055,2.2050598,-0.036651913,-0.14294247,-0.0012217305
-8.805874,0.19871874,4.5920787,-0.33353242,-0.12095132,0.112399206
-8.722076,1.0271125,4.477157,-0.20769419,0.04886922,0.10262536
-8.781932,0.16998832,3.1531637,-0.42394048,0.05131268,-0.02076942
-8.734048,0.35194764,3.608062,-0.42394048,-0.11362094,-0.19425514
-8.7771435,-0.60573304,4.015076,-0.2443461,-0.10873401,0.0012217305
-8.746018,0.22984336,4.663905,0.1600467,-0.02687807,0.16371189
-8.78672,-0.22744916,3.9480386,0.07574729,-0.02443461,0.11362094
-9.148245,0.12928689,4.3119574,0.32986724,-0.004886922,-0.06841691
-8.813056,-1.1420342,5.073313,-0.30176744,-0.09162979,-0.22724187
-8.738836,-1.8459295,3.8139634,0.453262,0.012217305,0.21135938
-8.525752,0.2777274,4.3526587,-0.10629055,0.0,0.1160644
-8.683769,-0.04309563,4.5777135,-0.16371189,-0.008552114,-0.010995574
-8.504205,0.4405331,3.2106245,-0.018325957,-0.09162979,-0.22479841
-8.257602,-0.9864111,5.7748146,-0.28221974,-0.018325957,0.2003638
-8.5473,-0.22744916,3.8115692,-0.20280726,-0.02076942,0.18203785
-8.480263,-0.7254431,4.522647,0.095294975,0.0036651916,0.07086037
-8.588001,0.7565677,4.120421,0.25167647,0.080634214,-0.02443461
-8.580819,-0.6751649,2.8802247,-0.45814893,-0.059864793,-0.15393804
-8.683769,-0.9504981,3.8474822,-0.04520403,0.017104227,-0.18203785
-8.717288,-0.02633622,3.8235402,-0.007330383,-0.030543262,0.13439035
-8.695741,-0.62249243,4.0174704,0.24678956,-0.04153884,0.059864793
-8.815451,0.9792285,4.6495395,0.09407325,-0.002443461,-0.018325957
-8.573636,-0.8690952,3.6511576,-0.22968534,-0.002443461,-0.052534413
-8.801085,-0.9528923,3.9073372,0.035430185,0.008552114,-0.17104226
-8.62152,-0.8882488,4.8362875,-0.3371976,-0.040317107,0.11362094
-8.6095495,-0.533907,4.132392,-0.34330627,-0.10629055,0.042760566
-8.475474,0.5793968,5.4539914,0.6389651,-0.007330383,-0.036651913
-8.566454,-2.2266076,4.7524905,-0.15515977,0.02687807,0.08307768
-8.463503,-1.2282255,4.6351743,-0.37018433,-0.08552113,0.06963864
-8.461109,0.08140286,4.261679,-0.15393804,-0.10262536,0.04520403
-8.631097,-0.9840169,4.390966,0.02443461,0.04153884,0.04520403
-8.626308,-2.099715,4.297592,0.27122417,0.02443461,-0.09040806
-8.0924015,0.06464344,5.5497594,-0.095294975,0.02565634,0.04153884
-8.312668,-1.0773908,4.5896845,-0.34697145,-0.02687807,-0.0036651916
-8.542512,-0.30645782,4.450821,-0.72692966,0.014660766,0.11362094
-8.590396,-0.94092125,4.2640734,0.1001819,-0.0061086523,0.04520403
-8.4826565,-0.6536171,4.060566,-0.17348573,0.0720821,-0.2125811
-8.74123,-1.5346833,3.7086184,-0.1001819,-0.11362094,-0.16737708
-8.365341,-1.958457,5.57849,-0.15027285,-0.080634214,0.14049901
-8.214506,-1.8315643,4.501099,-0.17715092,-0.12583824,0.040317107
-8.085219,-0.92176765,4.43885,-0.02076942,-0.056199603,-0.11484267
-8.157045,-2.018312,4.661511,0.97249746,-0.013439035,-0.29565877
-7.905654,-2.3702598,5.961562,2.1380284,0.21502456,-0.32620203
-8.655039,1.2258313,3.8043866,1.7067575,0.040317107,-0.15515977
-8.887277,-0.33758244,3.881001,0.31887165,0.7086037,0.16737708
-8.805874,3.7325604,3.2561142,0.12950343,0.18692477,0.032986723
-9.160215,0.5363012,2.6599581,-0.4605924,0.095294975,-0.18570304
-9.193734,0.6584055,3.2345665,0.98471475,0.080634214,0.1001819
-9.018958,1.7405846,1.9991584,-0.1441642,0.112399206,0.057421334
-9.143456,0.9840169,3.0454245,0.062308256,-0.0061086523,-0.04886922
-9.148245,1.6352397,2.5187001,-0.15760323,-0.02076942,0.15882497
-9.078813,0.93134445,1.8842367,-0.035430185,-0.035430185,0.0036651916
-9.203311,1.3670892,2.3391352,0.13194689,-0.096516706,-0.10629055
-9.083601,1.3072342,2.6671407,0.05131268,0.10140363,0.064751714
-9.23683,1.4101849,2.4779987,-0.1881465,-0.05497787,0.036651913
-9.02614,1.9057846,2.2840683,-0.13927728,-0.07574729,-0.042760566
-9.109938,1.1540052,2.9017725,0.11484267,0.018325957,0.002443461
-9.179369,1.2545617,2.7389667,0.12339478,-0.010995574,0.04520403
-9.229648,2.6264393,1.8794483,-0.23823744,-0.010995574,-0.096516706
-9.078813,1.0319009,2.5330653,-0.37140608,0.028099801,0.042760566
-8.889671,1.1348516,2.2098482,0.31642818,-0.059864793,0.09773844
-9.107543,0.08619126,2.183512,0.04642576,-0.036651913,0.0
-8.930372,0.9576807,3.2034419,0.20158553,-0.1160644,-0.1160644
-9.081207,0.49799395,3.3494883,0.2773328,0.07696902,-0.0720821
-9.0237465,1.7166426,2.4372973,-0.26511553,0.09896017,0.05375614
-9.052477,0.61052144,3.1196449,-0.052534413,-0.040317107,-0.028099801
-9.13388,1.3814543,3.2369606,0.19914207,-0.018325957,0.052534413
-8.983045,1.1540052,3.3854012,0.25289822,0.06841691,-0.11484267
-8.920795,1.6280571,2.1859062,0.20769419,0.02321288,-0.009773844
-9.054871,0.7086837,3.5003228,0.204029,-0.052534413,0.037873644
-9.002198,1.1923125,2.9137435,0.1001819,-0.042760566,0.04886922
-8.980651,1.0199299,3.5075054,0.3555236,0.034208454,-0.14294247
-9.174581,1.6065093,3.3662477,-0.052534413,0.14049901,0.080634214
-9.263166,0.46208093,2.3223755,-0.17470746,-0.062308256,0.08307768
-9.088389,0.9576807,3.3303347,0.5497787,-0.015882496,0.021991149
-9.011775,1.4508862,3.394978,-0.057421334,0.047647487,-0.04886922
-9.066842,1.1994951,2.3080103,0.21624629,-0.014660766,-0.039095376
-8.846576,0.7182605,3.5865142,-0.1685988,-0.073303826,0.08307768
-9.018958,0.878672,1.8818425,-0.38362336,-0.0842994,0.08674286
-9.035717,0.6847417,3.727772,0.38973203,0.07452556,-0.18692477
-8.868123,0.4189853,3.6272156,0.080634214,0.1881465,0.16249016
-9.074024,1.1013328,3.514688,0.16615535,0.0036651916,0.04642576
-8.966286,0.770933,3.4021606,0.10995574,-0.061086524,-0.010995574
-8.937555,1.3311762,3.0023289,-0.013439035,-0.065973446,0.039095376
-9.188946,1.472434,2.3894134,0.13683382,-0.058643065,-0.09040806
-9.018958,0.023942016,4.120421,-0.36041048,0.06841691,0.11484267
-8.779537,0.842759,3.2225955,0.24923302,-0.009773844,0.047647487
-8.779537,1.3742718,4.0533834,0.030543262,0.057421334,-0.018325957
-8.995016,0.91458505,2.8395233,0.013439035,0.105068825,-0.06963864
-9.160215,1.1587936,2.5833437,-0.28710666,-0.103847094,0.052534413
-8.990228,0.91219085,3.9624038,-0.11362094,-0.06963864,-0.042760566
-8.963891,0.92655605,3.25372,0.18325958,0.087964594,-0.013439035
-9.011775,1.0127473,3.0071173,0.095294975,0.010995574,0.013439035
-9.155427,1.3072342,2.9041667,-0.33841935,-0.047647487,0.12339478
-8.781932,0.8451532,3.2249897,-0.4373795,-0.17592919,0.09162979
-8.738836,0.7445967,4.1946416,-0.028099801,-0.15149458,-0.02076942
-8.676587,1.1300632,3.6942532,0.1563815,0.039095376,-0.096516706
-9.112331,1.0295067,4.0294414,-0.12950343,0.08307768,0.059864793
-8.9758625,1.5346833,2.9616275,-0.1282817,-0.07819075,0.10140363
-8.700529,1.1252748,2.755726,-0.84665924,-0.17104226,-0.036651913
-8.674192,1.3192052,3.4213142,1.1068878,-0.018325957,-0.12705997
-8.968679,1.1971009,3.6942532,0.057421334,0.1441642,0.22724187
-8.832211,0.842759,3.0023289,0.18203785,-0.08674286,0.07086037
-8.9040365,1.697489,3.9193082,0.015882496,0.030543262,-0.111177474
-8.762778,0.90500826,2.8874073,0.5119051,0.2284636,-0.015882496
-9.006987,0.7326257,3.083732,-0.12583824,-0.05131268,0.062308256
-8.939949,1.0821792,3.8139634,-0.2284636,0.008552114,-0.05131268
-9.062054,-0.51954174,2.755726,0.5009095,0.105068825,-0.017104227
-9.059659,1.3862427,3.1148565,0.15882497,0.06963864,0.037873644
-8.827422,0.8355764,2.7700913,-0.37873647,-0.05497787,0.087964594
-9.066842,1.412579,4.3382936,0.5729916,-0.040317107,0.0012217305
-8.734048,0.47405192,3.5649664,-0.28588495,-0.032986723,-0.12461651
-9.057265,1.0462662,3.1651347,-0.22968534,-0.034208454,0.02687807
-9.01417,1.2401965,3.5338416,0.017104227,0.014660766,0.065973446
-8.817844,0.7134721,4.156334,-0.07819075,-0.10751228,0.11484267
-9.224859,1.2737153,2.942474,0.065973446,-0.119729586,-0.118507855
-9.028535,0.7565677,3.2920272,-0.03176499,0.13072516,0.0012217305
-8.762778,1.2737153,3.4476504,-0.4129449,0.007330383,0.07696902
-8.932767,1.436521,2.5330653,0.21746802,-0.07941248,-0.010995574
-9.021352,1.4700398,3.086126,0.23457226,-0.02687807,-0.061086524
-9.0429,1.5945383,3.0023289,-0.29932398,0.08552113,0.064751714
-9.011775,1.1300632,3.040636,0.073303826,-0.013439035,0.0012217305
-8.942344,1.2425907,3.5673606,0.09896017,-0.02687807,-0.02687807
-9.01417,0.93373865,2.6527755,0.204029,0.10751228,-0.0012217305
-9.241618,1.3862427,3.0430303,0.12095132,0.07696902,-0.008552114
-8.865729,2.408567,1.1492168,-0.46181414,-0.14782938,0.034208454
-9.157822,2.4971523,2.7605145,0.2932153,-0.08552113,-0.030543262
-9.074024,0.79966336,3.1986535,0.5681047,0.059864793,-0.15271631
-9.074024,1.7884687,2.2984335,0.47403142,0.103847094,0.15271631
-9.040505,1.1611878,2.920926,-0.21746802,-0.14782938,0.065973446
-9.203311,1.8291701,2.753332,-0.18692477,-0.09162979,-0.02443461
-9.174581,1.1779473,2.755726,0.16615535,-0.06719518,-0.172264
-9.246407,1.0103531,3.9839516,0.25045475,0.19792034,0.13072516
-8.937555,1.0414777,2.7868507,0.27488935,-0.029321533,0.013439035
-9.030929,0.36152446,4.6136265,-0.02076942,0.037873644,-0.04642576
-8.822633,0.61052144,1.7884687,-0.10262536,-0.013439035,0.02321288
-8.75799,1.8387469,3.5697548,0.2919936,0.021991149,0.073303826
-9.112331,0.007182605,1.5059528,-0.31031954,-0.09896017,-0.09896017
-8.561666,0.93373865,3.596091,-0.97127575,0.105068825,0.2724459
-8.925584,1.091756,2.5115175,-0.6206391,-0.21746802,0.04520403
-8.564059,1.2090719,3.3877954,0.6817256,0.080634214,-0.09896017
-8.674192,0.79726917,4.984728,-0.52412236,0.0061086523,0.09040806
-8.734048,0.50038815,3.3806129,-0.19303341,-0.010995574,0.08674286
-8.860941,1.6160861,2.6503813,-0.27488935,-0.03176499,-0.056199603
-8.844181,1.1204864,3.0382419,-0.93218035,-0.037873644,-0.09896017
-8.437167,0.7350199,4.201824,0.37384954,0.30909783,-0.034208454
-8.671799,-0.25378537,5.379771,-0.6243043,0.059864793,-0.105068825
-8.669404,0.93373865,4.024653,0.5155703,0.13683382,0.14049901
-9.074024,1.0965444,2.8203697,-0.3005457,-0.14172074,0.010995574
-8.355764,2.7748797,5.899313,0.75502944,-0.04520403,-0.172264
-9.0429,0.29448682,2.8203697,-0.15515977,-0.111177474,-0.08552113
-8.7771435,1.1755531,4.948815,0.8979719,0.17348573,0.014660766
-8.9519205,1.553837,2.087744,0.21868975,0.16126843,0.014660766
-9.009381,2.408567,3.3734303,0.6817256,0.13683382,-0.25411993
-9.835381,1.0965444,1.1587936,0.10140363,0.22479841,-0.007330383
-9.035717,0.6655881,3.3183637,-0.3885103,0.065973446,0.09162979
-9.112331,1.6160861,2.1068976,0.7134906,0.2284636,0.032986723
-9.186552,1.4915876,1.7884687,-0.6780604,-0.018325957,0.009773844
-9.232041,1.9895816,3.1244333,0.63407815,0.02321288,-0.03176499
-9.358934,2.3104045,2.1021092,-0.5571091,-0.019547688,0.1563815
-9.062054,1.8507179,1.9177556,0.09040806,0.07574729,-0.04886922
-9.174581,1.8962077,2.5019407,0.89919364,0.15271631,0.056199603
-9.296685,1.1133038,1.9297266,-0.29077184,-0.02687807,0.04642576
-9.461885,1.472434,2.8754363,0.5852089,0.05497787,-0.14294247
-9.186552,1.7669208,2.054225,0.60231316,0.112399206,0.105068825
-9.107543,1.5155296,2.0350714,-0.49235737,-0.030543262,-0.02565634
-9.136273,2.6767175,2.8802247,0.4801401,0.087964594,-0.2773328
-9.131485,1.721431,1.5490485,0.08307768,0.111177474,0.12583824
-9.210494,1.7669208,2.006341,0.39461896,-0.032986723,0.119729586
-9.476251,2.042254,0.6823475,-0.89552844,-0.02321288,0.0012217305
-9.363723,2.3582888,1.7764976,0.11484267,0.037873644,0.16982053
-8.947132,1.6807296,1.9680338,0.15760323,-0.002443461,0.009773844
-8.868123,2.432509,2.5498247,0.48991394,-0.007330383,-0.2003638
-9.222465,1.9129672,1.1444284,-0.55833083,-0.1160644,-0.06963864
-9.200917,1.8148049,3.301604,0.8014552,0.119729586,0.16126843
-8.9758625,2.291251,0.9935937,-0.70738196,-0.087964594,0.07696902
-9.114726,2.6264393,0.9648633,-0.6243043,-0.2846632,-0.009773844
-8.937555,2.1787236,1.9895816,0.45081854,-0.013439035,0.05375614
-9.078813,1.8100165,1.5227122,0.059864793,-0.007330383,0.009773844
-9.272743,3.3686419,0.82121116,-0.16493362,-0.029321533,0.002443461
-9.23683,0.272939,3.3039982,-0.5766568,-0.17104226,-0.14049901
-8.714894,1.1755531,3.2848446,-1.5161675,-0.47647488,-0.3408628
-8.74123,-0.5626374,2.6408045,-2.5827382,-0.2846632,0.16249016
-8.7125,-2.44448,4.759673,0.20769419,0.05131268,0.40194935
-8.698134,-1.3814543,2.0829554,0.20769419,-0.02443461,-0.029321533
-8.698134,-1.6041151,4.036624,1.0140363,0.19547687,0.059864793
-8.815451,-2.1906946,2.7365725,-0.14782938,-0.02321288,-0.036651913
-8.300697,-1.328782,4.8817773,0.14538592,0.02443461,0.10995574
-8.860941,-1.6543933,1.9680338,-0.8332202,0.057421334,0.043982297
-8.887277,-2.5115175,3.6511576,-0.18203785,0.009773844,-0.10751228
-8.647857,-2.2218192,4.4580035,-0.47891834,-0.10140363,0.018325957
-8.939949,-0.7541735,3.2345665,0.5497787,0.02443461,-0.14660765
-8.4108305,-0.9935937,5.5138464,-1.2131784,0.1001819,0.111177474
-8.858546,-0.9959879,3.7445314,-0.4642576,-0.030543262,0.10262536
-8.992621,-1.271321,3.9791632,0.064751714,-0.012217305,0.002443461
-8.908825,-1.5442601,4.1036615,0.4129449,0.035430185,-0.05131268
-8.647857,-1.271321,3.8379054,0.22602014,0.010995574,-0.14782938
-8.597578,-0.10055647,4.4963107,-0.012217305,0.02443461,-0.004886922
-9.291897,0.47165772,2.315193,0.75869465,-0.1441642,-0.13439035
-8.631097,0.12449849,4.0462008,0.172264,-0.111177474,-0.028099801
-8.619126,-0.830788,3.8618474,-0.61819565,-0.014660766,0.10140363
-8.5473,-1.2593501,4.560954,-0.49602258,0.096516706,0.1441642
-9.176975,-1.0103531,3.1866825,-0.5009095,0.095294975,-0.043982297
-8.798691,-0.81402856,3.7445314,0.29077184,-0.1001819,0.037873644
-9.018958,-1.673547,2.743755,0.5119051,-0.056199603,0.0036651916
-9.172187,-1.0390835,3.572149,-0.06719518,0.034208454,-0.103847094
-8.913613,-1.0486604,3.4117374,-0.27488935,-0.105068825,-0.15027285
-8.619126,-0.4237737,4.5872903,0.28588495,-0.07574729,-0.002443461
-8.76996,-0.91697925,3.478775,0.36651915,-0.07941248,0.030543262
-8.75799,-0.36631286,4.8745947,-0.6169739,0.087964594,0.021991149
-8.959103,-1.745373,3.526659,-0.96883225,0.015882496,0.040317107
-8.793902,-1.067814,4.1683054,0.49357912,-0.16249016,0.02565634
-8.6334915,-0.90500826,4.010288,0.5656612,-0.073303826,0.064751714
-8.760384,-1.8698715,2.906561,-1.2608259,0.10262536,-0.09896017
-8.599973,-1.8387469,3.3854012,0.45570546,0.0036651916,-0.010995574
-8.59279,-1.1013328,4.0222588,-0.1600467,-0.19425514,0.105068825
-8.808268,-0.2753332,4.039018,0.44226643,0.07574729,-0.043982297
-8.50181,-2.96881,4.189853,0.15393804,0.17348573,-0.089186326
-8.578424,-1.8579005,4.3526587,0.24190263,0.047647487,0.07574729
-8.7292595,-0.17717093,4.0174704,-0.2968805,-0.021991149,0.087964594
-8.580819,-1.5873557,3.904943,-0.14905111,0.119729586,-0.057421334
-8.468291,-2.147599,3.8163576,-0.95417154,0.03176499,-0.13072516
-8.822633,-1.4772224,3.8163576,1.3732251,-0.13072516,-0.019547688
-8.760384,-0.22505496,4.27365,-0.25411993,-0.081855945,0.008552114
-8.772355,-1.3790601,3.6655228,-0.8454375,-0.047647487,-0.19547687
-8.66701,-1.1803415,4.1922474,0.874759,-0.06841691,0.07574729
-8.623915,-2.8538885,4.003105,0.22602014,-0.05131268,0.040317107
-8.599973,-1.0390835,4.3981485,0.05375614,-0.02443461,0.02321288
-8.671799,-2.135628,4.074931,-0.59864795,0.03176499,-0.16126843
-8.461109,-2.4779987,4.8386817,1.1863003,-0.096516706,0.008552114
-8.535329,-1.8219875,3.8881836,-0.23335053,-0.030543262,0.065973446
-8.470686,-1.2449849,4.4795513,0.28588495,-0.0012217305,-0.0036651916
-8.295909,-1.0151415,5.0637364,-0.9981538,-0.013439035,-0.16126843
-8.456321,-1.6089035,4.948815,0.12217305,-0.13072516,0.18325958
-8.391677,-1.8124107,4.6255975,0.07941248,-0.012217305,0.034208454
-8.50181,-2.777274,3.9097314,-0.37018433,0.02687807,-0.07696902
-8.001422,-2.7605145,4.453215,-0.16371189,-0.034208454,0.1001819
-8.101978,-1.0989386,4.390966,0.33108896,-0.062308256,0.103847094
-8.154651,-1.8243817,4.8841715,0.28588495,-0.04886922,-0.0012217305
-8.444349,-2.1787236,4.1706996,-0.38606682,0.1282817,-0.23335053
-8.078036,-2.942474,4.211401,0.13805555,-0.103847094,0.1160644
-8.00621,-1.0366893,5.121197,0.10629055,-0.057421334,0.11484267
-8.003817,-2.2385786,4.76925,-0.18936823,-0.014660766,0.05009095
-8.406042,-1.4987702,4.0198646,-0.07819075,0.08674286,-0.13805555
-7.8410106,-1.3096284,4.213795,0.05497787,-0.1160644,0.059864793
-7.845799,-2.1428106,5.145139,0.5216789,-0.0061086523,0.19303341
-8.226477,-1.8171991,4.2042184,0.10873401,-0.1001819,-0.004886922
-8.14268,-2.3223755,4.3885717,-0.047647487,0.042760566,-0.15882497
-7.9750857,-2.1691468,4.7740383,-1.3500122,0.112399206,-0.47036624
-8.4108305,-6.6391215,2.4372973,-0.17837265,-0.039095376,-0.15393804
-6.7564373,-0.30885202,6.1387334,2.8820622,-0.19181168,0.010995574
-8.228871,-2.3415294,3.110068,0.9089675,0.56688297,-0.11728613
-8.90643,2.1092918,2.9735985,2.5851817,0.4166101,0.30787608
-8.597578,4.209007,2.6647465,-1.1814134,0.28710666,0.24801129
-8.762778,-0.059855044,5.482722,-1.2986995,-0.042760566,0.065973446
-8.92319,1.0151415,3.157952,-0.38973203,-0.12461651,0.047647487
-8.774749,0.89064306,3.8139634,-0.05131268,-0.06963864,-0.047647487
-8.281544,0.33997664,5.4563856,-0.5314528,-0.09773844,-0.172264
-8.439561,0.7757214,5.2289367,-0.516792,0.05009095,-0.05131268
-8.475474,1.8004397,3.3877954,-0.0012217305,0.07086037,0.081855945
-8.544906,-0.2801216,4.5322237,0.4605924,0.0061086523,-0.04886922
-8.683769,0.06703765,5.073313,-0.23823744,0.05009095,-0.18325958
-8.327033,0.4237737,4.759673,-0.6927212,0.035430185,0.058643065
-8.4587145,0.33997664,3.3542767,-0.46670106,0.007330383,0.02076942
-8.310274,-0.6440403,5.133168,0.6072,0.02565634,0.028099801
-8.487445,-0.093373865,4.6255975,0.0061086523,0.06963864,-0.06841691
-8.312668,-1.9177556,4.8722005,-0.70738196,0.015882496,-0.06841691
-8.51857,-1.0893618,4.829105,0.0061086523,0.10995574,0.043982297
-8.48984,0.11252748,4.6471453,0.18448131,-0.032986723,0.042760566
-8.355764,-0.320823,3.4763808,0.059864793,-0.11362094,0.04520403
-8.62152,-1.7142484,4.853047,-0.0061086523,0.080634214,-0.2003638
-8.4826565,-1.283292,5.463568,-0.30665436,0.034208454,0.22602014
-8.714894,-0.16519992,4.232949,-0.021991149,0.012217305,0.059864793
-8.602366,-1.0247183,3.775656,0.33964106,-0.09162979,0.035430185
-8.767567,-1.0845734,4.3167458,0.043982297,-0.047647487,-0.24801129
-8.336611,-1.2449849,5.1642933,-0.06352998,0.12461651,0.23701571
-8.559271,-0.6703765,3.9935284,-0.02076942,-0.02443461,0.073303826
-8.791509,0.2873042,3.3255463,0.75136423,0.04642576,-0.21746802
-8.415619,-0.6751649,5.085284,0.63529986,0.039095376,0.11484267
-8.422802,1.2210429,3.8666358,0.0720821,-0.030543262,0.112399206
-8.628703,-1.0702082,3.8402996,0.39584067,-0.07574729,-0.06719518
-8.784326,-0.40222588,4.158728,-0.096516706,-0.03176499,-0.12705997
-8.477868,-1.3551182,5.0302176,0.10995574,0.09040806,0.09773844
-8.695741,0.533907,4.175488,-0.408058,-0.043982297,0.029321533
-8.525752,-0.016759412,3.9456444,-0.21380283,0.035430185,-0.15149458
-8.355764,-0.80924016,5.410896,-0.004886922,0.056199603,0.16249016
-8.597578,0.14844051,3.394978,-0.7293731,-0.059864793,-0.008552114
-8.736442,-0.63206923,4.9224787,-0.018325957,0.014660766,-0.06352998
-8.372523,-1.5610195,5.303157,0.56077427,0.036651913,0.09407325
-8.42759,0.47165772,3.9504328,-0.007330383,-0.0036651916,0.22357668
-8.597578,0.04309563,4.709395,0.042760566,-0.09407325,-0.09773844
-7.9631147,0.059855044,5.920861,-0.37018433,0.111177474,-0.16737708
-8.288726,-1.8938135,4.5058875,0.20525073,-0.21013765,0.0
-7.920019,1.4772224,3.454833,-0.5656612,-0.16249016,0.07452556
-8.264784,-0.7278373,4.5777135,-0.3921755,-0.18570304,0.047647487
-8.109161,-1.2306197,5.841852,-0.6792821,-0.16615535,0.12583824
-8.001422,-0.82121116,5.485116,1.1850786,0.089186326,-0.14905111
-7.8912888,-2.1547816,6.38773,-0.035430185,0.15393804,0.030543262
-8.702923,-0.37110126,3.5314474,-0.3200934,0.04520403,0.018325957
-8.276755,-1.6759412,5.9304376,-0.22357668,-0.087964594,0.028099801
-7.7428484,-2.882619,5.473145,0.6450737,0.18570304,-0.13927728
-7.8386164,-1.1899183,5.439626,0.112399206,0.096516706,0.12461651
-7.620744,0.92655605,4.9440265,-0.79901177,0.010995574,0.009773844
-8.192958,-1.7525556,4.9775453,-0.07452556,-0.02443461,0.002443461
-8.149862,-0.557849,5.8586116,0.35430184,0.030543262,0.04886922
-8.274361,-1.9800048,6.38773,-0.10751228,0.096516706,0.0036651916
-8.238448,-0.79008657,3.5458126,0.1282817,0.19058995,0.02565634
-8.525752,-1.7262194,4.855441,0.18081611,0.02565634,-0.014660766
-8.3150625,-0.7230489,5.1379566,0.75747293,0.036651913,0.02565634
-8.487445,0.94331545,4.3047748,-0.45937067,0.012217305,-0.28710666
-8.37013,-0.7613561,4.2999864,-0.2406809,0.043982297,0.11362094
-8.317456,-0.60333884,4.903325,0.6010914,-0.036651913,0.02076942
-8.42759,-0.32561144,4.654328,0.1441642,0.02076942,0.02687807
-8.360553,1.2234371,3.6487634,-0.3921755,-0.02565634,-0.18081611
-8.707711,-1.6496049,4.039018,-0.39584067,-0.010995574,0.042760566
-8.674192,-0.92416185,4.747702,0.1160644,-0.018325957,0.02565634
-8.513782,-0.36391866,4.924873,0.14294247,-0.02565634,0.065973446
-8.475474,-0.94331545,3.5362358,-0.3567453,-0.05497787,-0.19303341
-8.645462,0.23702596,3.1794999,0.13316862,0.0061086523,-0.095294975
-8.461109,0.7493851,4.283227,-0.5705481,0.007330383,-0.06719518
-8.3868885,-1.5298948,4.9176903,-0.07819075,-0.034208454,0.15149458
-8.487445,-0.8355764,4.5082817,0.21746802,0.062308256,-0.14905111
-8.671799,-0.80445176,3.301604,0.15271631,0.04886922,0.07819075
-8.607155,-1.0893618,4.9703627,-0.06841691,0.0061086523,0.08552113
-8.655039,-0.9552865,4.24492,0.1282817,0.02321288,-0.021991149
-8.532935,-1.1947067,5.046977,0.36163223,0.004886922,0.012217305
-8.561666,-1.5394717,4.235343,-0.087964594,0.04153884,-0.11484267
-8.535329,0.25139117,4.1706996,0.02076942,-0.040317107,0.043982297
-8.48984,-1.2090719,4.039018,-0.45937067,-0.002443461,0.07574729
-8.525752,-0.9792285,4.5633483,0.15760323,-0.02443461,-0.17348573
-8.544906,-1.1324574,4.6040497,-0.05497787,0.04886922,0.112399206
-8.6813755,-1.1492168,4.8243165,-0.039095376,0.028099801,0.1001819
-8.497022,-0.5434838,4.2880154,0.013439035,0.02443461,0.080634214
-8.693346,-0.85473,3.775656,0.15393804,-0.021991149,0.04642576
-8.559271,-0.04309563,3.787627,0.17104226,-0.02687807,-0.16615535
-8.686164,-1.3551182,4.6232033,-0.06963864,0.0012217305,0.09407325
-8.738836,0.60573304,3.7684734,-0.35063666,-0.10262536,-0.10140363
-8.611943,-2.1859062,4.8937483,0.6426302,0.073303826,0.15271631
-8.631097,-0.6512229,4.474763,0.9810496,0.13194689,0.012217305
-8.413225,-1.6663644,4.721366,-0.86742866,0.057421334,0.23701571
-9.0429,-0.9911995,2.3463178,0.39461896,-0.009773844,0.11362094
-8.920795,-0.9528923,3.8786068,1.1496484,0.02321288,-0.23090707
-8.628703,-0.6392518,4.5178585,0.09162979,0.043982297,0.17837265
-8.832211,0.8882488,4.1371803,-0.12705997,-0.010995574,0.15271631
-8.9998045,0.19393034,4.012682,-0.15271631,0.007330383,-0.08307768
-8.805874,-0.33997664,4.381389,0.19425514,-0.06841691,-0.096516706
-8.702923,-1.7190368,4.661511,-0.29932398,0.18570304,0.22479841
-8.722076,0.59855044,3.8426938,-0.2846632,-0.04153884,0.017104227
-8.841787,0.38307226,4.1802764,-0.007330383,0.004886922,-0.036651913
-8.853758,-0.074220255,4.3766007,0.35185838,-0.043982297,-0.112399206
-8.635885,-0.89064306,4.6591167,-0.81000733,-0.02443461,0.20158553
-8.607155,-0.11252748,3.1196449,-0.70371675,0.014660766,0.058643065
-8.535329,0.33039984,5.662287,0.14049901,-0.029321533,0.06352998
-8.6095495,0.260968,3.9719806,-0.20891592,-0.040317107,0.07819075
-8.525752,0.90979666,3.406949,0.68539083,-0.036651913,-0.112399206
-8.597578,0.7086837,4.2305546,0.30298916,0.081855945,0.05375614
-8.669404,0.7733272,3.7780502,-0.19303341,-0.004886922,0.018325957
-8.319851,0.1436521,4.489128,-0.5497787,-0.064751714,0.036651913
-8.374918,0.23942018,5.4922986,-0.67073005,0.056199603,0.0
-8.525752,-0.18435353,4.6830587,-0.77946407,-0.021991149,-0.12217305
-8.599973,0.94570965,5.140351,0.40561453,0.07819075,-0.021991149
-8.683769,0.05267244,4.0438066,0.065973446,0.014660766,0.09407325
-8.611943,0.878672,3.904943,-0.535118,-0.043982297,0.06841691
-8.542512,0.48602295,4.1276035,0.018325957,-0.07696902,-0.13805555
-9.057265,-0.30166942,3.9025488,0.27855456,-0.02321288,0.057421334
-8.765172,-0.16280572,4.7620673,0.3933972,0.09407325,0.10262536
-8.688558,0.39504328,4.2161894,1.382999,0.20158553,0.13072516
-8.868123,2.6240451,2.597709,-0.23457226,0.105068825,0.1001819
-8.619126,1.0127473,3.4620156,0.11484267,-0.013439035,-0.10629055
-9.066842,1.9416976,3.4332852,0.56688297,0.09162979,0.103847094
-9.186552,3.1028855,2.6048915,-0.02687807,0.0036651916,0.052534413
-9.109938,2.9041667,3.1124623,-0.6401868,-0.1441642,-0.034208454
-8.90643,1.7405846,3.3686419,-0.61575216,-0.021991149,-0.1160644
-8.734048,0.92895025,3.6846764,-0.59131753,0.09040806,0.010995574
-8.793902,2.695871,2.9879637,0.7281514,0.05497787,0.021991149
-8.875306,2.9592333,2.7964275,0.030543262,-0.04520403,0.012217305
-8.631097,2.920926,1.9249382,-0.6010914,-0.0842994,-0.018325957
-9.184157,2.5570073,2.9783869,-0.29443705,-0.05375614,-0.10995574
-8.719683,1.7812861,2.9616275,-0.9578367,0.062308256,0.0842994
-8.75799,2.504335,3.1986535,0.29565877,-0.017104227,-0.096516706
-8.7771435,1.9512744,3.5889084,0.44715336,-0.02565634,0.007330383
-9.050082,2.7485435,3.1172507,-0.32253686,-0.0012217305,-0.119729586
-8.9998045,1.3383588,3.040636,0.19303341,-0.07696902,-0.02076942
-8.911219,2.2625206,3.1364043,-0.34697145,-0.05375614,-0.21868975
-8.087613,-1.2066777,2.1906946,-3.6566393,-0.9969321,-0.91751957
-7.9702973,-9.0716305,2.420538,-3.9205332,-0.7171558,0.2406809
-7.7452426,-4.1946416,4.697424,0.643852,0.26511553,0.28710666
-8.042124,-3.169923,4.213795,1.704314,0.06719518,-0.1685988
-7.855376,-0.93373865,3.6870706,1.4013249,0.12217305,0.029321533
-8.219295,-2.6312277,3.8833952,0.61086524,0.04153884,0.07086037
-8.123527,-2.111686,5.6215854,1.028697,0.111177474,0.004886922
-8.494628,-3.3758245,4.237737,0.6035349,0.02076942,0.021991149
-8.47308,0.40222588,3.1627405,0.3115413,0.118507855,-0.06841691
-7.9487495,-1.1659763,5.171476,0.19058995,0.11484267,-0.073303826
-8.803479,-1.4796166,2.5689783,0.19914207,0.06352998,0.058643065
-8.674192,0.1412579,3.5003228,1.0005972,0.010995574,-0.061086524
-8.408437,-0.80445176,5.0757074,0.42760566,-0.043982297,0.11362094
-8.6095495,-0.35913026,4.417302,0.118507855,0.037873644,-0.19058995
-8.446744,-1.4101849,4.8338933,-0.29443705,0.036651913,-0.036651913
-8.413225,-0.4237737,4.8219223,-0.54000485,-0.07452556,0.12950343
-8.374918,-0.18914193,3.9863458,-0.30298916,0.09773844,-0.11484267
-8.3868885,-1.0486604,4.697424,0.15271631,0.04642576,-0.0720821
-8.669404,-1.6903064,4.3622355,0.54367006,0.10262536,-0.058643065
-8.367735,-0.44532153,4.3406878,0.08552113,-0.096516706,0.08552113
-8.513782,-0.7326257,4.4436383,0.3885103,-0.04153884,-0.07819075
-8.743625,-1.2090719,4.1252093,0.54244834,0.12461651,-0.08307768
-8.564059,-0.50278234,3.8738184,0.02565634,0.008552114,0.032986723
-8.439561,-1.3623008,5.2361193,-0.039095376,-0.032986723,-0.010995574
-8.573636,-1.7262194,4.5202527,-0.26633725,-0.065973446,-0.112399206
-8.449138,-1.4987702,3.7612908,0.48258355,-0.08307768,0.15882497
-8.700529,-0.8762778,4.7285485,0.39706242,0.04886922,0.061086524
-8.50181,0.16998832,4.285621,-0.4801401,0.015882496,0.02443461
-8.635885,-0.05267244,4.7429137,0.38728857,0.17104226,-0.10751228
-8.803479,-0.770933,4.3981485,-0.7648033,-0.4373795,0.1563815
-9.016563,-2.9137435,5.0014873,-1.1203269,-0.047647487,-0.13805555
-8.4826565,-1.0199299,4.697424,0.38362336,-0.118507855,0.02565634
-8.465898,-3.0071173,3.1747115,-0.41905355,-0.17592919,-0.087964594
-7.785944,-1.508347,5.9280434,-0.72204274,-0.11728613,0.27000242
-8.056489,-2.468422,4.5178585,0.4007276,-0.010995574,-0.111177474
-8.461109,-1.0031705,5.2169657,-0.34697145,0.014660766,-0.0036651916
-8.087613,-2.2337902,4.1060557,0.6817256,-0.032986723,0.06841691
-7.8912888,-0.51475334,6.7348895,0.09162979,0.03176499,-0.047647487
-8.1402855,-1.0127473,4.6016555,0.8026769,0.065973446,-0.035430185
-8.48984,-2.2888567,3.6631286,-0.3042109,0.13316862,-0.034208454
-8.4587145,-2.1787236,5.2361193,-0.04153884,-0.25778514,0.17837265
-7.9750857,0.45968673,5.197812,0.09773844,0.0036651916,0.002443461
-8.312668,-2.56419,5.209783,-1.3610078,-0.105068825,-0.2125811
-7.6853876,-0.7469909,6.215348,-0.34697145,0.12950343,0.17592919
-8.334216,-1.9919758,4.0701427,-0.20647246,-0.043982297,-0.23090707
-7.8050976,-1.271321,6.0501475,0.06719518,-0.07086037,0.112399206
-7.7667904,-0.79008657,5.195418,-0.2602286,0.12705997,-0.12339478
-8.485051,-1.127669,3.8426938,0.23945917,-0.018325957,-0.002443461
-8.025364,-1.2234371,5.695806,-0.22602014,-0.089186326,0.14782938
-8.104373,-0.21068975,4.9799395,-0.15760323,0.06841691,-0.064751714
-8.607155,-1.4628572,5.2145715,-0.25534168,0.16493362,0.019547688
-8.238448,-1.0965444,4.697424,0.2761111,-0.02687807,0.05375614
-8.291121,-1.0869676,5.533,0.73914695,0.14660765,-0.02443461
-8.532935,-1.7932571,4.8267107,-0.52534413,-0.02321288,-0.065973446
-8.291121,-0.90979666,4.3502645,0.12461651,-0.013439035,0.11484267
-8.039729,-1.2114661,4.6136265,0.36774087,0.0,0.06352998
-8.334216,-0.09816227,4.4484267,-0.91629785,-0.26267207,-0.08674286
-8.429984,-1.1587936,4.9320555,0.07574729,0.31764993,-0.3213151
-8.3629465,-1.910573,4.283227,0.22113322,-0.032986723,0.2846632
-7.929596,0.09816227,5.875371,-0.43493605,-0.07086037,0.14294247
-8.834604,1.4030021,5.092467,1.8570304,-0.6792821,0.13072516
-8.688558,-0.9600749,4.7070007,0.8491027,-0.008552114,0.080634214
-7.0485296,-0.5386954,4.984728,-0.47525316,-0.06841691,0.37873647
-7.6351094,-0.93134445,5.0613422,0.12339478,0.0720821,-0.0036651916
-8.47308,0.14604631,6.3901243,0.44837508,-0.49357912,-0.31887165
-6.6750345,-3.8786068,7.764396,0.53878313,0.13194689,-0.02321288
-8.525752,-0.8331822,5.020641,2.9846876,0.3005457,-0.47036624
-8.240842,4.462792,1.9871874,1.097114,0.48991394,0.41416663
-8.3150625,2.645593,2.6623523,0.2443461,0.31642818,0.14905111
-8.746018,5.221754,2.4875755,0.09773844,-0.0036651916,0.119729586
-8.607155,3.6367924,1.5442601,-1.065349,0.02076942,0.028099801
-7.7907324,2.6910827,4.4101195,0.18203785,-0.07086037,0.030543262
-8.078036,3.6846764,3.205836,-0.3042109,-0.18448131,0.07819075
-8.195353,5.121197,3.7972038,0.32253686,-0.16249016,0.013439035
-8.027759,2.0518308,4.3837833,-0.16982053,0.105068825,-0.09896017
-7.9822683,4.654328,2.8514943,-0.040317107,0.17592919,0.10140363
-8.109161,3.5673606,3.1986535,-0.45448375,-0.06352998,-0.065973446
-8.37013,4.297592,4.2760444,0.50579643,-0.07696902,-0.034208454
-8.465898,2.8514943,3.6607344,-0.2602286,0.15149458,-0.07452556
-7.750031,4.1922474,3.6631286,-0.012217305,0.061086524,0.14905111
-8.853758,3.1890767,3.6655228,-0.04153884,-0.13683382,-0.047647487
-8.441956,4.144363,3.7421372,-0.22602014,-0.15882497,0.02443461
-7.3166804,2.705448,3.3423057,-0.172264,0.19914207,0.18325958
-7.302315,4.3957543,3.016694,0.3885103,-1.0225884,-0.17715092
-7.455544,4.3957543,4.31914,0.766025,-0.88086766,-0.11728613
-6.600814,4.211401,6.9647326,-0.10140363,-0.26511553,-0.1441642
-5.803545,3.7732618,5.530606,0.1563815,-0.70738196,-0.42271876
-4.5441947,3.7708676,8.62152,0.5900958,-0.6133087,-0.5864306
-4.402937,3.383007,7.2472486,1.3267993,-0.31520647,-0.18448131
-4.915296,4.0797195,7.7308774,0.93951076,0.36041048,0.09040806
-3.809175,5.365406,5.7604494,-0.32375857,0.2724459,0.09040806
-4.63278,5.662287,4.618415,-0.30787608,0.4801401,0.14660765
-5.5401826,4.912902,5.092467,0.057421334,0.45081854,0.111177474
-6.823475,4.9296613,4.5322237,-0.19547687,0.4605924,0.05009095
-7.321469,4.441244,4.110844,-0.7122689,0.22602014,-0.2406809
-6.8569937,4.0581717,2.3582888,1.1484267,0.31031954,-0.10140363
-9.121908,5.3606176,3.454833,0.593761,0.16737708,-0.625526
-9.006987,2.5905263,2.7605145,-0.5864306,0.5021312,0.035430185
-7.881712,3.845088,3.5098996,-0.14905111,0.18203785,0.02443461
-7.5680714,3.6487634,3.667917,-1.4941764,0.036651913,0.02687807
-8.101978,0.076614454,5.3366756,-1.2205088,-0.3213151,-0.58032197
-8.475474,1.8555063,5.020641,0.05009095,-0.1001819,-0.064751714
-8.267179,2.3056161,3.0238767,-0.172264,-0.06963864,0.20525073
-7.4483614,4.2640734,3.1196449,1.4159856,0.15027285,0.25289822
-9.248801,2.3415294,3.7014358,-0.09896017,0.65118235,-0.28710666
-8.966286,1.1420342,3.0693667,-0.50946164,0.84299403,0.13683382
-8.731653,1.8890251,2.6647465,-0.7867944,-0.07452556,-0.21868975
-8.832211,2.408567,2.0590134,0.07696902,-0.04642576,-0.10873401
-9.097966,0.90500826,2.7605145,-0.040317107,-0.13683382,-0.33964106
-8.961497,0.7541735,2.9831753,-0.07941248,0.04886922,0.05131268
-8.875306,-0.5554548,3.098097,-0.10140363,0.12950343,0.12217305
-8.978256,0.60573304,3.8355112,-0.29810223,0.12705997,0.13316862
-9.332599,1.5490485,1.4197617,0.42149702,0.0,0.034208454
-9.208099,0.7182605,1.6472107,-0.91751957,-0.16615535,0.015882496
-9.002198,1.42455,2.231396,0.20891592,-0.12705997,-0.014660766
-8.932767,1.4030021,2.8275523,-0.2284636,-0.16249016,-0.118507855
-9.02614,-0.22266077,4.0078936,-0.63285637,0.0061086523,0.08552113
-9.081207,3.3542767,1.2689269,-0.6389651,-0.0720821,0.064751714
-9.155427,0.7398083,2.3247697,-0.017104227,-0.047647487,-0.004886922
-9.078813,2.44448,3.2968156,0.7098254,-0.10995574,-0.07452556
-9.064447,1.3910311,3.064578,-0.23579398,-0.062308256,-0.11484267
-8.968679,3.1555579,1.7764976,0.07941248,-0.11362094,0.09407325
-8.856153,1.6448165,2.8898015,-0.017104227,-0.034208454,0.0061086523
-8.827422,1.70946,3.454833,-0.018325957,-0.058643065,-0.02565634
-8.798691,0.9935937,3.098097,-0.35308012,-0.12583824,-0.25778514
-8.793902,0.46208093,4.367024,-0.20891592,0.10140363,0.19181168
-8.908825,1.1971009,4.086902,-0.1282817,-0.073303826,0.030543262
-9.054871,1.4915876,2.8299465,0.37140608,0.037873644,0.009773844
-8.9519205,0.7086837,3.6990416,0.40439278,-0.0720821,-0.118507855
-8.832211,0.7326257,4.675876,-0.095294975,0.06352998,0.18081611
-8.939949,1.4628572,3.0238767,-0.3848451,-0.10629055,-0.095294975
-8.793902,1.2617443,3.0573955,0.36896262,0.0012217305,-0.058643065
-8.803479,0.19632454,4.7740383,-0.172264,-0.02443461,0.064751714
-8.779537,1.6017209,3.347094,0.19425514,0.05497787,0.073303826
-8.954314,1.8794483,1.970428,-0.23335053,-0.07086037,0.06963864
-8.92319,0.8619126,4.1299977,0.47036624,-0.07819075,0.064751714
-8.949526,2.0901382,2.8419175,-0.3494149,-0.06719518,-0.26511553
-8.851364,1.5586253,3.4261026,-0.267559,0.06719518,0.07452556
-8.611943,1.6831238,3.040636,0.17470746,-0.10751228,0.0
-8.966286,1.6065093,3.6463692,0.22479841,0.04153884,0.009773844
-8.884883,0.94331545,3.4715924,0.18692477,0.013439035,-0.09896017
-8.899248,0.39983168,4.6040497,-0.36163223,0.080634214,0.17959438
-9.0237465,1.7932571,3.1771057,-0.38362336,-0.096516706,-0.015882496
-8.911219,2.1452048,3.145981,0.34208453,-0.057421334,-0.1563815
-8.817844,1.5634137,3.1004913,-0.18570304,0.037873644,-0.02443461
-9.457097,-0.033518825,2.9281087,0.11484267,0.09896017,0.043982297
-9.02614,0.770933,2.6072857,-0.058643065,0.034208454,0.09162979
-9.107543,0.50278234,2.4612393,0.31398472,-0.10751228,-0.087964594
-8.99741,1.5777789,2.5378537,0.034208454,-0.064751714,-0.056199603
-8.995016,1.4101849,4.060566,0.081855945,0.096516706,0.05131268
-9.059659,1.5035586,2.255338,0.25411993,0.034208454,0.09040806
-8.89446,1.3958195,3.3758245,0.38973203,0.010995574,0.02321288
-9.021352,1.5777789,2.542642,0.043982297,0.032986723,0.07941248
-8.860941,1.0342951,3.265691,0.204029,-0.036651913,-0.02565634
-8.961497,2.147599,3.6535518,0.54244834,0.02565634,0.14538592
-8.848969,2.2098482,3.2369606,-0.15882497,0.02565634,-0.17470746
-8.8777,1.2186487,3.4763808,0.018325957,0.13316862,0.15882497
-9.200917,2.135628,2.1787236,-0.48624873,0.05497787,-0.0012217305
-8.937555,2.6264393,3.5170822,0.7098254,-0.0061086523,-0.018325957
-8.932767,1.8555063,2.9257145,-0.56321776,-0.089186326,-0.1881465
-8.942344,1.769315,2.7748797,-0.47158796,0.03176499,0.03176499
-9.112331,1.2378023,2.1906946,0.19547687,-0.0012217305,0.06841691
-9.107543,2.3918076,2.2936451,-0.002443461,0.04153884,0.05497787
-8.966286,0.7781156,3.1196449,0.043982297,-0.004886922,-0.042760566
-8.939949,1.9033904,3.3566709,0.28955013,0.015882496,0.05375614
-9.0716305,2.1811178,2.6503813,0.07574729,-0.034208454,-0.029321533
-9.093178,1.8579005,2.822764,-0.12583824,-0.05497787,-0.08552113
-9.006987,2.4468741,2.7030537,-0.24556783,0.013439035,0.017104227
-9.081207,1.5634137,2.6431987,-0.095294975,0.080634214,0.08552113
-8.939949,1.757344,2.9352913,0.0012217305,0.02687807,0.058643065
-9.021352,2.303222,2.0590134,0.02687807,-0.112399206,-0.14294247
-8.908825,1.70946,3.608062,-0.13194689,-0.034208454,0.02076942
-8.947132,1.745373,2.7102363,-0.047647487,0.07574729,0.081855945
-8.9040365,2.267309,2.6671407,0.02321288,-0.012217305,0.02076942
-9.006987,2.4109612,2.942474,0.35185838,-0.007330383,-0.11484267
-8.971074,2.2960393,2.741361,-0.13805555,0.118507855,0.028099801
-9.052477,0.79966336,2.2122424,-0.28344148,-0.02076942,0.012217305
-8.736442,1.5035586,3.4739866,0.21502456,-0.0842994,-0.04520403
-8.935161,1.4413095,3.4524388,-0.77946407,-0.103847094,-0.04886922
-8.992621,1.316811,3.6248214,-0.28099802,0.12705997,0.13561209
-8.925584,1.8579005,2.1140802,-0.36651915,-0.043982297,0.002443461
-9.033323,1.769315,2.7389667,0.09162979,-0.007330383,-0.073303826
-8.983045,0.9696517,3.4931402,-0.03176499,-0.0720821,-0.0036651916
-8.839393,1.8267759,3.0023289,-0.32498032,0.1441642,0.14660765
-9.217676,3.6272156,2.4468741,-0.25167647,0.004886922,0.05375614
-9.004593,1.4149733,2.3343468,0.15393804,0.030543262,0.047647487
-9.050082,4.2544966,2.7126305,-0.47403142,-0.29565877,-0.16982053
-8.901642,1.2354081,4.1635165,-0.04642576,-0.010995574,0.23701571
-8.485051,1.7621324,3.8043866,-0.22479841,-0.04153884,0.15515977
-8.26239,1.1300632,4.6232033,0.34208453,-0.28955013,0.112399206
-8.566454,3.3925838,5.509058,0.67073005,-0.35308012,-0.1160644
-7.5824366,2.1643584,3.86903,-0.5742133,0.087964594,0.035430185
-7.7308774,2.4779987,3.3758245,-0.14049901,0.07574729,0.13805555
-7.704541,1.2952632,4.865018,0.2687807,-0.02443461,-0.065973446
-8.947132,1.9009962,4.9296613,-0.02565634,-0.11484267,-0.2406809
-8.121132,0.22505496,5.116409,-0.37384954,0.065973446,0.056199603
-7.8745294,3.572149,4.0318356,0.5326745,0.037873644,0.030543262
-7.8745294,1.4389153,4.0677485,0.13683382,0.014660766,-0.009773844
-8.834604,2.9352913,4.644751,-0.22724187,0.02443461,-0.2321288
-8.401254,0.8283938,4.819528,0.10995574,0.09162979,0.0842994
-7.9631147,2.755726,3.6152446,-0.14294247,0.057421334,0.034208454
-8.269572,0.557849,4.6662993,-0.312763,-0.119729586,-0.119729586
-8.214506,1.3575124,5.33907,0.05497787,-0.18448131,-0.16126843
-8.406042,0.9768343,4.4077253,-0.8723156,-0.032986723,-0.04886922
-8.087613,2.2457612,3.217807,0.087964594,-0.04153884,0.030543262
-8.494628,0.8475474,4.8027687,0.14172074,0.021991149,-0.11362094
-8.133103,0.6727707,4.9320555,0.62796944,-0.057421334,0.16737708
-7.9487495,1.6065093,5.070919,0.036651913,-0.042760566,-0.12461651
-8.463503,-0.04070143,5.571307,-0.19547687,0.040317107,-0.10140363
-8.348581,1.13964,4.7907977,0.3200934,0.1685988,0.15149458
-8.257602,1.8219875,4.1276035,-0.31031954,-0.09407325,0.017104227
-7.9511437,1.2473791,5.133168,0.3115413,-0.009773844,-0.018325957
-8.564059,1.5945383,5.011064,0.10140363,-0.017104227,-0.080634214
-8.360553,1.1611878,4.6806645,-0.061086524,-0.032986723,-0.14049901
-8.298303,1.3431472,4.477157,-0.029321533,0.12583824,0.057421334
-8.157045,1.697489,4.357447,-0.40683624,-0.043982297,0.06352998
-8.59279,0.770933,4.5896845,0.3481932,-0.10873401,-0.0061086523
-8.3390045,2.4899697,4.4723687,0.2406809,-0.0012217305,-0.08674286
-8.137892,0.6727707,5.0158525,0.013439035,0.036651913,-0.037873644
-8.23366,1.4939818,4.3143516,0.77579886,-0.07452556,0.029321533
-8.303091,1.8387469,4.2161894,-0.25778514,-0.087964594,0.007330383
-8.9519205,2.087744,4.584896,-0.21380283,-0.09162979,-0.119729586
-7.541735,1.1707647,4.9176903,-0.25045475,0.14172074,0.21624629
-7.9511437,1.1468226,5.1116204,-0.03176499,-0.06841691,-0.02687807
-8.259995,1.6543933,4.8099513,-0.059864793,-0.015882496,0.032986723
-8.042124,1.4053963,4.285621,-0.4166101,0.02687807,0.019547688
-7.6135616,0.6943185,5.3127337,0.19303341,0.06719518,0.06963864
-8.710106,0.45489833,4.8722005,-0.04642576,-0.04153884,-0.07086037
-8.408437,1.9871874,4.039018,-0.30787608,-0.015882496,-0.065973446
-8.312668,1.7717092,3.9193082,-0.27366763,0.15149458,0.089186326
-8.180987,0.89782566,4.733337,-0.2724459,0.10140363,0.030543262
-8.094796,0.24899697,5.4683566,0.28344148,-0.09407325,0.20525073
-7.7811556,1.7166426,5.109226,-0.9260717,-0.23457226,-0.312763
-8.406042,0.830788,4.8602295,-0.1563815,0.17592919,0.22724187
-8.1402855,0.9911995,4.6351743,-0.09162979,-0.13927728,0.080634214
-7.560889,1.3335704,5.3701944,0.10995574,-0.12339478,0.036651913
-7.9870567,1.9416976,4.9655743,-0.38606682,-0.07086037,0.012217305
-7.2711906,1.3120226,6.0022635,-0.07086037,0.035430185,0.12339478
-7.3071036,0.5243302,5.386954,-0.52778757,-0.2846632,-0.017104227
-8.207323,0.20590134,5.6359506,0.036651913,-0.0842994,-0.08552113
-8.013393,1.7932571,4.4340615,0.05009095,0.19425514,0.17837265
-7.884106,0.8331822,5.9064956,-0.20525073,0.061086524,0.21746802
-7.4028716,1.0821792,5.461174,0.52778757,-0.1160644,0.0842994
-8.408437,2.348712,5.9064956,-0.0720821,-0.19792034,-0.111177474
-7.656657,1.0773908,4.27365,-0.8527679,0.032986723,0.040317107
-7.800309,0.48602295,4.6519337,-0.111177474,0.12461651,0.26389378
-7.666234,1.4676456,5.901707,0.28099802,-0.030543262,0.008552114
-8.255207,2.2457612,4.96318,-0.10140363,-0.002443461,-0.0720821
-7.323863,2.054225,5.183447,0.043982297,0.105068825,0.21991149
-7.704541,2.1499932,5.3941364,0.2846632,-0.09162979,0.09896017
-7.8266454,2.4468741,5.094861,0.04520403,-0.10140363,0.0036651916
-7.8146744,1.0749966,5.8203044,-0.15149458,0.017104227,-0.0036651916
-7.8529816,3.2273839,5.2145715,1.2156218,-0.007330383,0.028099801
-7.2951326,2.2864625,5.073313,-0.16126843,-0.02687807,-0.014660766
-7.513005,1.3623008,4.721366,0.15882497,-0.12950343,0.12339478
-7.8649526,1.553837,6.157887,0.344528,-0.10751228,-0.32498032
-7.285556,0.81163436,6.9383965,-0.08674286,0.17837265,0.22235495
-7.577648,2.1906946,5.1116204,-0.38606682,-0.10873401,-0.037873644
-7.359776,0.21308395,5.2385135,-0.41538838,-0.12583824,0.035430185
-7.8386164,2.0901382,5.5760956,0.53878313,-0.1160644,-0.06963864
-7.599196,0.50278234,6.9527617,-0.21868975,-0.012217305,-0.111177474
-7.261614,1.4389153,5.535394,0.44959682,0.032986723,0.22479841
-6.7588315,1.0414777,5.93762,-0.6609562,-0.3933972,-0.056199603
-7.204153,2.0398598,6.7229185,0.49235737,-0.20158553,-0.1441642
-6.7205243,0.2657564,7.872135,-0.07452556,-0.056199603,-0.19303341
-6.505046,1.0654198,5.571307,0.17837265,0.22479841,-0.10629055
-7.441179,1.436521,6.519411,0.16982053,0.28710666,0.09162979
-7.089231,1.4580688,4.8602295,-0.22968534,-0.10873401,0.09285152
-7.5848308,3.7349546,7.45315,0.4728097,-0.06352998,-0.2406809
-7.445967,1.6663644,5.657499,0.5729916,0.24923302,0.012217305
-7.357382,1.2378023,5.470751,-0.14294247,0.087964594,0.10873401
-7.1227503,1.3024458,6.409278,0.53878313,0.007330383,0.012217305
-7.97748,3.1914709,6.4619503,-0.15882497,-0.010995574,-0.07574729
-7.2185183,2.2768857,5.4779334,-0.040317107,0.20525073,0.02443461
-7.043741,1.9608512,5.3079453,0.12461651,0.119729586,0.0842994
-7.297527,1.8602947,5.638345,0.29565877,-0.04153884,0.039095376
-8.195353,2.3942018,5.985504,-0.87964594,-0.12583824,-0.17959438
-7.551312,1.5849615,5.6431336,-0.057421334,0.1441642,0.08552113
-6.7205243,2.3654714,5.475539,-1.0873401,-0.062308256,-0.02443461
-7.4387846,0.521936,6.363788,1.1081096,-0.08307768,-0.12339478
-7.630321,2.60968,4.9536033,-0.47036624,-0.056199603,-0.15515977
-7.2352777,1.1971009,5.1762643,-0.2602286,0.09285152,0.12095132
-7.359776,1.5682021,5.90889,-0.004886922,-0.039095376,0.0036651916
-7.216124,1.4556746,6.339846,0.38973203,-0.037873644,-0.028099801
-7.860164,1.7860745,5.781997,-0.31642818,-0.062308256,-0.10995574
-7.0221934,1.6687586,5.741296,-0.02321288,0.057421334,0.14172074
-7.5968018,1.520318,5.566519,0.7770206,0.056199603,-0.0061086523
-7.69257,1.3958195,5.683835,0.23701571,0.0,0.004886922
-7.8050976,1.2378023,5.9304376,-0.06719518,0.015882496,-0.042760566
-7.117962,1.982399,5.281609,0.13072516,0.030543262,0.04153884
-7.3765354,1.7908629,5.4899044,0.09162979,0.042760566,-0.028099801
-7.788338,1.4867992,5.518635,-0.1600467,-0.036651913,0.09896017
-7.479486,1.6017209,5.9280434,-0.3555236,-0.06719518,-0.15515977
-7.48188,0.81402856,6.6989765,-0.1282817,0.061086524,0.0
-7.350199,1.3479356,5.434838,0.080634214,-0.05131268,0.036651913
-7.3645644,1.3670892,5.8083334,-0.3323107,-0.07574729,-0.05375614
-7.40766,1.9177556,5.791574,0.13072516,-0.004886922,-0.061086524
-7.5680714,0.92176765,6.567295,0.096516706,0.013439035,-0.0720821
-7.4244194,1.0199299,6.1100025,0.1966986,0.081855945,0.05375614
-7.1395097,2.3343468,5.1930237,-0.012217305,-0.0061086523,0.061086524
-7.5441294,1.103727,5.628768,0.37873647,-0.02076942,-0.03176499
-7.8386164,1.1659763,5.753267,-0.02565634,0.035430185,-0.015882496
-7.0461354,1.3359646,5.6431336,-0.032986723,-0.057421334,-0.08307768
-7.7548194,1.4173675,6.1100025,0.039095376,0.1282817,0.040317107
-7.654263,0.90021986,5.530606,0.034208454,-0.013439035,0.087964594
-7.335834,1.9321208,6.1507044,0.042760566,-0.08552113,0.05131268
-7.1107793,1.7238252,5.66947,0.13805555,0.032986723,-0.105068825
-7.6015906,1.6089035,5.5042696,0.50946164,-0.032986723,0.07941248
-7.3430166,0.94570965,5.4061074,-0.6365216,-0.103847094,0.08674286
-7.9607205,2.2697031,6.5936313,0.89552844,0.07941248,-0.056199603
-8.001422,1.946486,4.6016555,0.43371433,0.09040806,0.16371189
-7.723695,3.25372,5.5617304,-0.047647487,0.02076942,0.03176499
-7.4028716,2.3942018,5.1930237,-1.3243558,-0.081855945,0.089186326
-7.565677,1.8004397,6.3350577,-0.10751228,-0.06963864,-0.20280726
-7.6614456,2.6001031,4.1826706,0.056199603,0.10262536,0.10995574
-7.5944076,2.9759927,5.619191,0.12705997,0.07574729,0.10140363
-8.149862,3.6224272,3.9671922,-0.21013765,-0.042760566,0.10140363
-7.603985,2.3702598,5.305551,-0.68294734,-0.034208454,0.09773844
-7.651869,3.0597897,6.181829,-0.9944886,0.17470746,-0.017104227
-7.4723034,3.430891,5.2983685,-0.86498517,-0.14905111,0.10873401
-7.5561004,2.4899697,5.683835,-0.02076942,0.030543262,-0.036651913
-7.8793178,3.454833,4.644751,-0.0061086523,0.15393804,-0.09896017
-7.7548194,2.4133554,5.1523223,0.13072516,-0.08552113,0.040317107
-7.967903,2.645593,4.6016555,-0.18936823,-0.05375614,0.10995574
-7.1083846,4.948815,6.0238113,0.41905355,0.039095376,-0.05375614
-7.4603324,1.508347,5.0613422,-0.99082345,-0.20647246,-0.09896017
-6.71813,0.51475334,7.7189064,-3.4330628,-0.12339478,-0.4728097
-8.250419,-4.72376,5.5162406,-0.65484756,0.0061086523,0.3200934
-7.0844426,-2.4947581,5.7508726,0.9957104,0.07819075,-0.002443461
-7.7332716,-2.8443117,4.2066126,0.5497787,0.15393804,0.0061086523
-7.941567,-1.0941502,5.521029,0.28955013,0.019547688,-0.16126843
-7.855376,-1.4460979,5.494693,0.080634214,0.089186326,-0.08552113
-7.8290396,-1.412579,4.879383,-0.49113566,0.095294975,-0.07086037
-7.8529816,-1.0390835,6.2512608,0.095294975,-0.1282817,0.095294975
-7.6015906,-0.90979666,5.48751,-0.51923543,0.07819075,0.09773844
-7.845799,-0.557849,5.3366756,0.6780604,0.1001819,-0.1441642
-8.027759,-0.41180268,5.391742,0.37018433,-0.07819075,-0.21135938
-8.5473,-1.5394717,4.5537715,0.1441642,0.14172074,0.17470746
-7.9224133,-0.78290397,4.829105,-0.028099801,0.04886922,0.030543262
-7.7069354,-0.16998832,6.0381765,-0.061086524,0.021991149,-0.056199603
-8.944737,-0.15083471,4.3023806,0.081855945,-0.10140363,-0.11362094
-7.7907324,-1.4628572,4.8841715,0.344528,-0.0012217305,0.095294975
-7.6470804,-0.7134721,5.104438,-0.047647487,0.02565634,0.08552113
-8.4108305,-0.5506664,4.3047748,-0.21135938,-0.118507855,-0.20525073
-8.171411,-2.6072857,5.33907,0.12583824,-0.05375614,-0.04520403
-7.9583263,-2.6168625,4.0438066,-0.25289822,-0.20769419,-0.12339478
-8.542512,-2.6240451,3.5170822,-0.1966986,-0.29077184,0.18203785
-8.02297,-2.3343468,5.377377,0.4972443,0.12583824,0.20280726
-7.422025,-1.532289,4.6830587,0.43982297,-0.05009095,0.040317107
-7.97748,-2.3127987,3.229778,0.32986724,0.2125811,-0.11484267
-7.6111674,-2.2026656,5.434838,0.16371189,0.16371189,-0.10751228
-8.896853,-0.8810662,4.1036615,0.19914207,0.002443461,-0.2125811
-7.9272017,-1.4030021,4.831499,0.312763,0.035430185,0.14782938
-7.7667904,-1.0103531,5.509058,0.31764993,-0.0842994,-0.111177474
-7.7811556,-0.59615624,5.2145715,0.7819075,0.017104227,-0.096516706
-8.556877,-1.2737153,4.865018,0.14782938,-0.103847094,0.017104227
-8.348581,-1.9752164,5.386954,0.012217305,0.089186326,-0.019547688
-7.4962454,-0.19871874,5.1523223,0.7831292,-0.081855945,0.057421334
-7.61835,-0.21308395,5.2648497,0.043982297,0.014660766,-0.10873401
-8.224083,-1.2401965,5.777209,-0.6963864,0.09040806,-0.062308256
-7.9391727,-0.7469909,4.8243165,-0.23579398,0.012217305,0.19058995
-7.7572136,-0.24899697,5.439626,-0.08674286,-0.018325957,-0.081855945
-8.573636,-0.46208093,4.817134,-0.04886922,-0.095294975,-0.11728613
-7.6829934,-0.7517793,5.961562,-0.39950588,0.062308256,0.065973446