0.5602432,4.1132383,8.556877,-0.41172317,-0.2406809,0.07086037
1.2808979,1.8770541,10.158598,-2.7452285,-0.31520647,0.030543262
2.695871,-4.912902,9.449914,-2.5216517,-0.91996306,-0.956615
4.960786,-0.21787235,8.238448,1.6200147,-0.20525073,-1.3329079
3.7660792,1.946486,9.102755,1.3842206,-0.018325957,-0.5021312
3.6248214,1.7142484,8.532935,0.6621779,0.16982053,0.09896017
3.1747115,3.2225955,7.536947,1.0848967,0.39095375,-0.059864793
3.1292217,5.729325,7.967903,0.014660766,-0.010995574,0.2406809
3.4500446,0.47884035,8.487445,-1.8118263,0.02443461,0.16126843
3.071761,0.50517654,8.995016,0.29443705,0.12705997,0.080634214
2.717419,1.9009962,8.789114,-0.7110472,0.24556783,-0.29565877
5.073313,-1.9847932,7.824251,0.30665436,-0.67073005,0.48380527
1.3862427,0.6799533,11.243171,0.03176499,-0.28588495,0.5216789
2.7509377,6.081272,4.6016555,3.8912115,0.17837265,-0.38973203
5.0278234,4.7381253,8.7053175,0.81000733,0.0842994,0.26633725
0.60333884,6.5385647,8.034941,0.05497787,0.30909783,-0.13561209
4.975151,5.1690817,7.3310456,-0.002443461,0.06352998,-0.18081611
1.0510546,6.289568,8.025364,0.5045747,0.014660766,0.2968805
4.6040497,4.096479,6.612785,-0.23945917,-0.21624629,-0.33475417
2.1523874,5.33907,7.953538,0.657291,-0.080634214,0.64751714
3.0095115,7.3789296,6.2847795,-0.6805039,-0.08552113,-0.95172805
3.5913026,4.4795513,7.8386164,1.0690142,-0.06963864,0.8918633
2.9640217,8.042124,5.5856724,-0.7696902,-0.18448131,-0.95539325
5.494693,4.3981485,7.9391727,0.956615,-0.204029,0.70616025
1.8004397,8.056489,5.9902925,-0.3885103,-0.073303826,-0.75991637
6.1530986,3.7253778,7.6015906,0.07819075,0.02321288,0.4007276
0.4141969,9.43076,6.1100025,-0.31398472,0.04886922,-0.12461651
5.779603,3.775656,7.1849995,-0.30298916,-0.119729586,-0.17592919
2.2481554,5.011064,8.073248,0.37995818,0.05009095,0.9126327
3.6056678,6.0764837,6.8162923,-0.906524,-0.09407325,-0.6927212
4.903325,5.130774,6.528988,1.632232,-0.0720821,0.6389651
3.217807,4.855441,7.005434,-0.893085,0.09407325,-0.63285637
4.0557775,5.161899,6.715736,0.065973446,-0.010995574,-0.15149458
4.134786,7.66384,6.7324953,-0.88453287,-0.018325957,0.105068825
4.486734,6.136339,4.831499,-0.52778757,0.14782938,-0.66950834
6.136339,3.7660792,6.76362,0.5681047,-0.20158553,0.44348818
2.9520507,5.470751,7.5106106,0.49113566,-0.035430185,0.05497787
5.7987566,3.9719806,6.009446,0.5180137,-0.10629055,-0.18325958
4.0198646,6.054936,5.011064,0.45814893,-0.16249016,0.26511553
4.747702,7.297527,4.6040497,0.31520647,-0.13561209,-0.10140363
4.7524905,6.205771,5.971139,-1.2144,0.3213151,-0.09896017
3.5410242,2.9352913,9.414001,-2.470339,0.12461651,-0.0061086523
4.1419687,8.09719,9.710882,3.6224308,0.15271631,0.45814893
2.3894134,7.201759,9.361329,0.1282817,0.1600467,-0.037873644
6.715736,1.9273324,6.327875,-1.2290609,0.17348573,-0.56321776
4.7764325,-0.06943185,7.4148426,1.6603317,-0.61819565,0.7672467
2.908955,4.924873,8.880095,-0.9957104,0.2687807,-0.67073005
5.9878983,2.3319526,7.467515,0.17715092,-0.095294975,0.1160644
1.6687586,6.7612257,9.770737,-1.0421361,0.007330383,0.07574729
6.4427967,0.23702596,6.179435,0.24190263,0.13316862,-0.5204572
4.8698063,-0.007182605,7.28795,0.26389378,-0.5497787,0.7134906
1.0654198,9.160215,10.259154,0.4007276,0.11362094,-0.13683382
7.3669586,1.6567876,6.399701,-0.0061086523,-0.17592919,-0.24190263
4.343082,1.70946,8.090008,-0.02076942,-0.41905355,0.6072
4.4244847,4.43885,7.311892,-0.204029,0.267559,-1.1093313
8.602366,-0.30645782,6.2345014,0.43371433,-0.33475417,0.35185838
4.474763,3.0382419,8.750807,-0.9419542,-0.45570546,0.45448375
6.2752028,2.873042,7.867347,-0.35918877,0.13194689,-1.1178834
9.229648,0.80445176,6.1746464,0.61208695,-0.39950588,0.49235737
2.7940333,5.439626,8.7532015,0.12583824,-0.14660765,0.40439278
8.274361,1.1994951,4.9296613,0.2284636,0.15393804,-0.5412266
5.9783216,0.4309563,5.60722,0.030543262,-0.7623598,0.9798279
4.6495395,5.3127337,7.029376,-0.19547687,0.010995574,-0.8051204
9.291897,-0.23702596,4.268862,0.7806858,-0.3115413,0.30787608
4.4675803,6.3350577,7.0724716,1.1301007,-0.14782938,0.52656585
7.85777,2.1930888,3.8762126,-0.44593164,0.11484267,-0.4972443
6.603208,0.0,4.656722,0.9285152,-0.12339478,0.7733554
7.1059904,3.514688,6.4547677,-0.7892379,0.073303826,-0.7305948
8.645462,0.49559975,5.351041,-0.1881465,-0.09285152,0.52778757
4.2544966,6.6774287,8.152257,0.21868975,0.13316862,-0.096516706
8.453926,3.9600096,6.3087215,0.31764993,0.22357668,-0.31764993
6.8186865,0.7206547,6.3781533,0.22602014,-0.5497787,0.44715336
5.281609,3.8402996,8.212111,-0.7147123,0.34208453,-0.43493605
9.093178,1.4030021,4.7046065,-0.24923302,0.15882497,-0.08307768
6.301539,2.3199813,6.567295,0.111177474,-0.39950588,0.5119051
5.482722,1.8339585,7.917625,-0.44226643,0.25534168,-0.548557
8.9758625,2.1021092,4.2185836,0.7440339,0.064751714,-0.058643065
6.775591,2.9400797,5.6982,0.3555236,-0.26267207,0.42149702
6.6606693,2.695871,5.861006,-0.4447099,0.37873647,-0.44226643
8.032547,-0.9672575,4.5537715,0.43004912,-0.40317106,0.46181414
5.851429,3.6966474,7.252037,0.4654793,-0.1685988,-0.08674286
6.871359,2.2098482,7.3071036,-1.0311406,0.5656612,-0.49602258
7.5561004,0.37588966,6.019023,-0.19914207,-0.53878313,0.44593164
4.8698063,5.3558292,8.051701,-0.10995574,0.02687807,-0.09162979
7.7452426,2.7006595,5.896919,0.37751472,0.38606682,-0.34574974
7.055712,-1.8818425,6.205771,-0.30665436,-0.3481932,0.5326745
4.7309427,5.9543796,9.378088,-0.1881465,-0.064751714,0.119729586
7.3549876,1.946486,4.582502,-0.047647487,0.58032197,-0.45937067
7.8912888,0.7086837,5.7484784,0.54733527,-0.4605924,0.50946164
4.96318,3.8594532,9.198523,-0.49602258,0.22357668,-0.10140363
7.309498,1.7980455,5.626374,-0.15882497,0.43860126,-0.4605924
8.4587145,0.06943185,4.1156325,0.8784242,-0.34208453,0.18936823
6.3781533,3.1723173,8.291121,0.29443705,-0.36163223,0.33841935
6.2752028,4.757279,7.553706,-0.56199604,0.7134906,-0.31398472
8.283937,1.6208745,4.0294414,0.41783184,-0.09896017,-0.040317107
5.315128,2.4947581,7.180211,-0.11362094,-0.45204028,0.2932153
5.4444146,3.3782187,8.406042,-0.49602258,0.61941737,-0.21624629
8.664616,1.1851299,4.156334,0.49602258,-0.23457226,-0.018325957
5.410896,2.1284454,8.453926,-0.2968805,-0.48991394,0.40683624
6.7468605,3.0885203,7.5106106,-0.8881981,0.8735373,-0.38362336
7.848193,1.2856863,3.6367924,0.09896017,0.10995574,-0.24312437
5.81791,1.1061212,8.76996,-0.29443705,-0.112399206,0.2565634
4.39336,2.777274,8.628703,-0.77824235,0.43127087,-0.064751714
7.517793,3.1794999,5.2744265,0.59986967,0.037873644,-0.118507855
5.765238,2.2290018,7.467515,0.09773844,-0.4605924,0.19914207
4.5034933,2.3439236,9.009381,-1.0958922,0.31031954,-0.22113322
8.154651,2.8083985,4.7979803,0.64873886,-0.042760566,-0.15515977
5.8562174,2.4349031,7.1514807,0.19058995,-0.61941737,0.25411993
4.1539397,3.193865,9.32781,-0.5009095,0.5888741,-0.17348573
8.255207,3.6008794,4.4723687,0.42638394,0.14294247,-0.15515977
7.61835,2.621651,5.2504845,0.46670106,-0.8136725,0.20891592
3.8355112,3.8115692,10.515334,-0.69027776,-0.012217305,0.034208454
7.632715,2.9113493,5.070919,-0.13072516,0.52656585,-0.32498032
8.432379,1.2138603,4.6591167,0.43493605,-0.67073005,0.2932153
5.142745,2.1571758,8.003817,0.31398472,-0.22235495,0.18692477
5.8705826,4.6495395,4.879383,-0.057421334,0.49235737,-0.15393804
8.094796,-0.6440403,6.256049,-3.3267722,0.10751228,0.9089675
7.347805,-1.0582372,7.1969705,-2.2992969,-0.7098254,-0.22235495
9.744401,-5.2600613,4.453215,-0.28099802,-0.54000485,-0.70249504
8.494628,-4.086902,4.2042184,-0.19058995,-0.39828414,-0.3811799
9.595961,-3.1842883,3.110068,-0.57787853,-1.205848,-0.27122417
7.2424603,-3.1004913,3.3494883,-1.2302825,0.10751228,-0.42760566
12.9167185,-3.5553896,-2.1787236,0.97494096,-0.43860126,-0.042760566
7.165846,-2.3104045,3.4021606,-0.13683382,-0.35796702,0.15149458
9.421184,-1.2114661,2.1164744,-0.65240407,0.535118,-0.24801129
10.582372,-3.1866825,0.34955344,0.30298916,-0.5448918,0.10873401
6.9982514,-0.8738836,4.381389,-0.3811799,-0.14538592,-0.23945917
12.145785,-2.207454,-0.85473,0.8368854,0.27000242,-0.25045475
10.089166,-1.8028339,1.2425907,0.11728613,-0.33964106,0.37384954
7.642292,-1.6208745,2.930503,-1.3439035,0.39950588,-0.12217305
12.902353,-0.8403648,-1.1659763,1.1093313,-0.15760323,-0.02565634
7.117962,-2.6527755,3.205836,-0.4801401,-0.3200934,0.3286455
8.870518,-0.7493851,1.7788919,-0.29443705,0.55833083,-0.5571091
12.9167185,-2.8658595,-1.7621324,0.97127575,-0.35918877,-0.0720821
7.6231384,-1.3503298,3.9193082,-0.43004912,0.008552114,0.012217305
10.309433,-0.7469909,0.0047884034,0.26511553,0.5497787,-0.46303585
12.0093155,-4.8099513,0.24420857,0.002443461,-0.45204028,0.5326745
5.7843914,0.18435353,4.2784386,-0.37873647,0.204029,0.10995574
12.672509,-2.0518308,0.6392518,1.2021828,0.26267207,-0.17959438
10.419566,-3.4237084,1.2808979,-0.05009095,-0.42394048,0.47403142
6.179435,-0.6536171,4.1395745,-0.6462954,0.11728613,0.06963864
12.150574,-1.5777789,0.15083471,0.009773844,0.057421334,-0.21746802
9.050082,-2.7006595,3.0382419,0.0842994,-0.5522222,0.26267207
7.6470804,0.4405331,2.7006595,-0.5314528,0.675617,-0.4654793
12.591106,-1.520318,-1.4221559,0.9260717,-0.056199603,-0.118507855
9.035717,-2.5881321,2.1691468,-0.11728613,-0.4886922,0.27122417
7.8793178,0.59855044,3.1747115,-0.7367035,0.37751472,-0.29565877
11.956643,-0.4261679,-1.2090719,0.98349303,-0.15393804,0.07452556
9.710882,-2.1140802,1.3910311,0.2773328,-0.5326745,0.3652974
8.892065,-3.3854012,2.1499932,-1.627345,0.516792,-0.38973203
11.923124,-2.6048915,-1.7310078,0.36041048,-0.204029,0.095294975
8.760384,-1.8124107,2.6719291,0.042760566,-0.3494149,0.14782938
8.420407,0.11492168,2.5761611,-0.41172317,0.49602258,-0.42149702
12.691663,-1.7884687,-1.3814543,0.6585127,-0.28588495,0.10873401
7.4004774,-1.2497733,3.2920272,-0.40683624,-0.04642576,0.16126843
9.856929,-0.61770403,0.6607997,-0.37140608,0.57543504,-0.4361578
11.719617,-1.1300632,0.20350714,0.41783184,-0.49968776,0.50579643
7.0126166,-1.115698,2.8538885,-1.1032226,0.31031954,-0.23090707
11.477803,-1.1468226,-0.5626374,0.8491027,0.103847094,-0.3567453
10.879252,-1.5682021,1.5107412,-0.29443705,-0.41172317,0.4972443
7.8912888,-1.1180922,1.745373,-0.78801614,0.5009095,-0.25289822
13.364434,-2.777274,-0.89782566,0.26389378,-0.27122417,0.17715092
6.955156,-0.8571242,3.2082303,0.08674286,-0.057421334,0.24312437
9.459491,-1.4149733,1.1587936,-0.33964106,0.59131753,-0.41783184
12.143391,-3.2082303,0.63206923,0.5656612,-0.75869465,0.5155703
6.1770406,-2.2385786,2.0254946,-0.33841935,0.30787608,-0.26511553
13.699622,-3.0095115,-2.2146366,0.7257079,-0.1282817,-0.1563815
10.101137,-2.2122424,0.9983821,0.32620203,-0.548557,0.33475417
6.9503675,-1.0845734,2.5929205,-0.09407325,0.4728097,-0.39095375
13.136985,-0.92655605,-1.6903064,1.0983357,-0.105068825,-0.02321288
8.111555,-1.7980455,1.7836803,-0.93462384,-0.47403142,0.38240165
7.4387846,0.36391866,2.8083985,-0.28344148,0.5852089,-0.43982297
13.508086,-3.2585084,-1.0103531,0.34208453,-0.34574974,0.12950343
7.608773,-1.7190368,2.8898015,-0.40683624,-0.25411993,0.29443705
8.248025,0.01436521,2.3080103,-0.087964594,0.6401868,-0.54367006
13.108254,-3.4332852,-0.9959879,0.47525316,-0.20769419,-0.036651913
7.2664022,-2.2242134,3.0358477,-0.72692966,-0.21380283,0.3848451
9.940725,-0.5530606,1.2378023,-0.15882497,0.54611355,-0.5119051
13.127408,-2.789245,-1.1133038,0.37507126,-0.38362336,0.172264
6.9886746,-1.970428,3.1387985,-0.72692966,0.04642576,0.06352998
10.874464,-1.8148049,-1.079785,0.002443461,0.3359759,-0.3885103
12.497733,-1.1731589,1.0031705,0.22724187,-0.535118,0.43493605
5.329493,-0.44532153,3.7469256,-0.33841935,0.30298916,-0.10262536
11.892,-6.1530986,5.0158525,2.0769417,0.9260717,1.1679744
9.785102,-4.343082,4.501099,-0.087964594,2.2504275,-0.7635816
5.686229,0.37828386,6.160281,-0.29932398,2.243097,0.27855456
4.582502,1.3814543,7.101202,1.8533652,0.3848451,0.4569272
0.272939,4.2880154,11.372458,0.69027776,-0.32986724,0.5338962
2.3199813,2.018312,10.213664,-0.38728857,0.64996064,-0.22479841
6.907272,2.4995465,5.6120086,0.39461896,-0.42760566,-0.17104226
4.10845,2.8921957,7.608773,0.105068825,-1.0763446,0.33108896
2.078167,3.5051112,10.477027,-0.09162979,0.3005457,-0.3652974
7.9128366,2.6839,3.5649664,0.5815437,-0.6939429,-0.42638394
6.145916,1.1420342,7.6829934,-1.033584,-1.0115929,0.42271876
5.777209,3.1052797,6.3709707,-0.6768387,0.3848451,-0.45937067
10.342952,-0.61770403,2.753332,0.8038987,-0.63163465,0.0061086523
5.463568,2.231396,9.107543,-0.5693264,-0.5888741,0.4007276
6.3709707,1.5514427,7.177817,-0.029321533,0.61819565,-0.40317106
10.251971,-1.0510546,3.394978,-0.05375614,-0.5216789,0.19181168
5.9998693,1.1133038,8.571242,-0.28221974,-0.33964106,0.3371976
7.4268136,0.15322891,5.437232,-0.5119051,0.63163465,-0.67073005
10.996569,-1.7238252,2.8060043,0.04153884,-0.7049385,0.09407325
4.1922474,3.335123,8.939949,-0.3408628,-0.23701571,0.23945917
8.042124,2.4708161,4.6375685,-0.28099802,0.6426302,-0.6426302
11.7387705,-0.51714754,3.2369606,0.2406809,-0.54000485,0.17104226
5.7269306,2.3678656,7.833828,-0.2003638,-0.5534439,0.37384954
7.9607205,2.2720973,4.7620673,-0.29565877,0.7635816,-0.61086524
11.314998,0.62249243,2.8491,0.30787608,-0.60231316,0.17837265
5.0374002,2.992752,7.07726,-0.23335053,-0.30665436,0.376293
7.8769236,0.9744401,3.9025488,1.500285,0.2687807,-0.14538592
9.504981,2.6599581,5.671864,0.004886922,0.19058995,0.48258355
8.075643,2.0853498,6.1243677,-0.8686504,0.9224065,0.21502456
6.5864487,1.0534488,5.896919,0.3005457,0.5326745,0.05375614
5.5162406,0.6751649,6.823475,-0.04520403,0.32375857,0.029321533
6.208165,1.2880806,7.785944,-0.49968776,0.07696902,0.0036651916
5.7748146,-0.48841715,7.21373,0.042760566,0.103847094,0.04153884
5.6431336,0.89064306,7.917625,0.16615535,0.12339478,0.013439035
7.07726,-1.0055647,5.662287,1.0873401,-0.6963864,0.28955013
2.4516625,3.2800562,10.778696,-0.23579398,0.23823744,-0.25778514
7.2783732,1.9560628,6.3829417,0.8381071,-0.043982297,-0.38728857
4.5274353,2.5187001,8.238448,-0.1160644,-0.3555236,0.4251622
7.7308774,2.8898015,5.197812,0.42271876,0.043982297,-0.2932153
6.007052,-0.90021986,6.4739213,-0.376293,-0.9627236,0.4202753
4.879383,4.1515455,7.4842744,-0.039095376,0.4129449,-0.40317106
8.106767,1.6208745,7.1969705,0.08674286,-0.27366763,0.19181168
3.9743748,4.8267107,8.032547,-0.56321776,0.3213151,-0.17592919
8.784326,0.9648633,4.8243165,0.3371976,0.05131268,-0.23090707
5.770026,-0.4333505,7.5968018,-0.056199603,-0.35063666,0.31887165
5.896919,2.5474305,8.23366,0.40683624,0.83199847,-0.23579398
9.631873,-0.5770026,4.1012673,0.73426,-0.31887165,0.13683382
4.405331,2.4157495,8.791509,-0.41538838,-0.27000242,0.28221974
7.666234,0.4261679,6.703765,0.47036624,0.35185838,-0.548557
6.6750345,-1.6304513,6.5122285,-0.29932398,-0.97249746,0.4007276
3.4835634,2.7030537,9.052477,-0.8723156,0.57910025,-0.42394048
9.344569,1.1300632,4.7740383,0.3494149,0.039095376,-0.23335053
6.033388,0.58897364,7.704541,0.02687807,-0.83077675,0.42760566
5.425261,2.908955,6.969521,0.28588495,0.56077427,-0.23335053
10.125079,-1.1611878,4.2042184,0.26389378,-0.14538592,-0.07696902
5.896919,0.21547815,7.0102224,-0.8368854,-0.52412236,0.19792034
8.441956,1.0654198,4.43885,0.40683624,0.204029,-0.26389378
11.429919,-0.33997664,2.2577322,0.5497787,-0.5717699,0.05131268
5.4899044,1.5514427,8.078036,-0.91629785,-0.19547687,0.22479841
8.192958,1.8818425,4.548983,0.2443461,0.5290093,-0.35796702
9.904813,-0.51235914,2.896984,0.3494149,-0.6084218,0.42638394
4.5896845,1.412579,9.215282,-0.6414085,0.24556783,0.119729586
8.978256,1.3072342,3.6463692,0.5900958,0.4728097,-0.20280726
9.595961,-1.4700398,4.343082,-0.55955255,-0.6206391,0.34330627
4.6926355,2.432509,8.882488,-0.68294734,0.45814893,0.05497787
8.789114,2.9879637,3.1962593,1.1252137,0.29932398,-0.34330627
8.341399,-0.5650316,4.211401,-0.014660766,-1.0360274,0.34697145
3.9911342,1.661576,9.665392,-0.67073005,0.6609562,-0.17592919
9.004593,0.9600749,3.5553896,0.6401868,0.3494149,-0.28955013
6.9264255,-1.4508862,6.3685765,-0.61941737,-1.001819,0.37751472
3.7134068,2.3391352,9.78989,-1.0323622,0.43493605,-0.26633725
10.010158,0.6392518,4.2185836,0.45448375,0.26511553,-0.26267207
7.0700774,-0.9648633,6.703765,-0.05131268,-0.79534656,0.52290064
3.430891,2.9233203,9.0476885,-0.36285394,0.26145032,-0.09285152
9.55047,0.9792285,3.667917,1.2315043,0.13072516,-0.15515977
6.315904,0.2873042,7.5345526,-0.8784242,-0.56688297,0.58032197
5.245696,0.7637503,8.061277,-0.6035349,0.8698721,-0.11362094
10.132261,-2.0590134,3.3087866,0.643852,0.05497787,-0.2602286
6.4643445,-0.062249243,7.374141,-0.2773328,-0.3042109,0.37751472
8.6334915,0.1340753,5.0397944,0.9407325,0.6291912,-0.44593164
9.002198,-3.8043866,3.2728736,-0.8698721,0.2003638,-0.26267207
5.363012,2.3535004,8.611943,-0.49480084,0.35063666,-0.014660766
6.5241995,4.7979803,5.2241483,1.0054842,0.3286455,-0.39828414
8.355764,-2.408567,5.518635,-0.5119051,-0.62796944,0.11484267
4.3287168,2.018312,10.326192,-0.8417723,0.51068336,0.105068825
7.577648,1.5658079,5.1642933,2.1050417,-0.09162979,-0.21502456
6.0357823,2.5474305,7.5944076,-0.6267477,-0.29932398,0.46792278
5.4539914,3.7780502,7.153875,-0.45204028,0.48258355,-0.22968534
8.437167,0.16280572,4.8865657,1.2241739,-0.4373795,0.15027285
4.7740383,1.30484,7.807492,-1.3988814,0.19303341,0.056199603
7.5561004,3.4500446,5.094861,1.4501941,-0.047647487,-0.2321288
6.4140663,1.283292,7.216124,-1.0201449,-0.4642576,0.37140608
3.8139634,4.132392,9.603143,-0.5338962,0.43127087,-0.19914207
8.520964,0.6991069,5.741296,0.22602014,-0.46670106,-0.09285152
5.0038815,1.8531121,9.330204,-0.5155703,-0.26633725,0.22968534
7.2065473,3.1723173,4.3263226,0.12095132,0.39584067,-0.267559
6.955156,0.22984336,6.979098,-0.43860126,-0.7244862,0.21991149
4.0677485,2.5881321,9.119514,-0.6414085,0.28221974,0.04520403
7.6135616,4.0438066,3.9791632,1.2608259,0.26145032,-0.3885103
7.5800424,-1.1061212,6.2249246,-0.30665436,-0.8564331,0.12950343
4.3287168,3.0214825,9.279925,-0.7318166,0.51068336,-0.073303826
9.26556,0.8403648,3.6415808,0.87109387,-0.22724187,-0.11728613
6.3709707,1.1827357,7.979874,-0.82833326,-0.49235737,0.21991149
5.207389,3.3399115,8.384495,-0.22724187,0.75502944,-0.32620203
8.674192,0.9552865,4.9536033,0.52656585,-0.7293731,0.20891592
3.2800562,3.4356794,9.248801,-1.001819,0.25167647,0.014660766
8.030152,4.5298295,4.7668557,0.77579886,0.2284636,-0.25045475
8.652645,0.21547815,5.9064956,-0.6218608,-0.5852089,0.4166101
4.0462008,0.9959879,9.346964,-1.1679744,0.1966986,-0.056199603
9.55047,0.9935937,3.9432502,0.88208944,-0.035430185,-0.31520647
7.893683,0.92895025,5.3606176,0.09285152,-0.75502944,0.3359759
6.4763155,2.0518308,6.2823853,-0.3652974,0.35185838,-0.72326446
10.907983,-0.32321724,3.8786068,0.69027776,-0.34208453,0.28955013
5.2049947,1.7956513,8.0445175,-1.1655309,0.1563815,0.18570304
9.150639,1.5059528,4.369418,1.0592403,0.04153884,-0.25411993
6.2752028,0.8355764,7.8386164,-0.5852089,-0.45570546,0.50701815
7.410054,-0.062249243,4.6016555,-0.25778514,0.51923543,-0.50579643
10.893618,1.1372458,3.0382419,0.89675015,-0.48380527,0.4129449
5.7484784,0.7637503,5.5138464,0.7733554,0.09040806,0.0
8.774749,0.31364042,6.9264255,-1.7531832,-0.09285152,-0.5338962
7.120356,0.062249243,4.8698063,-0.7831292,-0.38606682,-0.030543262
6.847417,-0.11492168,6.1004257,-0.05009095,0.38240165,-0.6609562
10.623073,-1.685518,5.0038815,1.3878858,-0.37751472,0.81245077
4.331111,3.7253778,6.2584434,-0.33353242,0.13805555,-0.04153884
8.748413,0.30406362,4.0462008,3.3060026,-0.23945917,0.014660766
8.710106,1.3551182,5.9280434,0.25045475,-0.36163223,0.44715336
5.535394,2.8203697,4.960786,-1.1044444,0.13683382,-0.3323107
10.5440645,-1.2162545,5.746084,0.52656585,-0.08307768,0.14172074
5.530606,0.8882488,5.777209,-1.3133603,0.29932398,-0.24801129
10.548853,-0.7374141,3.5338416,1.6701056,-0.13439035,0.39706242
6.5840545,-0.22026655,5.2361193,-0.9407325,0.27000242,0.4605924
8.92319,-0.62728083,3.9839516,0.24801129,0.14049901,-0.28955013
8.726865,1.7788919,6.2009826,0.04886922,-0.089186326,0.8552113
6.7947445,-2.6503813,5.770026,-1.0299188,0.45081854,-0.8063421
10.012551,0.050278235,6.543353,-0.893085,-0.11728613,0.5558874
6.0262055,-3.5051112,5.231331,-0.11728613,-0.08552113,0.18936823
9.090784,-1.8339585,5.8226986,-0.7098254,0.2321288,-0.6939429
9.636662,-0.05267244,5.0158525,0.49846604,-0.14538592,0.63285637
4.8003745,0.6679823,5.4061074,-0.78801614,0.11362094,-0.829555
10.668563,-4.793192,5.0397944,0.36774087,-0.1600467,0.5131268
7.2328835,-1.5370775,5.932832,-0.5546656,-0.1563815,0.23090707
9.478644,-2.5498247,4.9775453,0.30176744,0.087964594,-0.39461896
8.291121,0.5554548,5.8466406,-0.23335053,0.04886922,0.47525316
5.889736,-3.9671922,5.913678,-1.1777482,0.13439035,-1.1276573
11.080365,-1.7022774,5.2026005,0.16737708,0.008552114,0.41172317
6.9168487,-2.2146366,5.3199162,-0.5290093,-0.018325957,0.14782938
8.42759,-2.516306,5.257667,0.010995574,0.052534413,-0.5729916
9.840169,0.7086837,5.5258174,0.2003638,-0.040317107,0.6072
4.43885,3.7181952,5.341464,-0.15027285,0.09162979,-0.22235495
9.983821,-1.3862427,5.8203044,0.30665436,-0.12705997,-0.12705997
7.513005,0.038307227,5.801151,-0.21380283,-0.009773844,0.49846604
6.7468605,1.5753847,4.441244,-0.31398472,0.05375614,-0.88208944
11.068395,-5.0374002,5.722142,0.6792821,-0.06841691,0.81000733
7.386112,-2.60968,5.4420204,-1.428203,-0.07696902,0.17837265
7.675811,-2.6743233,4.4556093,-0.70249504,-0.08552113,-0.5546656
11.674128,-2.7724855,5.3845596,0.63041294,-0.10140363,0.4373795
4.72376,0.23463176,4.6902413,-0.18203785,0.032986723,0.10873401
9.588778,-2.3080103,5.130774,0.08552113,-0.007330383,-0.7012733
10.096349,-0.4357447,5.8203044,-0.015882496,0.010995574,0.84299403
4.074931,2.2720973,5.197812,-0.50946164,0.33964106,-0.37873647
11.60709,-3.4356794,4.9081135,1.1899655,0.2687807,0.24678956
7.0844426,0.81642276,5.4300494,-0.119729586,-0.13439035,0.39950588
5.995081,1.2904748,5.6096144,-0.26267207,0.19914207,-1.1142182
11.604695,-3.9001546,5.5042696,0.49480084,-0.11484267,0.6414085
4.486734,0.23223756,5.2504845,-0.2125811,0.16982053,0.15271631
9.279925,-1.4796166,5.7484784,0.23823744,0.06352998,-0.5717699
9.346964,1.7310078,6.0405707,-0.089186326,-0.061086524,0.5864306
5.1571107,2.1978772,5.353435,-0.27855456,0.111177474,-0.7122689
12.064383,-4.9775453,5.6646814,0.657291,-0.07086037,0.22113322
6.730101,-0.5434838,6.007052,-0.7122689,0.07819075,0.37140608
7.2927384,-1.0773908,5.17387,0.06841691,-0.15149458,-0.7538077
12.428301,-0.41180268,5.5617304,0.9443977,0.07696902,0.74036866
6.528988,-1.5059528,5.1906295,-0.9285152,-0.096516706,0.2724459
8.571242,-1.1947067,4.6926355,-0.007330383,0.16737708,-0.6976081
10.754754,-1.6112977,6.445191,0.32375857,-0.08674286,0.73548174
3.1028855,3.2609026,5.427655,0.028099801,-0.042760566,0.09407325
9.77792,-3.9815574,6.0022635,-0.40317106,0.02443461,-0.68539083
8.214506,1.8195933,5.920861,-0.0036651916,0.096516706,0.64996064
4.9105077,2.5881321,4.819528,-0.105068825,-0.052534413,-1.0152581
11.267113,-3.7421372,5.686229,0.6988298,-0.14049901,0.7367035
7.40766,-1.1372458,5.9424086,-0.6206391,-0.12461651,0.3213151
7.326257,-0.7757214,5.815516,-0.4972443,0.15882497,-1.0238101
12.495338,-5.875371,5.0038815,0.16493362,-0.09285152,0.6096435
4.546589,1.2066777,6.007052,-0.004886922,0.05375614,0.096516706
7.9104424,2.183512,5.3247046,0.43371433,0.172264,-0.46914452
9.866506,-1.6232687,5.841852,-0.12217305,-0.028099801,0.5326745
3.833117,1.2593501,5.046977,-0.9224065,0.33108896,-0.29443705
8.971074,-1.8004397,6.009446,0.376293,0.0036651916,-0.2321288
8.106767,-1.7812861,5.449203,0.42271876,-0.04153884,0.88086766
4.369418,1.5705963,4.5920787,-0.1881465,-0.047647487,-0.63529986
11.676521,-6.2847795,4.8003745,0.18692477,-0.28588495,0.23823744
7.0581064,-0.44771573,6.090849,-0.8026769,-0.13927728,0.25411993
6.435614,-1.9129672,5.693412,-0.3200934,0.13194689,-0.7806858
11.089942,-4.817134,4.2305546,0.7452556,-0.1441642,0.59620446
5.45878,1.0295067,6.136339,-0.0012217305,0.17959438,0.034208454
8.1163435,0.7469909,5.3941364,0.16249016,0.21013765,-0.55833083
9.502586,-6.591237,3.715801,-0.31642818,-0.31031954,0.68294734
5.0134583,2.3918076,5.1379566,0.42760566,0.04153884,-0.39828414
10.060435,-2.183512,5.058948,0.3921755,0.017104227,-0.2846632
6.5960255,0.37349546,6.2345014,0.30176744,0.042760566,0.86009824
8.152257,-0.2777274,4.1060557,-0.1881465,-0.17715092,0.11728613
8.66701,-1.7717092,6.191406,-0.79412484,-0.4251622,-0.14782938
7.773973,-2.123657,5.499481,-1.3646729,0.37384954,-0.2443461
7.290344,-2.7365725,3.6631286,-0.77946407,0.15027285,-0.032986723
8.463503,-2.195483,6.4044895,0.27488935,0.07941248,0.09162979
8.59279,-3.6583402,5.523423,0.119729586,-0.05375614,-0.11362094
7.5441294,-2.3223755,4.8123455,0.064751714,0.018325957,-0.029321533
8.59279,-1.0462662,4.235343,0.64996064,0.111177474,0.10629055
7.264008,-0.34715924,6.2225304,0.13439035,0.12339478,-0.111177474
7.991845,-1.0534488,6.0238113,0.14172074,0.21624629,0.03176499
7.405266,-1.3263878,5.2840033,-0.52656585,0.10140363,-0.28221974
9.576807,-3.3901896,6.9527617,0.2284636,-0.062308256,0.43127087
5.6359506,-1.6639702,6.172252,-0.18692477,-0.06352998,0.1160644
9.481039,-0.90021986,5.2385135,0.31887165,-0.37751472,-0.080634214
8.061277,-2.5905263,6.5625067,-0.70616025,-0.0061086523,-0.2724459
7.704541,-0.6871359,4.8458643,0.47403142,-0.034208454,-0.29565877
8.588001,-2.2505496,6.2967505,-0.4092797,-0.07696902,-0.23090707
11.238382,-4.6471453,5.9783216,0.057421334,-0.20158553,0.42149702
5.410896,-1.7357962,3.6343982,-0.09896017,0.15271631,0.004886922
9.277532,-3.442862,5.243302,0.45814893,-0.047647487,-0.42760566
7.800309,-2.552219,6.1219735,-0.0036651916,0.047647487,0.5644395
5.9807158,-0.18195933,3.4883518,0.064751714,0.17592919,-0.57787853
10.955867,-5.9759274,4.486734,0.49602258,-0.32742378,0.40317106
6.337452,-2.3582888,6.603208,-0.61453044,0.15271631,0.42394048
8.236053,-3.4261026,4.6495395,-0.21502456,0.0061086523,-0.6805039
9.888053,-2.56419,5.8681884,0.31887165,-0.2602286,1.0824533
5.5880666,2.954445,4.2784386,0.09896017,0.22968534,-0.50579643
9.885659,-4.498705,4.271256,0.23945917,-0.15149458,-0.013439035
7.599196,-2.0374656,6.3326635,-0.44593164,0.10629055,0.64873886
7.2831616,-2.9735985,4.039018,-0.13805555,-0.04886922,-0.784351
11.365275,-5.2002063,5.1475334,0.18081611,-0.31887165,0.48624873
5.4659624,1.4197617,5.1140146,-0.33108896,0.14172074,-0.02076942
9.062054,-3.41892,4.177882,0.18081611,-0.10262536,-0.57543504
10.081984,-3.2345665,5.803545,-0.13072516,-0.13683382,0.6939429
5.0637364,0.15083471,3.8139634,-0.056199603,0.32375857,-0.17715092
10.007763,-4.673482,4.259285,0.47525316,-0.33475417,-0.1966986
8.058883,-2.3295584,6.3661823,-0.42271876,0.1160644,0.5900958
5.5976434,-0.33518824,3.1316159,-0.0061086523,0.073303826,-0.56199604
11.808203,-4.6710877,5.616797,0.50823987,-0.06963864,0.47647488
5.171476,1.460463,4.355053,-0.37140608,0.20647246,0.06841691
9.301474,-3.8115692,4.501099,0.22602014,-0.12095132,-0.7696902
9.306262,-2.0015526,5.66947,0.7684685,-0.02687807,1.0225884
5.901707,0.9648633,3.8498764,-0.312763,0.27000242,-0.23701571
9.588778,-5.0541596,5.1882353,0.33108896,-0.12217305,-0.28588495
7.764396,-1.1013328,5.4683566,-0.10995574,0.18203785,0.7770206
6.3685765,1.4030021,4.6399627,-0.2846632,0.204029,-1.1215485
11.374852,-6.4404025,5.2361193,0.36774087,-0.10751228,0.54733527
4.8027687,-0.5434838,4.656722,-0.5045747,0.41050145,0.376293
7.955932,-3.0023289,4.984728,-0.19425514,-0.45204028,-0.8136725
6.2488666,-1.283292,4.876989,0.4288274,-0.3481932,0.79412484
6.742072,-2.006341,5.303157,-0.013439035,0.172264,-0.7770206
9.255983,-2.980781,5.3558292,-0.10140363,-0.0012217305,0.68661255
5.9807158,-4.510676,5.0038815,0.38606682,-0.008552114,-0.65484756
11.5951185,-4.8937483,4.7189717,0.13194689,-0.06719518,0.7281514
3.572149,3.1890767,6.2871737,-0.61819565,-0.035430185,-0.2443461
9.495404,-2.5905263,4.4460325,0.50823987,-0.19792034,-0.4654793
10.115502,-2.4612393,5.3965306,0.0,-0.10873401,0.5021312
4.903325,-2.3391352,5.1642933,-0.2919936,0.13072516,-0.56688297
11.291056,-4.134786,3.8235402,0.9896017,-0.35918877,0.37873647
8.075643,-1.5586253,5.451597,-0.28710666,-0.112399206,0.4728097
7.369353,-3.6846764,3.2225955,-0.22235495,0.013439035,-0.79412484
11.221623,-2.861071,3.928885,0.08674286,-0.10751228,0.7452556
5.722142,-1.9991584,4.390966,-0.16737708,0.007330383,-0.73548174
11.528081,-6.2871737,4.0677485,-0.06963864,-0.1966986,0.2846632
5.7389016,-0.78769237,4.3047748,-0.44593164,0.16615535,0.35308012
8.9998045,-3.1723173,4.000711,-0.10140363,0.14049901,-0.7012733
9.581595,-2.4420857,4.9057193,0.029321533,-0.047647487,0.8051204
6.6056023,-1.0103531,5.403713,-0.48624873,0.5290093,-0.5815437
9.97185,-6.631939,4.10845,0.24678956,-0.03176499,-0.04520403
7.029376,-2.0566192,5.647922,-0.037873644,-0.14782938,0.46670106
7.6829934,-2.9735985,3.502717,-0.06963864,0.018325957,-0.7452556
11.128249,-4.4963107,4.84347,0.095294975,-0.32375857,0.72082096
6.859388,-2.0638018,2.6862943,-0.41172317,0.26145032,-0.72692966
11.20247,-4.960786,4.3143516,0.18570304,-0.15760323,0.3323107
5.439626,-2.4540567,6.6056023,-0.5815437,0.12339478,0.19914207
7.589619,-3.2273839,4.1611223,0.20158553,0.02443461,-0.6768387
10.168175,-2.6144683,4.7524905,0.19181168,-0.36285394,0.5742133
5.379771,-1.115698,4.256891,-0.8173377,0.27366763,-0.3640757
10.623073,-6.289568,2.657564,-0.080634214,0.013439035,-0.07086037
8.453926,-3.1507695,4.450821,0.1282817,-0.21868975,0.63529986
5.5976434,-0.9696517,3.632004,-0.23945917,0.081855945,-0.5681047
10.520123,-5.9304376,4.2880154,0.6621779,-0.32253686,0.002443461
7.431602,-2.4971523,5.3701944,-0.13805555,0.0720821,0.5852089
6.3925185,-0.29448682,3.4284968,0.13927728,0.12461651,-0.7770206
11.781867,-5.6000376,4.72376,-0.064751714,-0.19792034,0.50946164
5.815516,-3.1004913,4.4244847,-0.30176744,0.33475417,0.2724459
8.74123,-2.777274,4.0653543,0.3848451,-0.119729586,-0.73548174
10.821792,-6.8426285,5.1547165,0.064751714,-0.052534413,0.2968805
5.6335564,-2.5354595,4.4125137,-0.15515977,0.24678956,0.28955013
8.358158,-0.79487497,3.952827,0.59986967,-0.08552113,-0.88331115
11.21444,-6.5720835,4.9416323,0.267559,-0.095294975,0.8527679
5.149928,-3.359065,5.815516,-0.05497787,0.17348573,0.18081611
8.485051,-4.367024,4.465186,-0.45814893,0.05497787,-0.49602258
8.817844,-2.8562827,4.618415,0.35308012,-0.23457226,0.7684685
5.9807158,-2.3894134,5.058948,-0.4605924,0.22968534,-0.59864795
10.127473,-7.410054,3.8618474,0.47769663,-0.13683382,0.2919936
7.5848308,-2.1212628,5.391742,-0.17715092,-0.047647487,0.4251622
5.98311,-3.052607,4.453215,-0.15393804,0.09407325,-0.8503244
10.618284,-3.7014358,3.9001546,0.453262,-0.1441642,0.3848451
5.5521536,-1.0007763,5.6766524,-0.752586,0.14905111,0.4373795
6.5577183,-2.3463178,4.0342298,-0.2321288,0.13194689,-0.77946407
11.484985,-5.887342,4.237737,0.42760566,-0.3640757,0.65484756
5.2887917,0.6703765,5.451597,-0.38240165,0.21013765,0.13316862
8.48984,-4.4196963,4.249708,0.204029,0.16371189,-0.82833326
9.818622,-4.8458643,4.0054994,0.37140608,-0.2003638,0.77457714
5.590461,-0.33758244,4.3047748,-0.30665436,0.19547687,-0.059864793
9.816227,-4.546589,3.9576154,0.34330627,-0.034208454,-0.43127087
9.105149,-1.6663644,4.829105,0.32498032,-0.20891592,0.6743952
5.267244,0.7326257,4.570531,-0.38606682,0.27977628,-0.4972443
10.247183,-6.6367273,5.0613422,-0.10995574,-0.10262536,-0.24312437
7.728483,-1.2689269,5.887342,0.062308256,0.018325957,0.40561453
7.6135616,1.0654198,3.2944214,0.2773328,0.21013765,-1.0177015
11.063606,-7.6853876,2.8443117,0.38240165,-0.26633725,0.45570546
6.1985884,-1.922544,6.5002575,-0.47036624,-0.0720821,0.344528
8.860941,-2.2170308,3.9815574,-0.11362094,-0.004886922,-0.9211848
11.6190605,-5.793968,3.157952,0.5009095,-0.23579398,0.57543504
6.5696893,-3.3399115,5.3965306,-0.18325958,0.0061086523,0.47769663
8.389283,-2.432509,4.3358994,-0.08552113,0.05131268,-0.7489208
11.815386,-6.6486983,3.9815574,0.12583824,-0.204029,0.2003638
6.8402343,-2.147599,5.719748,-0.009773844,0.013439035,0.7049385
6.8067155,0.272939,3.8187518,0.30298916,0.07696902,-0.7122689
11.305421,-7.7189064,4.5202527,-0.036651913,-0.2406809,0.064751714
5.9304376,-4.10845,6.6989765,-0.04153884,0.057421334,0.71837753
10.33098,-4.3023806,7.599196,1.1801916,0.8051204,0.13194689
5.973533,-1.5993267,6.4499793,0.42760566,1.0152581,-0.312763
5.81791,-2.9161377,5.717354,-1.2962561,0.68661255,-0.034208454
4.4843397,-2.7485435,7.2687964,-0.8246681,0.36896262,0.28344148
2.4181437,-2.767697,8.497022,-0.2284636,0.49846604,0.1441642
5.542577,-2.018312,7.467515,0.9602802,-0.39461896,-0.05497787
3.0885203,-3.3279405,8.832211,0.23457226,-0.46181414,-0.014660766
2.743755,-2.2601264,9.059659,-1.582141,0.27488935,-0.23457226
4.8698063,-5.8681884,8.334216,-1.3426818,-0.08307768,0.13683382
1.7166426,-6.8545995,10.0029745,1.5748106,0.080634214,-0.09285152
4.711789,-3.1507695,7.8386164,-0.65484756,0.39706242,0.028099801
6.2225304,-3.8666358,4.661511,-0.04153884,-0.21135938,0.12950343
2.9951463,-5.1235914,8.805874,0.06719518,-0.1441642,0.037873644
4.307169,-3.3734303,7.771579,0.17592919,0.42149702,-0.1282817
4.5154643,-4.7022123,8.568848,-0.25900686,-0.04642576,0.26511553
2.56419,-5.3007627,9.193734,-0.5021312,0.2125811,0.06841691
4.3047748,-3.5889084,6.363788,-0.36774087,0.13072516,-0.10629055
3.9384618,-4.2042184,7.8027034,-0.081855945,-0.20647246,0.14660765
3.787627,-2.9520507,8.678981,0.3848451,0.09040806,-0.0842994
3.6607344,-4.213795,8.446744,0.089186326,-0.095294975,0.02687807
3.098097,-2.6001031,8.7532015,0.08552113,0.36041048,-0.23457226
6.2728086,-2.4301147,7.491457,0.50579643,-0.19303341,0.13194689
3.4739866,-4.8003745,8.178593,0.043982297,-0.2846632,0.02443461
3.608062,-3.0142999,8.995016,-0.24556783,0.33964106,-0.06719518
5.777209,-1.2785037,7.3430166,0.37995818,-0.040317107,0.081855945
3.217807,-4.9559975,8.674192,-0.042760566,-0.5216789,0.06963864
3.6367924,-5.8562174,7.7667904,-1.2705997,0.12339478,-0.06352998
5.4779334,-3.4979286,6.8043213,-0.030543262,0.10140363,-0.119729586
3.2321723,-5.291186,8.224083,-0.42271876,-0.43371433,0.19914207
3.8307228,-4.048595,7.7189064,-0.172264,0.54000485,-0.2724459
7.445967,-5.5258174,5.719748,0.893085,-0.38606682,0.17592919
3.3662477,-4.474763,7.819463,-0.089186326,-0.58276546,0.59864795
3.4237084,-6.033388,9.399636,0.24190263,0.3494149,0.10995574
5.837064,-3.2609026,5.269638,0.12095132,0.40683624,-0.376293
5.185841,-6.1890116,6.739678,-0.20158553,-0.39950588,0.06963864
2.7509377,-1.7908629,9.648633,0.10629055,0.015882496,-0.12095132
6.327875,-4.7309427,3.8833952,0.21135938,0.29565877,-0.59986967
3.9959226,-7.711724,5.662287,-0.69027776,-0.5338962,0.13927728
3.0693667,-5.315128,7.7308774,-0.33841935,0.4007276,-0.05375614
7.0221934,-6.6056023,4.757279,0.47158796,0.17348573,-0.10751228
3.169923,-7.668628,5.5521536,0.008552114,-0.112399206,0.12705997
4.0557775,-7.204153,6.5481415,-0.17959438,0.20891592,-0.08307768
3.7181952,-6.823475,6.9982514,-0.012217305,-0.24801129,0.10995574
3.7972038,-6.399701,6.0645127,-0.31398472,0.5204572,-0.33475417
5.731719,-7.675811,5.1523223,0.17592919,-0.35918877,0.15149458
2.815581,-5.4899044,6.7109475,-0.26389378,-0.16371189,0.08552113
5.5377884,-5.1810527,4.7668557,-0.29077184,0.38973203,-0.17348573
4.2305546,-7.477092,7.433996,-0.3286455,-0.66828656,0.27000242
2.336741,-5.9926867,8.327033,-0.38728857,0.43127087,-0.37384954
6.991069,-6.447585,3.6415808,0.35185838,-0.021991149,-0.12095132
4.0078936,-7.192182,4.630386,-0.18448131,-0.3933972,0.19792034
3.8067808,-5.3965306,6.7133417,0.09285152,0.5644395,-0.28955013
6.8522053,-8.446744,4.2760444,0.17837265,-0.39461896,0.15393804
3.5098996,-6.265626,6.327875,-0.27855456,-0.4129449,0.2321288
4.7429137,-6.5385647,5.995081,-0.453262,0.50579643,-0.43860126
7.1490865,-9.057265,3.145981,0.18936823,-0.41172317,0.11484267
3.3255463,-6.093243,6.0262055,-0.78801614,0.04153884,0.13072516
5.8442464,-5.602432,4.972757,-0.1563815,0.43860126,-0.41172317
6.289568,-7.7213006,4.426879,-0.19181168,-0.7452556,-0.036651913
4.793192,-6.2704144,6.069301,0.103847094,0.18936823,-0.23090707
8.607155,-6.2967505,2.4947581,0.9627236,0.087964594,-0.06352998
5.872977,-7.989451,5.872977,-0.6401868,-0.6389651,0.010995574
2.5354595,-4.3742065,7.479486,0.15149458,0.6010914,-0.32620203
7.6829934,-2.6719291,4.015076,0.79901177,-0.23945917,-0.23823744
4.2544966,-8.832211,6.030994,-0.6988298,-0.8576548,0.010995574
4.1036615,-6.253655,7.905654,-0.66828656,0.6939429,-0.021991149
9.074024,-4.975151,3.1603463,1.2205088,-0.06719518,0.09896017
5.159505,-5.559336,6.6079965,-0.073303826,-0.59620446,0.065973446
3.0334535,-6.361394,6.811504,-0.05375614,0.5045747,-0.26389378
8.726865,-5.2002063,3.6535518,0.86132,0.04642576,-0.17959438
4.9344497,-6.612785,5.379771,-0.1600467,-0.61453044,0.2003638
3.1387985,-5.793968,7.905654,0.4642576,0.47525316,-0.13805555
7.9702973,-4.620809,4.259285,0.7440339,-0.04642576,-0.18570304
5.2863975,-5.449203,5.451597,-0.50823987,-0.54367006,0.2565634
4.951209,-5.523423,5.08289,-1.2131784,0.72204274,-0.12339478
7.7811556,-6.742072,4.735731,0.02565634,-0.21380283,-0.07574729
4.4843397,2.6647465,8.453926,6.871012,-0.073303826,0.43127087
5.9543796,-1.0869676,6.6175733,0.54611355,0.02565634,0.013439035
3.3877954,-2.4995465,9.040505,-1.1520919,0.29443705,-0.21746802
6.9982514,-2.5378537,6.1938,0.39706242,0.043982297,-0.20280726
6.301539,-3.3207579,7.3669586,-1.1093313,-0.5876524,0.4373795
3.7253778,-3.3303347,9.212888,0.04642576,0.2919936,-0.35185838
7.809886,-1.043872,6.3087215,0.8197812,-0.18570304,-0.039095376
4.594473,-2.4492683,6.8067155,-0.18692477,-0.33475417,0.2687807
3.7948096,-2.5498247,8.449138,0.08674286,0.5119051,-0.36285394
8.441956,-4.197036,6.801927,0.5693264,-0.19914207,0.2565634
3.6703112,-1.6807296,8.11395,0.18448131,-0.15149458,0.18570304
5.9400144,-2.815581,7.711724,-0.38728857,0.43127087,-0.408058
9.093178,-6.31351,6.5337763,-0.59620446,-0.36896262,0.35185838
2.8682537,-1.757344,7.479486,0.04642576,-0.1563815,0.040317107
7.740454,-2.087744,5.121197,0.28588495,0.46181414,-0.28221974
6.339846,-5.509058,6.1530986,0.112399206,-0.2919936,0.4202753
2.7389667,-1.8626889,5.9543796,1.0323622,-0.062308256,0.04520403
8.027759,-1.9321208,5.815516,0.3481932,0.23335053,-0.20158553
7.417237,-3.8402996,5.7987566,0.64751714,-0.24923302,0.27488935
4.378995,-4.24492,6.481104,-0.07819075,-0.30787608,0.23823744
3.7229836,-2.4420857,9.093178,-0.21013765,0.61086524,-0.3359759
8.542512,-2.8562827,5.085284,0.58276546,-0.13439035,0.010995574
6.0238113,-3.502717,7.141904,-0.44348818,-0.4642576,0.29443705
2.2098482,-1.1587936,9.713276,-0.13683382,0.22968534,-0.25167647
8.130709,-0.6512229,5.657499,0.9651671,0.061086524,-0.17470746
6.157887,-2.8179753,7.711724,-0.43004912,-0.48624873,0.3005457
3.016694,0.016759412,9.23683,0.2968805,0.33108896,-0.28221974
7.204153,0.94570965,6.1411276,0.5705481,0.2919936,-0.02321288
7.553706,-1.7357962,6.993463,-0.39461896,-0.21502456,0.20647246
4.110844,0.23223756,7.5441294,0.35063666,-0.16126843,0.19547687
6.517017,-0.3878607,8.588001,-0.43493605,0.27000242,-0.28344148
7.690176,0.093373865,7.1227503,0.5864306,-0.21013765,0.08674286
4.9416323,-1.0749966,8.152257,-0.45081854,-0.3005457,0.30665436
6.706159,-1.4101849,6.981492,-0.72082096,0.49480084,-0.38362336
8.054094,-0.9888053,6.519411,0.44226643,-0.18081611,0.10262536
4.5513773,-2.4396915,6.715736,-0.5045747,-0.12461651,0.11728613
5.626374,-1.7429788,7.5800424,-0.44959682,0.28710666,-0.3848451
7.991845,0.61052144,7.0724716,0.9260717,-0.16737708,0.13316862
4.7261543,-1.685518,7.1969705,-0.7440339,-0.14538592,0.22357668
5.070919,-0.8379706,7.417237,-0.5412266,0.32986724,-0.4288274
8.566454,-0.61770403,6.265626,1.0262536,-0.073303826,0.1282817
4.5561657,-2.207454,7.3765354,-0.61453044,-0.2321288,0.15271631
3.3399115,-1.6591818,8.853758,-0.17104226,0.24556783,-0.35430184
7.273585,-0.7182605,8.063671,-0.172264,-0.061086524,0.23579398
6.421249,0.545878,6.256049,1.3158038,0.06841691,0.2003638
5.5138464,0.007182605,9.962274,1.7996091,0.24678956,-0.1282817
6.2632318,1.0582372,8.695741,1.459968,0.25778514,0.062308256
5.801151,0.12449849,6.3901243,0.41050145,0.22602014,0.04520403
4.429273,7.2089415,7.2664022,1.5344934,0.34208453,-0.16615535
5.6766524,3.6391866,7.017405,-0.52290064,-0.07574729,-0.112399206
4.771644,4.039018,8.858546,-0.40683624,0.19914207,0.19303341
4.8985367,0.31364042,7.2664022,-2.194228,-0.019547688,-0.21380283
7.36217,-0.2753332,7.357382,0.23457226,-0.18325958,0.0720821
4.9655743,-1.7549498,7.0940194,-0.16737708,0.013439035,-0.14660765
6.1938,1.745373,8.602366,-0.13805555,-0.04153884,-0.07574729
4.8745947,1.3838485,7.560889,-0.18448131,0.18936823,0.07696902
5.3558292,1.6280571,7.479486,0.87109387,-0.15027285,-0.27977628
6.3182983,2.3439236,8.726865,0.8918633,0.09896017,0.6646214
2.8491,2.542642,8.0924015,-0.8698721,0.065973446,-0.23579398
6.751649,3.0454245,7.101202,0.010995574,-0.31398472,-0.07574729
4.3382936,0.60812724,8.310274,0.087964594,0.12705997,0.54244834
5.106832,2.0446482,7.3525934,1.2559389,-0.013439035,-0.19792034
6.727707,1.9512744,7.4866686,0.14049901,-0.03176499,0.33108896
3.739743,2.2290018,9.368511,0.062308256,-0.07941248,0.080634214
6.0022635,2.4612393,6.179435,0.1881465,-0.13072516,-0.45814893
6.423643,2.7940333,7.735666,0.035430185,-0.22479841,0.5119051
2.3822308,5.7005944,7.565677,1.9352211,0.32375857,-0.12705997
7.4268136,2.9783869,6.619968,0.19058995,-0.23945917,-0.11484267
5.2480903,6.105214,6.090849,1.0360274,0.408058,0.4642576
4.498705,3.739743,5.511452,-0.8038987,-0.37873647,-0.344528
8.793902,2.6982653,7.5704656,0.29810223,-0.02321288,0.36774087
4.012682,3.9624038,8.772355,-1.0030408,-0.13194689,0.07086037
5.3701944,3.6511576,5.1642933,-0.22235495,-0.2565634,-0.54244834
8.6574335,3.2082303,7.1634517,0.28710666,-0.13805555,0.29932398
3.751714,2.56419,8.348581,-0.33841935,0.15149458,0.058643065
6.8881183,3.454833,5.116409,-0.3652974,-0.26511553,-0.46914452
7.553706,2.4420857,7.501034,-0.6560693,-0.12705997,0.5338962
3.526659,3.3782187,8.324639,-0.13927728,0.35308012,0.089186326
6.1770406,5.2983685,2.956839,-0.3567453,-0.2761111,-0.43493605
8.980651,2.9735985,6.945579,0.15760323,-0.09896017,0.38362336
4.618415,2.8538885,6.9240313,-0.31031954,0.19914207,0.09407325
6.227319,4.8985367,5.9663506,1.0177015,-0.27855456,-0.79534656
9.346964,2.327164,8.324639,0.13316862,0.14782938,0.5216789
4.0677485,1.5562311,8.822633,-0.50335294,0.11362094,0.039095376
6.4787097,2.822764,5.2049947,-0.105068825,-0.2724459,-0.43982297
8.248025,3.1004913,7.654263,0.15149458,0.08552113,0.43004912
4.2425256,2.396596,7.2783732,-0.38728857,0.1600467,-0.05131268
7.5848308,3.1004913,6.435614,0.16371189,-0.37384954,-0.6792821
8.836999,2.372654,8.250419,0.11484267,0.058643065,0.5717699
3.5218706,3.4931402,7.469909,-0.51068336,0.06841691,-0.1685988
9.045294,0.22984336,5.0302176,0.37873647,-0.12095132,-0.40317106
7.228095,2.7341783,7.249643,-0.06352998,0.11484267,0.5522222
2.3008277,4.644751,7.908048,-0.4728097,-0.0061086523,-0.19792034
7.819463,1.4508862,6.3542113,1.0201449,-0.17715092,-0.043982297
6.3589997,2.6599581,7.5824366,0.13561209,0.12339478,0.6450737
3.8522706,3.277662,7.28795,-0.4373795,0.02321288,-0.8527679
11.59033,0.02873042,7.7548194,0.97127575,0.043982297,0.31642818
4.280833,1.9009962,6.76362,-0.16493362,0.12950343,0.39706242
6.5625067,2.1930888,5.686229,-0.5546656,-0.13194689,-0.8491027
9.871294,1.3575124,7.4124484,0.0,-0.040317107,0.4447099
4.0797195,2.755726,8.343793,-0.058643065,-0.14905111,0.1600467
8.209718,2.5258827,4.9895163,0.28710666,-0.10140363,-0.51923543
9.435549,2.7940333,7.735666,0.95417154,0.21135938,0.7293731
4.072537,1.9728222,7.038953,0.04520403,-0.15515977,0.14782938
8.109161,0.878672,4.8985367,0.13439035,0.02321288,-0.453262
9.636662,-0.61052144,4.283227,-1.1960741,-0.21380283,0.72204274
3.8857894,5.439626,8.635885,0.13316862,-0.037873644,0.095294975
7.8505874,1.6160861,4.3167458,0.643852,0.13561209,-0.39950588
9.562442,-5.121197,3.8857894,0.103847094,-0.6976081,0.6401868
4.7764325,0.866701,6.042965,-0.52778757,-0.06841691,-0.02321288
8.135497,1.3742718,4.1515455,0.52290064,-0.073303826,-0.55955255
9.677363,0.16519992,5.291186,-0.38362336,-0.2919936,0.30665436
5.6120086,5.0541596,6.3829417,-0.30298916,0.12095132,0.030543262
8.111555,2.7748797,3.241749,0.54611355,-0.09896017,-0.3213151
9.411607,0.39983168,4.656722,0.0061086523,-0.13561209,0.408058
4.378995,3.9983168,6.55293,-0.45204028,0.24190263,-0.267559
10.031705,1.958457,3.6511576,1.2253957,-0.17837265,-0.20891592
7.4627266,1.4628572,5.8226986,-1.2009611,-0.09896017,0.42271876
5.497087,4.2161894,4.3742065,-0.24190263,-0.03176499,-0.3567453
11.085154,1.9560628,3.9624038,0.6218608,-0.12339478,0.6169739
6.033388,3.7684734,6.0405707,-0.81489426,0.19547687,0.04153884
8.75799,5.243302,4.0916905,1.1325442,0.14172074,-0.5045747
8.966286,2.8323407,5.2720323,0.8356637,0.021991149,0.6536258
4.4077253,3.2130187,6.1746464,-1.0213667,0.015882496,-0.41050145
10.0269165,1.8148049,3.9073372,0.83199847,-0.1685988,-0.11728613
7.290344,3.6535518,6.0262055,0.14660765,0.1966986,0.5656612
4.3861775,3.9935284,4.249708,-0.37140608,-0.172264,-0.3848451
11.736377,0.20590134,2.777274,0.49235737,-0.21135938,0.25167647
7.1754227,1.6496049,6.7827735,-0.74036866,0.05375614,0.30176744
6.7588315,2.9257145,4.8722005,0.037873644,-0.096516706,-0.59131753
10.43872,1.2952632,4.259285,0.26267207,-0.010995574,0.5571091
5.571307,1.484405,6.2129536,-0.9932669,0.23579398,-0.030543262
9.89763,1.6711528,3.1387985,1.0800097,-0.1160644,-0.37140608
8.051701,3.1316159,5.6551046,0.344528,0.2406809,0.6218608
5.827487,1.6208745,3.86903,-1.3439035,0.20525073,-0.4288274
10.072407,0.32800564,6.3805475,0.058643065,1.1887437,0.23457226
6.2608376,0.5626374,7.00304,-1.1557571,-0.4801401,-0.5510005
9.143456,1.0127473,7.273585,-0.3811799,-0.07086037,0.12950343
4.501099,1.8698715,5.305551,-0.6267477,-0.30665436,-0.53878313
10.350134,-1.9201498,6.471527,1.0897835,-0.37873647,-0.22479841
9.035717,-0.46447513,7.764396,-0.97005403,0.39461896,0.9126327
4.4364557,1.1851299,5.0302176,-0.24556783,-0.07941248,0.12583824
9.837775,-0.6655881,4.7381253,-0.073303826,-0.4654793,-0.3811799
10.237606,-1.7310078,5.9184666,-0.20525073,-0.013439035,0.52656585
5.08289,-1.553837,5.647922,-0.453262,0.20158553,0.28344148
9.528923,-1.7860745,5.0876784,-0.70738196,-0.38362336,-0.906524
11.027693,-4.0821137,8.018182,-0.037873644,0.10995574,0.94806284
4.450821,0.79966336,5.5497594,-0.3811799,0.059864793,-0.02443461
9.873688,-1.2090719,5.877765,0.20280726,-0.32620203,-0.5412266
7.762002,-0.46447513,5.9160724,0.1001819,0.25167647,0.6230826
4.232949,1.1563994,4.1132383,-0.36041048,0.0,-0.26145032
10.852917,-3.6822822,7.177817,0.7501425,-0.14538592,-0.05497787
6.227319,-0.7445967,5.8586116,-0.37873647,0.21868975,0.4288274
7.3310456,2.135628,4.1539397,-0.45814893,-0.48991394,-0.9859365
12.13142,-6.4978633,8.11395,-0.065973446,-0.12461651,0.5009095
5.7628436,-1.6112977,5.0517654,-0.10873401,0.16982053,0.32986724
7.9702973,0.4285621,5.1762643,-0.3286455,-0.3359759,-0.98837996
10.967838,-4.7524905,8.032547,-0.5546656,0.12950343,0.6389651
5.3821654,-1.2497733,6.1770406,-0.2761111,0.3200934,0.10751228
9.208099,0.19632454,3.964798,-0.039095376,-0.49846604,-0.893085
10.8385515,-5.592855,8.564059,-0.44959682,-0.019547688,0.41416663
5.353435,-1.9919758,6.054936,0.0061086523,0.12339478,0.21624629
9.457097,-2.2744915,5.9759274,-0.06352998,-0.2602286,-0.5546656
9.41879,-0.92416185,7.275979,-0.6377433,0.39828414,0.6939429
4.268862,2.6719291,5.559336,-0.5546656,0.0842994,-0.49113566
9.49301,-2.4420857,7.2568254,0.9578367,-0.06841691,-0.02565634
6.3685765,0.1436521,6.5936313,-0.16126843,0.3885103,0.7464773