-8.343793,1.1851299,4.3526587,-0.312763,0.061086524,-0.06352998
-8.65025,-2.0638018,4.249708,-3.8276815,0.5888741,-0.002443461
-9.255983,-1.2425907,2.9352913,-0.34574974,0.4129449,0.9602802
-8.664616,-0.8523358,1.2473791,0.0061086523,-0.05131268,0.6426302
-8.710106,1.8770541,4.757279,0.34208453,-0.24190263,0.12339478
-8.6334915,-0.62488663,3.122039,-0.25289822,-0.036651913,0.2565634
-8.6813755,0.9911995,3.6727054,0.40317106,-0.096516706,0.017104227
-8.827422,0.35913026,3.083732,-0.80756384,-0.18203785,0.08307768
-8.659827,2.3894134,5.231331,1.4966198,0.1881465,-0.26145032
-9.165004,0.7038953,1.9728222,-0.2284636,0.13805555,-0.015882496
-8.784326,1.067814,4.7070007,-0.34208453,-0.48747048,0.12095132
-8.348581,1.1420342,4.5657425,0.28099802,0.23457226,-0.15271631
-8.820239,1.7238252,3.0382419,0.23701571,0.15393804,-0.12583824
-8.935161,0.34715924,3.2968156,-0.2883284,-0.17592919,0.06719518
-8.3821,0.89543146,5.439626,-0.43493605,-0.15271631,0.09773844
-8.576031,2.1188686,4.074931,0.86254174,0.37751472,-0.24556783
-8.774749,1.7070658,2.3630772,-0.010995574,0.2321288,0.06841691
-8.607155,1.7717092,3.145981,-0.5510005,-0.2773328,0.11728613
-8.470686,2.542642,5.3558292,0.312763,0.0061086523,-0.062308256
-8.628703,1.1133038,4.4580035,0.43982297,0.26511553,0.04520403
-9.033323,0.9816227,3.086126,-0.19181168,-0.09162979,0.04886922
-8.599973,0.8858546,4.5633483,-0.5204572,-0.21624629,0.09285152
-8.497022,1.2689269,4.6806645,0.042760566,0.02321288,-0.058643065
-8.559271,1.5490485,3.193865,0.204029,0.2284636,-0.15515977
-8.856153,1.1180922,4.560954,0.60231316,-0.02321288,0.019547688
-8.875306,0.49320555,3.3063924,-0.2602286,-0.3359759,0.17348573
-8.580819,1.8387469,4.7165775,-0.2602286,-0.064751714,0.095294975
-8.446744,1.9369092,4.0653543,0.4361578,0.30543262,-0.14172074
-8.827422,1.3335704,3.1052797,0.05497787,0.10995574,0.002443461
-8.846576,1.9057846,2.980781,-0.4166101,-0.30176744,0.2003638
-8.346188,2.5785553,4.4843397,-0.25045475,-0.111177474,0.037873644
-8.355764,1.9560628,4.7381253,0.29810223,0.16737708,-0.035430185
-8.566454,1.5562311,3.6727054,0.41172317,0.23579398,-0.14782938
-8.810662,0.8499416,3.0142999,-0.77213365,-0.28588495,0.25167647
-8.418014,1.4676456,4.939238,-0.11484267,-0.21868975,0.059864793
-8.322245,2.0805612,4.6782703,-0.010995574,0.1001819,-0.021991149
-8.7125,0.6512229,3.4093432,-0.88331115,-0.037873644,-0.2687807
-8.0445175,0.9911995,3.928885,-0.9236283,-0.3286455,0.07086037
-7.513005,0.46447513,5.044583,-0.6035349,0.111177474,-0.27855456
-8.403648,-1.1228806,6.3566055,0.32620203,0.75502944,0.37873647
-8.781932,2.3702598,-0.1340753,0.40317106,0.6988298,0.45814893
-8.626308,5.3678,1.9057846,0.893085,0.14782938,0.14782938
-8.92319,2.719813,2.6072857,-0.5925393,-0.16982053,-0.07941248
-8.949526,4.175488,2.6192567,-0.97005403,-0.058643065,-0.14905111
-9.131485,0.47165772,1.2042835,0.0,0.13072516,0.02321288
-8.980651,3.2585084,1.4867992,0.002443461,-0.11484267,0.03176499
-8.523358,2.5953147,4.173094,-0.6609562,-0.030543262,-0.012217305
-9.085996,1.4197617,1.6424223,0.10629055,0.14782938,-0.0012217305
-8.892065,2.9400797,2.4157495,-0.2321288,-0.1282817,-0.004886922
-8.62152,2.8634653,3.2920272,-0.06352998,-0.25900686,-0.013439035
-8.669404,2.2984335,3.9959226,-0.061086524,0.081855945,0.06841691
-8.8777,2.5378537,2.4588451,0.15882497,0.16615535,-0.013439035
-8.678981,1.9847932,2.906561,0.16982053,-0.056199603,-0.028099801
-8.602366,3.2632968,3.2968156,-0.4251622,-0.17592919,0.05131268
-8.611943,2.2170308,3.8833952,0.36285394,0.10629055,-0.032986723
-8.899248,2.846706,2.4372973,0.02321288,0.07941248,-0.0061086523
-8.700529,2.6072857,3.0885203,-0.16982053,-0.11728613,0.0061086523
-8.508993,2.5833437,4.259285,0.19303341,-0.002443461,0.05497787
-8.702923,3.169923,3.0933087,-0.13439035,0.15271631,-0.018325957
-8.836999,2.1188686,2.7629087,0.17104226,-0.029321533,-0.04520403
-8.698134,2.9137435,3.0765493,-0.0036651916,-0.1160644,0.057421334
-8.585608,0.878672,3.9240966,-1.2913691,-0.37140608,-0.48258355
-8.614338,0.90979666,4.3622355,-0.15271631,-0.02321288,-0.052534413
-9.114726,0.6919243,2.954445,-0.18448131,0.2125811,-0.035430185
-8.659827,0.7517793,4.7860093,0.04153884,-0.10140363,-0.09896017
-8.590396,1.1803415,4.189853,0.1441642,0.25045475,0.039095376
-8.978256,0.16280572,2.4732103,-0.10873401,0.12461651,-0.06352998
-8.588001,1.4508862,4.6040497,0.14294247,0.073303826,0.21502456
-8.611943,1.9273324,3.2130187,-0.37507126,-0.042760566,-0.04520403
-8.908825,0.8690952,4.0797195,0.2284636,0.073303826,-0.065973446
-9.153033,1.340753,2.6503813,0.13561209,0.08552113,-0.002443461
-9.009381,0.46447513,2.1068976,-0.13561209,0.012217305,-0.002443461
-8.935161,1.7405846,3.514688,0.3200934,-0.0061086523,0.04153884
-8.779537,3.4883518,3.478775,-0.5155703,-0.28955013,0.042760566
-8.846576,1.0031705,3.5577838,0.38362336,0.1001819,-0.15027285
-9.035717,1.7717092,3.6343982,0.8979719,0.12705997,0.0842994
-8.880095,2.3247697,2.717419,-0.37384954,0.058643065,0.16249016
-8.9279785,2.0494366,3.6104562,0.48747048,-0.14172074,0.021991149
-8.59279,2.8323407,3.821146,-0.05009095,0.12583824,-0.013439035
-8.916007,2.219425,2.0159178,-0.18448131,0.034208454,0.05375614
-8.571242,2.4396915,3.1651347,-0.064751714,-0.19914207,0.17470746
-8.829816,3.7086184,3.478775,0.07086037,-0.09040806,0.112399206
-8.568848,1.7956513,3.608062,-0.23335053,0.111177474,-0.06841691
-8.920795,0.78290397,2.5139117,0.47403142,0.112399206,-0.1001819
-8.942344,2.3439236,3.181894,-0.31764993,0.0036651916,0.02565634
-8.76996,2.1547816,3.098097,0.10629055,0.09162979,0.02565634
-9.102755,1.3862427,3.1124623,0.14172074,0.12950343,-0.1563815
-8.954314,3.0023289,1.9536686,-0.096516706,-0.032986723,0.087964594
-8.863335,0.9672575,3.2872388,-0.39461896,-0.080634214,0.02443461
-8.444349,2.468422,3.9217024,0.5742133,-0.17959438,0.21135938
-8.913613,0.842759,3.691859,-0.2406809,0.043982297,-0.13683382
-9.076419,1.7477672,3.53863,0.46914452,-0.08307768,-0.040317107
-8.4826565,2.2529438,3.3638535,-0.02321288,-0.014660766,0.13927728
-8.767567,1.4030021,3.1723173,-0.49846604,-0.034208454,0.13316862
-8.901642,1.352724,3.7325604,0.42760566,0.14782938,-0.1685988
-9.11712,1.9608512,2.8107927,1.1191051,0.1563815,-0.028099801
-8.853758,2.372654,3.3782187,-0.20647246,0.004886922,0.05497787
-9.004593,1.6879122,3.0023289,-0.267559,-0.040317107,0.105068825
-8.9040365,1.1324574,2.7222073,0.37751472,0.1160644,-0.057421334
-8.935161,3.3662477,3.095703,-0.119729586,0.36163223,0.25045475
-8.889671,0.260968,2.0518308,0.14049901,0.11484267,0.15149458
-8.880095,2.9520507,2.327164,0.45937067,-0.09285152,-0.02565634
-8.918402,2.992752,2.1667526,-0.6059783,-0.25045475,-0.061086524
-8.736442,1.067814,3.6655228,-0.3042109,-0.08552113,-0.029321533
-8.9040365,2.6791117,2.2122424,0.593761,0.09162979,0.004886922
-8.899248,2.9879637,2.7389667,-0.33475417,-0.095294975,0.03176499
-8.643068,2.27928,2.7964275,-0.039095376,-0.14049901,-0.017104227
-8.576031,2.4636335,3.4739866,0.28099802,-0.02076942,0.036651913
-8.552089,2.2218192,3.0190883,-0.2125811,0.059864793,-0.111177474
-8.810662,2.171541,2.6982653,0.18936823,-0.09407325,0.052534413
-8.851364,2.5330653,3.0071173,-0.12339478,-0.05497787,-0.015882496
-8.983045,1.9129672,2.695871,-0.267559,-0.035430185,0.012217305
-8.834604,2.4109612,2.9975405,0.4605924,-0.029321533,-0.02443461
-8.829816,3.6607344,1.9776106,-0.23701571,-0.15149458,-0.24678956
-7.410054,-1.910573,5.932832,-4.2223005,-0.98349303,-1.4367551
-8.049306,-4.7788267,2.099715,-0.49480084,-0.30909783,0.1600467
-7.489063,1.6496049,7.00304,1.7104226,0.7476991,0.34330627
-7.8170686,-2.0278888,6.244078,-0.13439035,0.008552114,0.035430185
-8.183381,-1.9632454,5.3079453,-0.57787853,0.07086037,0.118507855
-8.511387,-0.7134721,3.7421372,1.0616838,0.14782938,0.25900686
-8.291121,-0.11971009,4.453215,0.26389378,0.12461651,-0.14782938
-8.717288,-2.2026656,3.347094,-1.0103711,-0.06352998,0.12705997
-8.018182,-0.50517654,6.0764837,-0.002443461,0.10140363,-0.04153884
-8.78672,-0.7015011,3.5075054,0.05497787,0.25167647,-0.015882496
-8.51857,-0.34955344,4.43885,0.22357668,0.062308256,-0.02687807
-8.281544,-0.4405331,5.4683566,0.19303341,-0.08674286,0.02321288
-8.791509,-1.448492,4.426879,0.5375614,0.15149458,0.14294247
-8.9040365,-0.4429273,3.572149,-0.013439035,-0.017104227,0.0061086523
-8.291121,-1.0223241,5.3845596,-0.013439035,-0.2602286,-0.080634214
-8.468291,-1.4317327,4.2544966,-0.081855945,-0.028099801,-0.05131268
-8.432379,0.49559975,4.9440265,0.5876524,0.14049901,-0.036651913
-8.573636,-0.095768064,3.8379054,0.040317107,0.15760323,0.034208454
-8.7292595,-0.25857377,4.0078936,-0.22968534,-0.19792034,-0.056199603
-8.355764,-1.4197617,4.6136265,-0.59498274,-0.16126843,0.14782938
-8.415619,-0.6679823,4.6686935,0.26389378,0.030543262,-0.029321533
-8.76996,-1.0582372,4.367024,0.04642576,0.18203785,-0.062308256
-8.623915,0.22984336,4.072537,0.13072516,-0.008552114,-0.061086524
-8.350976,-1.5705963,5.463568,-0.43860126,-0.35308012,0.09040806
-8.403648,-1.0773908,4.8865657,0.2883284,-0.0036651916,0.040317107
-8.341399,-0.36391866,3.6056678,0.83077675,0.23823744,-0.035430185
-8.394072,0.15801731,4.5154643,0.63407815,0.18325958,0.008552114
-8.504205,0.17717093,3.881001,-0.64751714,-0.31031954,-0.065973446
-8.157045,-1.4652514,5.391742,-0.3885103,-0.21991149,0.05375614
-8.073248,-1.1827357,5.74369,0.34574974,0.20647246,0.0842994
-8.707711,-0.7062895,3.5242648,0.453262,0.12217305,-0.06841691
-8.169016,-1.2018893,4.841076,-0.07941248,-0.09162979,0.04642576
-8.214506,-1.1300632,4.134786,-0.71593404,-0.32620203,-0.05375614
-7.843405,-1.8531121,4.596867,-1.0690142,-0.30176744,-0.008552114
-7.824251,-1.5442601,5.9687448,-0.04153884,-0.15760323,-0.029321533
-7.8888946,-0.7302315,4.8243165,0.48380527,0.09162979,-0.009773844
-7.410054,-1.9177556,5.4204726,-0.3323107,-0.21624629,0.035430185
-7.36217,-3.0597897,5.9519854,0.02565634,0.028099801,-0.036651913
-7.675811,-2.147599,5.4922986,0.30909783,0.1881465,0.04520403
-7.735666,-2.4061728,4.225766,-0.36041048,0.1160644,0.017104227
-7.9367785,-1.6472107,5.3558292,0.24556783,-0.0012217305,-0.04520403
-7.6829934,-2.0829554,5.650316,-0.24190263,-0.015882496,0.028099801
-7.821857,-2.1499932,5.547365,-0.029321533,-0.013439035,0.037873644
-7.6973586,-1.70946,5.3845596,0.25167647,0.17592919,-0.02443461
-8.12592,-1.3934253,4.0892963,0.062308256,0.06719518,0.039095376
-7.8649526,-2.4492683,5.5497594,-0.75869465,-0.2724459,0.014660766
-8.200141,-2.8179753,6.241684,0.0,0.26267207,0.21013765
-7.6853876,-2.0829554,3.976769,0.4642576,0.021991149,-0.03176499
-8.128315,-1.2378023,5.5856724,0.54367006,0.09773844,0.058643065
-8.178593,-3.3423057,4.4436383,-0.22602014,-0.03176499,0.029321533
-8.128315,-1.8148049,4.915296,0.23945917,0.02687807,-0.052534413
-8.4826565,-1.5634137,4.972757,0.30787608,0.112399206,0.0061086523
-7.93199,-2.3247697,4.8578353,-0.25411993,-0.49846604,-0.06719518
-7.302315,-2.5881321,5.4180784,0.061086524,-0.39461896,-0.45448375
-8.0924015,-7.2711906,6.873753,0.7672467,0.5510005,-0.089186326
-8.149862,-0.81402856,4.2544966,-1.2754866,0.7318166,0.8368854
-8.805874,0.58418524,4.7907977,1.2864822,0.40194935,0.41783184
-8.779537,2.0446482,2.2361844,0.44959682,0.28221974,0.21746802
-8.6095495,2.552219,3.5170822,0.12583824,-0.059864793,0.008552114
-8.690952,0.94092125,3.58412,-0.4605924,-0.02687807,-0.043982297
-8.801085,2.15957,3.3782187,0.28221974,0.042760566,0.02321288
-8.614338,2.2218192,3.3542767,-0.2602286,-0.15515977,0.019547688
-8.465898,1.2114661,3.8235402,-0.6389651,-0.09896017,-0.002443461
-8.6574335,2.1811178,3.9624038,0.51068336,0.096516706,0.009773844
-8.76996,1.8004397,2.9640217,0.004886922,-0.007330383,-0.07819075
-8.39886,1.7429788,4.156334,-0.1881465,-0.02443461,0.0842994
-8.645462,1.6136919,3.6463692,0.15760323,0.080634214,0.028099801
-8.887277,2.1284454,2.9759927,0.23701571,-0.0036651916,-0.12705997
-8.6813755,2.111686,3.6463692,-0.0036651916,-0.057421334,0.065973446
-8.535329,2.255338,4.1826706,-0.20891592,-0.08552113,0.02076942
-8.537724,1.8004397,3.1196449,0.1282817,0.07696902,-0.047647487
-8.544906,1.9393034,3.845088,-0.02076942,-0.08307768,0.019547688
-8.595184,2.5809495,3.3662477,0.30665436,-0.06352998,-0.019547688
-8.499416,1.7166426,3.5098996,0.057421334,0.17592919,-0.035430185
-8.702923,1.8579005,3.4213142,0.017104227,0.057421334,-0.03176499
-8.698134,3.1435869,2.980781,-0.31031954,-0.15515977,0.014660766
-8.564059,1.4197617,4.247314,0.08307768,0.080634214,-0.02076942
-9.093178,2.3127987,2.9400797,0.5864306,0.19914207,0.007330383
-8.760384,2.243367,2.7868507,-0.2602286,-0.105068825,-0.05375614
-8.674192,1.5227122,3.4955344,-0.35185838,-0.13805555,0.013439035
-9.349358,2.5378537,3.5936968,0.3885103,-0.09040806,0.018325957
-8.439561,2.4468741,3.1052797,0.28344148,-0.2406809,0.32253686
-7.321469,2.6192567,4.8458643,-0.2968805,-0.20525073,-0.12095132
-8.693346,2.8323407,3.8115692,0.15882497,-0.22113322,-0.036651913
-7.7931266,2.4875755,4.015076,0.267559,-0.34208453,0.2687807
-6.4260373,3.0142999,5.7125654,0.062308256,-0.12339478,0.09162979
-8.221688,3.5314474,4.8243165,0.17715092,0.034208454,-0.23701571
-7.953538,2.1332338,4.271256,0.12217305,0.0842994,0.021991149
-6.9120603,2.4061728,4.5513773,-0.3885103,0.112399206,-0.096516706
-8.3150625,1.5897499,4.9823337,-0.8026769,0.05497787,-0.4092797
-8.348581,0.59855044,5.379771,0.13316862,-0.23823744,-0.07086037
-6.691794,2.1906946,5.499481,1.5625933,-0.012217305,0.13194689
-8.413225,2.0398598,5.602432,0.9639453,-0.1881465,-0.13439035
-8.810662,3.2728736,4.120421,0.16249016,0.030543262,0.07696902
-6.981492,3.1387985,5.439626,0.034208454,0.017104227,0.26389378
-7.1730285,2.1523874,4.9440265,-0.14172074,-0.12461651,-0.10751228
-7.9702973,3.071761,5.1882353,0.28221974,0.07086037,-0.14782938
-8.166622,3.2393548,4.1252093,-0.111177474,0.0,0.06963864
-7.5704656,3.0478187,4.3143516,-0.09040806,0.06841691,0.07696902
-7.5968018,3.110068,5.5880666,-0.10873401,-0.0842994,-0.035430185
-7.85777,3.1028855,4.8722005,0.1881465,-0.04153884,-0.015882496
-6.8665705,1.412579,4.608838,-1.1252137,-0.2443461,-0.21746802
-9.01417,2.4109612,5.566519,0.38240165,0.32375857,0.04886922
-7.117962,2.5785553,4.584896,0.54000485,-0.12461651,0.14905111
-8.291121,4.5298295,4.6040497,-0.07086037,-0.2565634,0.09773844
-7.216124,3.2609026,5.221754,0.12950343,-0.05131268,0.037873644
-7.551312,3.9240966,3.8259344,0.35063666,0.089186326,0.042760566
-7.141904,3.7708676,4.345476,0.17104226,-0.040317107,0.002443461
-7.3765354,3.347094,5.243302,0.0061086523,-0.07086037,-0.19914207
-8.252813,4.9081135,4.915296,-0.66339964,-0.15149458,-0.15882497
-7.6135616,2.6072857,4.8147397,0.07696902,0.014660766,0.19547687
-6.9120603,3.8235402,5.0278234,-0.30787608,-0.16737708,-0.039095376
-7.524976,1.7980455,5.2241483,-1.6493362,-0.10262536,-0.1600467
-7.699753,-0.58418524,6.265626,-0.2968805,0.004886922,-0.21013765
-7.369353,1.472434,6.6965823,0.37507126,-0.065973446,0.07452556
-6.6870055,1.8028339,5.628768,-0.44959682,0.12095132,0.017104227
-7.065289,0.23702596,5.9304376,0.10629055,-0.015882496,-0.17837265
-7.920019,1.163582,6.2752028,0.267559,0.05131268,0.039095376
-7.443573,1.5705963,6.1985884,0.13439035,0.010995574,0.10629055
-7.1706343,0.61770403,5.899313,-0.103847094,0.019547688,0.014660766
-7.2951326,1.8579005,6.2632318,0.4202753,-0.03176499,-0.07819075
-8.094796,1.2737153,5.793968,-0.05131268,0.013439035,-0.032986723
-7.3645644,0.89543146,5.985504,0.21624629,0.04886922,0.07086037
-7.074866,1.3215994,5.8705826,0.0061086523,0.057421334,0.06841691
-7.2927384,1.0151415,5.5258174,-0.13927728,-0.064751714,-0.11728613
-7.9487495,1.661576,5.6527104,0.3286455,-0.04642576,-0.10751228
-7.6375036,1.2569559,5.4803276,-0.018325957,0.1160644,0.10751228
-7.3406224,1.5945383,5.90889,-0.07941248,0.034208454,0.081855945
-7.369353,2.4660277,5.81791,0.09285152,-0.081855945,-0.040317107
-7.5465236,1.7549498,5.770026,-0.010995574,0.07941248,-0.12217305
-7.5848308,1.8148049,3.5338416,-0.28955013,-0.12461651,-0.36041048
-7.1969705,2.2816741,5.731719,-0.88453287,-0.2773328,-0.24923302
-8.298303,-1.3623008,5.6790466,-0.8454375,0.09896017,0.0012217305
-8.159439,-0.93134445,3.691859,-2.1856759,-0.007330383,0.21624629
-6.8689647,-3.016694,6.931214,-0.9407325,-0.4166101,0.16493362
-6.9479733,-3.7014358,6.2488666,-0.12583824,-0.19303341,-0.012217305
-7.6614456,-2.4636335,5.8825536,-0.3042109,-0.06719518,-0.2406809
-7.773973,-2.657564,6.145916,0.87109387,0.035430185,0.38606682
-5.997475,-0.79248077,6.337452,1.2095132,0.013439035,0.25534168
-6.634333,-0.49320555,4.999093,-0.10140363,-0.09040806,-0.16126843
-7.275979,-1.1420342,6.7923503,0.34208453,0.056199603,-0.23090707
-7.1371155,0.62009823,6.409278,0.3640757,0.3481932,0.204029
-7.7069354,0.40462008,5.374983,0.3115413,-0.035430185,-0.014660766
-7.165846,0.48362875,6.4427967,-0.073303826,0.018325957,0.04642576
-7.192182,0.82599956,6.1100025,-0.3408628,0.03176499,-0.015882496
-7.228095,0.2825158,5.9783216,-0.408058,-0.07574729,0.0061086523
-7.144298,-0.21787235,6.5984197,-0.10140363,-0.05375614,-0.02687807
-7.489063,-0.59136784,6.2943563,-0.096516706,-0.030543262,-0.13072516
-7.809886,-0.37349546,6.801927,0.42638394,-0.07574729,0.073303826
-7.9272017,-0.01436521,5.9926867,-0.017104227,0.2125811,0.18081611
-5.961562,-0.3878607,5.8921304,-0.5375614,-0.07696902,0.043982297
-7.529764,-0.31364042,6.739678,0.16493362,-0.095294975,-0.26145032
-8.063671,-0.29209262,6.105214,0.5363397,0.112399206,0.2125811
-7.189788,0.2777274,5.6646814,0.032986723,0.0036651916,0.07452556
-7.0221934,0.090979666,6.2632318,-0.3481932,0.064751714,-0.10751228
-7.6973586,-0.016759412,6.9048777,-0.17470746,-0.042760566,-0.0036651916
-7.2233067,0.14844051,6.0381765,0.29932398,0.1001819,0.065973446
-6.9048777,-0.19153613,6.447585,0.062308256,-0.02443461,-0.018325957
-7.1371155,-0.007182605,6.3829417,-0.15882497,-0.080634214,-0.034208454
-6.8905125,-0.6703765,6.5146227,-0.14538592,-0.05375614,-0.089186326
-7.264008,-0.45250413,7.192182,0.07941248,0.042760566,-0.02321288
-7.656657,-0.46447513,6.1004257,0.35796702,0.111177474,0.08307768
-6.9647326,0.92416185,5.5138464,0.17104226,0.007330383,0.02687807
-7.089231,-0.30885202,5.422867,0.017104227,-0.09285152,-0.087964594
-7.2807674,0.5291186,6.945579,0.36774087,0.062308256,0.0
-7.905654,0.7565677,5.8442464,0.50701815,0.11362094,0.012217305
-7.422025,0.6703765,5.647922,0.26633725,0.028099801,0.08552113
-7.16824,0.08379706,6.196194,-0.48991394,-0.052534413,-0.058643065
-7.3909006,0.46926352,6.265626,-0.49480084,-0.09896017,0.02687807
-7.9248075,0.15083471,6.3685765,0.3371976,0.13805555,0.009773844
-7.153875,0.91458505,5.710171,0.4129449,0.029321533,0.17348573
-7.1155677,0.6943185,5.9543796,-0.0720821,-0.07941248,-0.09040806
-7.1227503,-0.35913026,5.9783216,-0.35430184,-0.057421334,-0.15515977
-7.704541,0.033518825,7.36217,-0.34208453,-0.27977628,-0.13316862
-7.587225,-0.82121116,6.1866174,0.17715092,0.50335294,0.37384954
-6.6750345,-0.260968,5.058948,-0.0036651916,-0.09040806,-0.14660765
-7.299921,0.2657564,6.1243677,0.17715092,-0.16982053,-0.13927728
-7.723695,0.21068975,6.7588315,-0.14782938,0.043982297,0.087964594
-6.8210807,0.1412579,5.8634,-0.1685988,0.010995574,0.05009095
-7.503428,0.36152446,6.019023,-1.1154399,0.02565634,-0.453262
-5.57849,-2.5881321,5.877765,-2.017077,-0.017104227,-0.8698721
-7.8386164,-7.261614,4.321534,-1.0885619,0.13072516,-0.5729916
-7.4124484,-4.6830587,5.985504,2.3554964,-0.07086037,0.8063421
-6.7372837,-0.35673606,5.6551046,1.7800614,-0.06841691,0.4361578
-7.1634517,-1.3479356,6.6247563,-0.15027285,0.10873401,0.2003638
-7.3286514,0.29688102,6.0956373,0.4886922,0.16493362,0.19181168
-7.4483614,-0.4261679,6.4858923,-0.061086524,0.15393804,0.028099801
-7.563283,-0.18674773,6.090849,0.29565877,0.07696902,0.073303826
-6.8665705,-0.01436521,7.041347,0.004886922,0.112399206,0.14172074
-8.0924015,0.34715924,5.9400144,-0.32742378,0.17348573,0.096516706
-7.491457,0.80445176,4.7046065,0.02443461,0.12461651,-0.014660766
-7.3286514,-0.7086837,6.6079965,-0.5009095,-0.27977628,-0.073303826
-8.042124,-0.6512229,5.674258,-0.13316862,0.13927728,-0.0061086523
-7.5106106,0.076614454,5.463568,-0.08307768,-0.11484267,0.019547688
-7.6614456,-1.2234371,6.835446,-0.33841935,-0.08552113,-0.0036651916
-7.9367785,-0.89543146,5.616797,0.5693264,0.23579398,0.12950343
-7.6829934,-0.80205756,5.41329,-0.008552114,-0.06841691,-0.02443461
-7.726089,-0.6464345,6.375759,-0.018325957,-0.05131268,-0.03176499
-7.800309,-0.36870706,6.3566055,0.29932398,0.06352998,0.004886922
-7.479486,0.6895301,5.363012,-0.021991149,-0.02687807,0.058643065
-7.2113357,-0.62488663,5.57849,-0.04886922,-0.09896017,-0.1563815
-6.9503675,0.07182605,6.9240313,0.344528,0.030543262,-0.14538592
-6.8641763,-1.1923125,7.893683,0.63041294,0.2724459,-1.0604621
-9.294291,-3.952827,5.08289,4.0036106,0.3555236,-0.5888741
-7.8170686,3.8115692,2.5929205,0.376293,1.0360274,1.0494665
-7.299921,6.1123967,2.1188686,-0.06963864,0.3555236,0.40439278
-7.393295,3.5936968,2.504335,-1.2644911,-0.089186326,0.042760566
-8.669404,4.295198,3.3063924,0.37018433,-0.1160644,0.015882496
-7.9750857,4.3478703,3.8522706,-0.40317106,0.043982297,0.039095376
-7.884106,3.1771057,2.657564,-0.39950588,-0.007330383,0.02687807
-8.4108305,4.2281604,4.027047,0.5131268,-0.1282817,-0.08674286
-8.271967,3.502717,3.1962593,-0.4251622,0.019547688,0.05131268
-7.501034,3.2680852,4.074931,0.032986723,-0.002443461,-0.015882496
-8.343793,3.4213142,4.0342298,0.13561209,-0.06841691,-0.06963864
-7.991845,3.3255463,3.916914,0.61208695,-0.002443461,0.0
-7.821857,3.596091,3.53863,-0.548557,0.058643065,0.04886922
-7.2233067,3.0693667,4.5920787,0.02565634,-0.21013765,-0.13927728
-9.263166,5.0996494,4.3047748,-0.21380283,0.13805555,0.081855945
-7.0102224,3.1292217,3.6104562,0.47769663,0.36774087,0.18081611
-7.1826053,3.6822822,4.024653,-0.31764993,-0.1563815,-0.012217305
-7.773973,2.5474305,5.0397944,-0.8735373,-0.6096435,-0.22724187
-8.839393,3.004723,4.927267,0.4361578,0.3481932,-0.065973446
-8.034941,2.3080103,3.6607344,-0.31520647,0.002443461,0.22724187
-7.3286514,3.3925838,4.3406878,0.25289822,-0.05497787,-0.13194689
-8.250419,3.4117374,4.5872903,0.28588495,0.019547688,0.012217305
-8.154651,2.6982653,4.486734,-0.2687807,0.029321533,0.112399206
-7.3765354,2.89459,4.268862,-0.34330627,-0.22724187,-0.14049901
-7.1610575,2.7485435,4.6686935,0.4886922,0.19792034,-0.16126843
-8.346188,-0.08619126,5.257667,-3.4428365,-0.15271631,-0.45937067
-8.226477,-2.6551697,4.2401314,-3.0836477,-0.29077184,0.42394048
-6.9599442,-2.2744915,6.4068837,0.66828656,0.1001819,0.19058995
-8.11395,-2.3415294,4.1683054,0.28955013,-0.032986723,-0.2565634
-7.3669586,-1.115698,6.0764837,-0.22357668,-0.039095376,0.014660766
-8.054094,-2.2984335,5.731719,0.28221974,0.10262536,0.037873644
-7.3406224,-1.6519991,5.1020436,0.5839872,0.096516706,-0.14049901
-8.042124,-1.8363527,5.269638,-0.5925393,-0.12583824,0.28221974
-7.2233067,-1.2593501,5.9783216,0.11728613,-0.09896017,-0.09896017
-8.300697,-1.163582,5.41329,0.39706242,-0.013439035,-0.13927728
-7.524976,-1.2880806,6.1650696,-0.29077184,-0.034208454,0.18570304
-7.819463,-1.4939818,4.960786,-0.12461651,0.042760566,0.04642576
-7.5082164,-2.420538,6.385336,-0.26633725,-0.18081611,-0.13561209
-8.109161,-2.4157495,6.054936,-0.017104227,0.22479841,0.119729586
-7.4627266,-0.6943185,4.685453,0.5412266,0.009773844,-0.02076942
-8.619126,-2.1212628,6.481104,-0.50335294,-0.204029,-0.02443461
-7.465121,-0.088585466,5.4922986,0.8588765,0.15149458,0.030543262
-7.867347,-1.0965444,4.8123455,0.15027285,-0.095294975,-0.1600467
-8.384495,-1.1133038,6.703765,0.07086037,0.14538592,0.05131268
-7.872135,-0.23942018,4.7548847,0.25534168,0.014660766,0.10873401
-7.587225,-0.7086837,5.6120086,-0.0061086523,-0.13194689,-0.1881465
-8.331821,-0.36870706,5.78918,0.034208454,0.16371189,0.12705997
-7.45315,-0.16519992,4.7548847,-0.28221974,-0.02565634,0.004886922
-7.917625,-0.6727707,5.257667,-0.26389378,0.017104227,-0.096516706
-8.611943,-0.4213795,5.638345,0.034208454,0.089186326,-0.09040806
-7.0126166,-0.7781156,6.9240313,0.31764993,-0.040317107,-0.13194689
-7.78355,0.2705448,4.534618,-0.28710666,-0.047647487,-0.07452556
-7.943961,-1.3479356,5.4180784,0.2919936,0.058643065,0.08674286
-8.396465,-0.8619126,4.8099513,-0.25411993,-0.07574729,0.09285152
-6.825869,-1.2473791,6.1100025,-0.3555236,-0.18448131,-0.0720821
-8.540117,-1.8770541,6.3111157,-0.03176499,0.07086037,-0.059864793
-7.7548194,0.08379706,4.876989,0.009773844,-0.0012217305,0.13805555
-6.6534867,-1.1923125,5.9304376,-0.05131268,-0.058643065,-0.13194689
-8.200141,-0.8451532,5.4899044,-0.1160644,-0.028099801,-0.103847094
-8.3150625,-0.5410896,5.741296,0.21135938,-0.04520403,-0.013439035
-7.644686,0.12449849,4.3981485,-0.32375857,0.02565634,0.06719518
-6.95755,-1.5586253,6.205771,-0.5326745,-0.10751228,-0.004886922
-8.588001,-0.9864111,5.849035,0.11484267,-0.012217305,0.018325957
-6.55293,-1.3072342,5.1116204,-0.46303585,-0.05009095,-0.047647487
-7.78355,-0.770933,6.495469,0.3359759,0.10629055,-0.3042109
-7.8505874,-1.0031705,5.291186,-0.6780604,0.33475417,-0.13194689
-7.740454,-4.0892963,4.663905,-3.363424,-0.10995574,-0.40194935
-7.371747,-6.3182983,3.9001546,-0.4569272,-0.12705997,-0.09285152
-8.966286,-6.6271505,4.6495395,3.1410692,-0.46181414,-0.25778514
-7.141904,-2.5067291,3.9264908,0.5693264,-0.54244834,1.1007792
-6.126762,2.3127987,7.204153,1.8668042,0.15149458,0.09896017
-6.0836663,3.1986535,5.710171,0.3481932,-0.06963864,-0.07574729
-6.588843,1.8626889,6.0597243,-0.8588765,-0.08674286,-0.18081611
-6.667852,3.6343982,6.8641763,-0.08307768,0.07452556,-0.018325957
-6.6391215,1.8507179,6.2464724,0.66950834,0.18692477,-0.04886922
-7.3310456,2.5689783,6.2129536,0.874759,0.21868975,0.2284636
-6.114791,5.3199162,4.6232033,-0.73426,0.0036651916,0.23701571
-7.4244194,3.071761,5.0637364,-0.10629055,0.10629055,0.09162979
-7.52737,3.4141316,5.0397944,0.28099802,0.019547688,-0.013439035
-6.409278,3.277662,6.564901,-0.2443461,0.017104227,-0.010995574
-7.723695,1.9895816,5.118803,-0.15393804,-0.04642576,-0.040317107
-6.789956,3.095703,5.60722,0.05131268,-0.02443461,0.013439035
-6.9838862,2.7102363,6.361394,0.17592919,0.0,-0.07941248
-7.479486,2.566584,5.604826,0.516792,0.04642576,0.039095376
-6.5864487,2.4133554,6.2632318,0.12095132,0.14538592,0.07086037
-6.969521,2.9831753,5.803545,-0.119729586,-0.25167647,-0.05131268
-6.6295447,3.1268275,6.1938,-0.13072516,-0.058643065,-0.034208454
-6.9743094,2.741361,5.7987566,-0.21746802,-0.10140363,-0.0012217305
-6.196194,2.6001031,6.172252,0.25045475,0.010995574,-0.02076942
-7.2089415,2.480393,5.7365074,-0.04153884,0.0012217305,-0.052534413
-7.201759,2.932897,6.1985884,-0.03176499,0.056199603,0.007330383
-6.6175733,3.6774938,5.2600613,-0.8393288,-0.24190263,-0.11728613
-5.2600613,0.7541735,6.9838862,-0.74281216,-0.3371976,-0.56321776
-7.7667904,0.107739076,6.184223,-0.5546656,-0.2932153,-0.34330627
-6.6630635,0.5386954,7.285556,0.95905846,0.13316862,-0.18081611
-6.528988,1.5993267,5.602432,0.7049385,0.12339478,0.030543262
-8.0445175,2.3295584,4.7524905,0.16493362,0.105068825,0.080634214
-6.167464,2.4995465,5.9759274,0.14782938,0.05497787,0.009773844
-7.350199,2.066196,5.6096144,-0.204029,-0.04886922,-0.12095132
-7.309498,3.071761,5.434838,0.10751228,0.07574729,0.0720821
-6.4260373,1.9057846,6.205771,-0.034208454,-0.002443461,-0.034208454
-7.785944,2.1547816,5.4803276,-0.20158553,-0.013439035,-0.08674286
-6.7684083,2.6982653,6.126762,0.05131268,0.14905111,0.16493362
-7.189788,2.657564,5.4324436,-0.26511553,-0.13805555,-0.11362094
-7.723695,3.3063924,5.3342814,-0.3042109,0.16615535,0.1600467
-6.6870055,1.6160861,6.9264255,0.22724187,-0.052534413,-0.073303826
-7.3885064,2.4516625,5.8226986,0.45937067,0.010995574,0.103847094
-7.920019,1.8602947,4.522647,-0.37507126,-0.16737708,-0.05131268
-6.457162,1.043872,7.1730285,0.54611355,-0.112399206,-0.16493362
-7.405266,2.3894134,5.849035,0.3885103,0.032986723,0.02687807
-6.9144545,2.303222,5.997475,0.10873401,0.096516706,0.02076942
-6.9000893,2.3678656,6.5625067,0.12461651,0.0012217305,-0.02076942
-7.041347,3.0262709,4.9344497,-0.10751228,0.10140363,0.111177474
-6.691794,2.932897,6.6295447,0.43493605,-0.056199603,-0.0842994
-7.896077,2.4612393,6.265626,0.3042109,-0.07452556,0.0012217305
-6.754043,3.3662477,5.33907,-0.45570546,0.06963864,0.111177474
-6.327875,3.1723173,5.647922,0.5558874,0.02321288,-0.172264
-8.602366,3.9480386,5.583278,-0.5216789,-0.002443461,-0.042760566
-6.217742,0.10055647,5.5042696,-2.7721064,-0.09285152,0.008552114
-7.905654,-1.9201498,3.9384618,-1.6334536,-0.3115413,-0.4447099
-6.0836663,-4.7022123,6.777985,-0.874759,-0.4605924,0.6976081
-6.0956373,-2.731784,7.8888946,-0.06841691,-0.034208454,-0.017104227
-6.327875,-2.791639,5.518635,2.4459045,0.52778757,0.07086037
-7.57286,1.6256629,4.8578353,0.82833326,0.118507855,0.16737708
-7.383718,0.4261679,5.094861,-0.11728613,-0.02443461,0.13316862
-6.5816603,0.4309563,7.089231,-0.37384954,0.061086524,0.058643065
-7.656657,-1.4676456,6.301539,0.57787853,0.10140363,-0.16126843
-6.6486983,0.46686932,6.184223,0.46914452,-0.0012217305,0.10140363
-6.7803793,-0.2657564,7.347805,-0.25167647,-0.18081611,-0.08674286
-7.4028716,-0.1412579,6.3542113,0.03176499,0.14294247,0.1160644
-7.477092,0.20590134,6.136339,0.47158796,0.032986723,-0.040317107
-6.6534867,1.1492168,6.2129536,-0.36774087,-0.20525073,-0.043982297
-7.433996,0.050278235,6.1004257,-0.18203785,0.002443461,-0.047647487
-8.085219,0.10055647,6.2129536,0.29443705,0.036651913,-0.0012217305
-6.279991,-0.51235914,6.4140663,-0.43249258,-0.05497787,0.09773844
-7.3909006,0.1316811,6.658275,0.25411993,0.02321288,-0.11362094
-7.807492,0.1604115,5.93762,0.28955013,0.03176499,0.057421334
-6.813898,0.4357447,5.4563856,-0.13805555,-0.05375614,0.015882496
-7.005434,-0.15322891,6.679823,-0.16493362,0.02687807,-0.07696902
-7.524976,0.17956513,6.6295447,0.35063666,0.07574729,0.05009095
-7.6231384,0.46208093,5.604826,0.08674286,-0.062308256,-0.002443461
-6.8881183,0.25139117,6.706159,-0.004886922,-0.0842994,-0.08552113
-7.7428484,-0.34955344,6.9120603,0.63407815,0.111177474,0.07941248
-6.6774287,1.1300632,7.3789296,0.9126327,0.02443461,-0.27122417
-7.374141,-0.9696517,5.8681884,0.105068825,-0.029321533,-0.77213365
-8.717288,-1.0845734,4.9775453,1.4697418,0.018325957,0.27122417
-6.8881183,1.3790601,6.787562,-0.46181414,0.040317107,0.2687807
-7.48188,1.5682021,6.2105594,0.5448918,-0.062308256,0.18570304
-6.5936313,1.6232687,5.5401826,0.19181168,-0.03176499,0.09773844
-7.3406224,2.0733786,5.604826,-0.0061086523,-0.062308256,-0.15515977
-7.8290396,1.9608512,6.6750345,0.21380283,0.13927728,0.057421334
-7.357382,2.171541,4.795586,0.6658431,0.080634214,0.2602286
-7.3885064,1.8148049,6.8330517,-0.36896262,-0.28710666,-0.1685988
-7.455544,2.765303,5.08289,0.04520403,0.3408628,0.047647487
-7.0581064,1.7190368,5.9807158,0.19181168,-0.13316862,-0.10262536
-7.359776,2.468422,5.0493712,-0.2284636,0.07086037,0.019547688
-7.4627266,1.9177556,5.81791,0.17104226,-0.087964594,-0.07574729
-7.429208,1.7597382,5.8921304,-0.12217305,0.13561209,0.09407325
-7.9463553,2.0494366,4.0318356,0.040317107,-0.043982297,0.056199603
-7.0820484,1.7262194,6.3111157,-0.31398472,-0.15882497,0.07941248
-8.11395,2.1140802,5.5401826,-0.2321288,0.06719518,-0.008552114
-7.345411,1.4580688,5.073313,0.24678956,-0.014660766,0.1685988
-7.0700774,1.448492,5.995081,-1.070236,-0.19792034,-0.028099801
-7.690176,1.9512744,6.3302693,-0.07941248,0.0720821,-0.02443461
-7.101202,1.520318,5.0661306,0.35796702,0.021991149,0.12950343
-6.8881183,1.8267759,5.6407394,-0.07696902,-0.08552113,-0.103847094
-7.5345526,2.4756045,6.2249246,0.0842994,0.09407325,0.07819075
-7.381324,1.8387469,4.663905,0.103847094,0.073303826,0.28099802
-7.16824,1.3718776,5.913678,-0.6560693,-0.14905111,-0.021991149
-7.587225,2.0350714,6.658275,0.19547687,0.009773844,-0.014660766
-6.7253127,1.9608512,5.5497594,0.036651913,0.04642576,0.07941248
-6.7731967,1.6160861,6.1530986,-0.46181414,-0.14538592,-0.087964594
-7.3525934,1.4748282,6.727707,0.23457226,-0.036651913,-0.061086524
-7.1490865,1.6160861,5.544971,0.3494149,0.13927728,-0.007330383
-6.9647326,1.6783354,5.6120086,0.22602014,-0.11484267,-0.10995574
-7.359776,1.2210429,5.803545,-0.030543262,-0.04642576,-0.10140363
-7.728483,1.115698,5.7867856,-0.13561209,0.058643065,0.008552114
-6.873753,1.4556746,5.2026005,-0.062308256,-0.010995574,-0.07819075
-7.6614456,1.5705963,6.181829,-0.27122417,0.23579398,0.010995574
-6.8043213,1.1851299,5.2720323,0.058643065,-0.12705997,-0.09896017
-7.07726,2.657564,5.8322754,0.19303341,0.062308256,-0.05131268
-7.0700774,1.9728222,6.143522,-0.6267477,0.002443461,-0.064751714
-7.764396,1.067814,6.1004257,1.4514158,-0.36285394,-1.4159856
-8.118738,0.866701,5.255273,1.4575244,0.10873401,0.0
-6.919243,2.7389667,6.9048777,-0.7281514,0.6243043,0.9822713
-6.6846113,3.6846764,6.315904,0.05009095,0.45081854,0.5216789
-7.314286,3.2968156,4.309563,0.6133087,0.25778514,0.21502456
-7.4004774,4.9559975,3.5482068,0.55955255,0.33964106,0.32498032
-7.3525934,4.5657425,3.857059,0.79290307,-0.036651913,0.11484267
-7.762002,5.2887917,3.1794999,0.22235495,0.087964594,0.040317107
-7.357382,6.205771,1.520318,-0.47525316,0.0061086523,-0.015882496
-6.8043213,4.685453,3.9935284,0.44348818,-0.118507855,-0.0036651916
-7.517793,5.523423,3.083732,0.089186326,0.032986723,-0.02443461
-7.431602,4.6710877,3.7181952,-0.064751714,0.05009095,0.061086524
-6.447585,5.3941364,3.6822822,-0.4654793,-0.064751714,-0.019547688
-7.702147,5.9902925,3.074155,-0.047647487,0.07086037,-0.08674286
-7.381324,4.795586,3.0478187,-0.17348573,0.0842994,0.09285152
-6.8809357,4.6686935,3.86903,-0.27366763,-0.07574729,-0.09162979
-8.003817,5.415684,3.9360676,0.4288274,-0.17470746,-0.06719518
-7.429208,4.9057193,4.132392,-0.32253686,0.23945917,0.07696902
-6.2991447,4.663905,3.7229836,0.13927728,-0.07941248,-0.036651913
-7.7811556,5.9926867,4.156334,0.32986724,-0.18692477,-0.07086037
-7.6015906,5.391742,3.6176388,-0.16982053,0.408058,0.172264
-6.50744,3.9911342,4.232949,-0.8503244,-0.03176499,0.019547688
-7.273585,5.4061074,3.6296098,-0.97127575,-0.18325958,-0.09040806
-6.993463,3.1651347,4.1180267,-1.3206906,0.058643065,-0.040317107
-7.2783732,3.881001,3.6272156,-1.7299703,-0.1966986,-0.017104227
-6.9240313,1.7142484,6.706159,-0.02565634,0.07574729,-0.17715092
-7.467515,2.528277,5.8825536,0.8038987,0.02687807,0.07819075
-7.357382,1.9081788,5.470751,-0.3640757,0.008552114,0.07941248
-6.6486983,2.8323407,5.279215,0.6939429,-0.013439035,-0.07941248
-7.1059904,2.8874073,4.865018,0.376293,-0.014660766,0.009773844
-7.3765354,3.8187518,5.8322754,-0.096516706,-0.21868975,-0.2968805
-7.089231,-1.9129672,6.7348895,-1.7018706,-0.07696902,-0.7049385
-7.9846625,0.79966336,5.48751,0.829555,0.1563815,-0.02076942
-7.5465236,2.3774424,6.172252,0.20158553,0.002443461,0.02565634
-7.228095,-0.2753332,5.118803,-0.36163223,-0.10262536,-0.058643065
-6.9168487,0.9672575,6.9360023,0.4373795,0.058643065,-0.0012217305
-7.9224133,0.4189853,6.229713,0.5864306,-0.087964594,-0.034208454
-7.5824366,1.0103531,6.205771,0.13439035,0.047647487,0.10873401
-6.5337763,0.91219085,5.865794,0.09040806,0.11484267,-0.1282817
-7.419631,1.5466543,6.339846,0.47647488,-0.119729586,-0.12339478
-7.795521,2.4349031,6.9527617,0.11362094,-0.13561209,-0.056199603
-6.9168487,1.7142484,6.0118403,1.1997393,0.39950588,0.08552113
-7.273585,3.7804444,4.4196963,-0.40439278,-0.28221974,-0.035430185
-7.3047094,2.087744,5.961562,-0.77579886,-0.112399206,-0.02076942
-6.777985,1.1563994,5.935226,0.43249258,0.08307768,-0.030543262
-7.9583263,2.801216,5.705383,0.24190263,-0.018325957,-0.035430185
-7.2233067,3.371036,6.05733,-0.6365216,0.103847094,0.23945917
-6.859388,2.135628,4.6375685,-0.6010914,-0.13561209,-0.095294975
-7.632715,1.7836803,5.9783216,-0.059864793,0.047647487,-0.14538592
-7.979874,2.432509,4.939238,0.07452556,0.056199603,0.10140363
-6.7253127,2.2744915,5.535394,-0.29443705,-0.07941248,-0.013439035
-7.699753,2.135628,5.791574,-0.28221974,-0.047647487,-0.105068825
-7.4603324,1.508347,5.57849,0.21135938,-0.02565634,0.07941248
-6.5361705,1.9416976,4.8123455,-0.5510005,-0.007330383,-0.034208454
-7.52737,2.147599,6.43322,0.46792278,-0.08307768,-0.12095132
-7.551312,2.5354595,6.1004257,0.1685988,-0.062308256,0.13927728
-6.0477533,3.1842883,4.96318,-0.73914695,0.10629055,0.13316862
-8.080431,2.078167,6.9168487,-0.23701571,-0.04886922,-0.17104226
-6.6989765,2.8754363,3.892972,-0.32498032,-0.35430184,-0.18692477
-6.7372837,2.9951463,6.9264255,1.9168952,-0.30176744,-0.2125811
-6.667852,4.745308,5.4899044,0.17470746,-0.15149458,-0.118507855
-6.71813,4.1802764,4.225766,-0.10629055,-0.039095376,-0.2406809
-7.6973586,-0.20590134,6.1626754,-2.983466,0.015882496,-0.21991149
-8.59279,0.61770403,5.523423,-0.33841935,0.18325958,0.5412266
-6.411672,-0.035913024,7.129933,0.1600467,0.111177474,0.6035349
-7.690176,0.5722142,5.7029886,0.61819565,0.0061086523,0.07086037
-6.969521,1.8004397,5.2121773,0.344528,-0.062308256,-0.07696902
-8.765172,0.8283938,6.7324953,0.0036651916,0.12339478,-0.11362094
-7.644686,2.3223755,4.6902413,0.71837753,0.073303826,0.25045475
-6.9767036,1.6208745,5.425261,-0.19547687,-0.039095376,0.004886922
-8.001422,1.6184803,5.849035,0.08674286,0.0036651916,-0.065973446
-7.5106106,1.3814543,5.693412,0.1685988,-0.04886922,-0.105068825
-7.9152308,1.8004397,5.3342814,0.44715336,0.042760566,0.002443461
-7.723695,1.6256629,6.241684,0.13683382,0.09407325,0.22968534
-7.017405,2.1978772,4.7524905,-0.07941248,-0.010995574,-0.019547688
-7.8529816,1.8148049,5.853823,0.33108896,-0.021991149,-0.17592919
-7.989451,1.5849615,6.244078,-0.032986723,0.0720821,0.14172074
-6.7564373,1.9752164,4.5561657,0.02687807,-0.05375614,0.017104227
-7.548918,2.0350714,5.777209,0.09896017,-0.073303826,-0.15515977
-8.106767,0.5410896,6.232107,-0.10629055,0.03176499,0.07819075
-6.775591,1.283292,5.303157,0.0012217305,0.06963864,0.119729586
-7.716512,1.9847932,4.939238,0.039095376,-0.05009095,-0.073303826
-8.516175,1.1085154,6.5026517,-0.20647246,0.12339478,0.12950343
-6.777985,2.315193,4.4699745,0.061086524,0.05009095,0.0720821
-7.6614456,1.9009962,5.209783,-0.07574729,-0.14905111,-0.21380283
-8.032547,1.934515,5.815516,0.05497787,0.039095376,0.017104227
-6.8522053,1.4939818,4.759673,0.021991149,0.13439035,0.096516706
-8.226477,1.8866309,4.4364557,-0.1881465,-0.07574729,-0.28221974
-7.884106,2.2098482,6.4260373,0.0,0.1881465,0.1160644
-6.9623384,1.6639702,4.4364557,0.080634214,0.05009095,0.04153884
-8.456321,0.4237737,5.6096144,-0.26145032,-0.28955013,0.06352998
-7.2424603,0.21308395,6.6510925,-0.61819565,-0.10262536,0.06352998
-6.6295447,0.34955344,6.4499793,-0.16249016,-0.0012217305,0.06841691
-7.4483614,0.3184288,7.005434,0.4447099,0.02076942,-0.15271631
-7.845799,0.22744916,5.535394,-0.56688297,-0.10140363,-0.080634214
-7.101202,1.4173675,6.155493,0.1966986,0.17959438,0.058643065
-7.1347213,1.4987702,5.9400144,-0.09040806,-0.010995574,0.103847094
-8.377312,-0.41180268,6.2105594,-0.54000485,-0.018325957,-0.09040806
-7.398083,0.8643068,6.289568,0.593761,0.13683382,0.029321533
-7.501034,1.5490485,4.8482585,0.02687807,0.20647246,0.118507855
-7.735666,2.1284454,5.281609,0.21135938,-0.118507855,-0.1563815
-8.11395,1.6567876,6.0046577,0.17959438,0.1001819,0.040317107
-7.3885064,1.5897499,5.461174,0.07819075,0.096516706,0.08307768
-7.52737,1.6256629,5.592855,-0.28955013,-0.10995574,0.017104227
-8.030152,1.4772224,5.6335564,0.09773844,-0.0842994,-0.09162979
-7.908048,1.5227122,5.3079453,-0.009773844,0.089186326,0.014660766
-7.560889,1.4293385,4.5034933,-0.09773844,0.0012217305,-0.11362094
-8.14268,1.7022774,5.9663506,-0.5522222,-0.13805555,-0.010995574
-7.587225,0.7206547,5.9400144,0.26267207,0.004886922,0.034208454
-7.393295,1.0510546,5.6431336,-0.10140363,0.03176499,-0.008552114
-7.7332716,1.1803415,5.683835,0.18692477,-0.15882497,-0.12950343
-7.8769236,0.8571242,6.4787097,0.23701571,0.095294975,0.06719518
-7.249643,0.6440403,4.7070007,-0.31520647,0.06963864,-0.018325957
-7.345411,1.4748282,5.949591,0.17715092,-0.19181168,-0.12339478
-8.11395,1.2378023,5.5282116,-0.118507855,0.14905111,0.0061086523
-7.6734166,1.328782,5.925649,0.2602286,0.17348573,0.09162979
-7.359776,1.2856863,5.6886234,-0.10751228,-0.05131268,0.002443461
-8.576031,1.4317327,5.279215,-0.12095132,-0.0720821,-0.16982053
-7.704541,1.2162545,5.8634,0.09162979,0.12705997,0.09407325
-6.8186865,1.1851299,5.145139,-0.119729586,-0.02321288,-0.062308256
-7.809886,0.40701428,6.021417,-0.8686504,-0.09285152,-0.12583824
-8.018182,-0.35673606,6.811504,-0.84299403,0.032986723,0.10873401
-7.6375036,-1.2904748,5.971139,-0.36041048,0.1563815,0.22724187
-7.69257,0.023942016,5.1906295,-0.3640757,0.1600467,0.23701571
-8.240842,-0.110133275,4.996699,-0.03176499,-0.04520403,-0.118507855
-8.324639,-0.56982,5.6096144,0.064751714,-0.20891592,-0.12095132
-7.4866686,-0.7206547,5.461174,0.2443461,0.14660765,0.16982053
-7.4842744,-0.6512229,5.2720323,-0.087964594,-0.056199603,-0.034208454
-8.880095,0.1340753,5.5641246,-0.28344148,-0.13316862,-0.12217305
-7.524976,-0.5674258,5.461174,-0.004886922,0.05131268,0.16737708
-7.560889,-0.6512229,5.2049947,-0.032986723,0.04153884,0.035430185
-8.631097,-0.34237084,4.8482585,-0.45570546,-0.1160644,-0.0720821
-7.764396,-0.5410896,6.1626754,-0.3555236,-0.10751228,0.2687807
-7.4962454,-0.93852705,4.9943047,-0.31520647,0.015882496,0.12095132
-7.553706,-0.9672575,5.949591,-0.10140363,-0.056199603,-0.015882496
-8.157045,-1.0199299,5.7724204,0.018325957,-0.10995574,-0.12217305
-7.4746976,0.093373865,4.9176903,0.12461651,0.010995574,0.065973446
-7.2065473,-0.7733272,5.657499,-0.017104227,-0.06352998,-0.0061086523
-8.468291,-0.5482722,5.758055,-0.002443461,0.0036651916,-0.13316862
-7.5848308,-1.0893618,6.033388,0.06719518,-0.012217305,0.14049901
-7.2783732,-0.8499416,5.461174,0.25289822,0.021991149,0.018325957
-8.611943,-0.5722142,5.755661,-0.29077184,-0.009773844,-0.07574729
-8.087613,-1.0079589,5.3103395,0.14172074,-0.13927728,-0.058643065
-7.2185183,0.61530983,5.12838,0.3323107,0.09040806,0.010995574
-7.5800424,-0.5291186,5.671864,-0.36774087,-0.06963864,0.04153884
-8.329428,-0.50278234,5.849035,0.10751228,-0.07452556,-0.10140363
-7.656657,-1.4101849,6.4547677,0.12950343,0.013439035,0.064751714
-7.3166804,-0.533907,5.267244,0.15515977,0.080634214,-0.017104227
-7.8912888,-0.62009823,5.533,-0.204029,-0.034208454,-0.1160644
-8.504205,-0.7661445,5.765238,0.09407325,0.034208454,-0.018325957
-7.515399,-1.0773908,6.172252,0.02321288,0.042760566,0.06719518
-7.422025,-0.51475334,5.374983,0.021991149,0.010995574,-0.04153884
-7.61835,-0.6703765,5.801151,0.103847094,-0.043982297,-0.07696902
-7.8984714,-0.24181437,5.7365074,0.20280726,0.019547688,-0.05375614
-7.8625584,-0.90021986,5.7604494,-0.19181168,0.037873644,0.04520403
-7.1395097,-0.6631939,5.48751,0.057421334,0.012217305,-0.014660766
-7.8410106,-0.641646,5.4922986,0.06352998,-0.06963864,-0.20769419
-7.8050976,-0.78290397,6.126762,0.312763,-0.07086037,-0.047647487
-7.61835,-0.6727707,5.4300494,0.376293,-0.014660766,-0.039095376
-7.560889,-0.62488663,6.019023,0.013439035,0.007330383,0.06963864
-7.929596,-0.9696517,5.985504,0.13194689,0.04886922,-0.10751228
-7.728483,0.320823,5.4779334,0.23090707,-0.009773844,-0.042760566
-7.651869,-0.7182605,6.2704144,0.28099802,-0.039095376,-0.07941248
-7.2113357,-0.29448682,5.580884,0.09407325,0.112399206,-0.15393804
-7.4842744,0.32800564,6.325481,0.23701571,0.07941248,-0.25778514
-8.1402855,-0.6512229,5.5377884,0.172264,0.021991149,0.05009095
-8.441956,0.1412579,4.757279,0.2321288,0.13194689,0.11728613
-7.6590514,-0.7134721,5.815516,-0.36163223,0.15760323,0.31398472
-8.564059,-0.7086837,5.6407394,0.37140608,0.5448918,0.12095132
-7.548918,0.60573304,3.7062242,-0.15515977,0.02321288,0.043982297
-8.7771435,-0.14604631,5.1571107,-1.0775663,-0.02321288,-0.036651913
-8.602366,-0.4357447,4.9464207,0.03176499,0.04886922,0.35308012
-7.7308774,-0.23463176,4.7261543,0.04886922,-0.061086524,0.26389378
-8.236053,0.7302315,4.793192,-0.2968805,-0.2284636,0.061086524
-8.523358,0.8283938,5.3127337,0.059864793,-0.09040806,0.035430185
-7.6734166,0.5291186,5.391742,0.27000242,0.087964594,0.15393804
-7.6111674,0.80445176,4.247314,0.081855945,0.02076942,0.034208454
-8.647857,1.127669,5.1930237,-0.096516706,-0.12583824,-0.23335053
-8.042124,0.4165911,5.8322754,0.20280726,0.16249016,0.112399206
-7.491457,1.1204864,3.8546648,-0.13561209,0.064751714,0.20647246
-8.829816,1.2641385,3.916914,-0.13805555,-0.10873401,-0.22968534
-8.202535,0.4285621,6.208165,0.26633725,0.16615535,0.13683382
-7.321469,0.90500826,3.9959226,-0.15882497,0.0036651916,0.16126843
-8.635885,0.9648633,5.106832,0.17104226,-0.013439035,-0.18081611
-8.456321,0.6607997,5.755661,-0.04886922,-0.14294247,0.05131268
-7.8505874,1.0007763,5.0254292,0.20280726,0.16126843,0.04153884
-8.243237,1.8794483,4.3502645,0.9810496,-0.28710666,-0.47647488
-6.8306575,0.93373865,6.576872,0.33353242,-0.15149458,-0.6621779
-8.7125,-1.0606314,5.9184666,3.0469959,-0.13194689,-0.3286455
-7.9846625,1.7262194,3.9552212,1.5039502,0.6169739,0.5338962
-7.9702973,4.546589,-0.4261679,0.10262536,0.37873647,0.6719518
-7.141904,5.1259856,0.01436521,-0.25411993,-0.19303341,0.073303826
-8.157045,6.2728086,1.5873557,0.16126843,-0.0012217305,0.16126843
-6.4140663,5.925649,3.277662,1.0360274,0.04642576,0.010995574
-7.517793,5.985504,3.0095115,0.58276546,-0.14049901,-0.056199603
-8.346188,5.9783216,1.0630256,-0.13561209,0.10751228,0.0842994
-6.38773,5.4803276,1.9847932,-0.047647487,0.061086524,0.004886922
-7.1107793,5.3342814,3.2848446,-0.064751714,-0.02565634,-0.2602286
-8.429984,5.7484784,2.1523874,0.7965683,-0.010995574,0.056199603
-7.2185183,4.7189717,2.3247697,-0.37018433,0.12339478,0.1600467
-6.8330517,5.2983685,2.7461493,-0.5534439,-0.13927728,-0.11484267
-8.255207,6.0645127,2.7365725,0.26633725,0.017104227,-0.06352998
-8.025364,5.422867,1.2785037,-0.06963864,-0.014660766,0.22724187
-6.2847795,5.092467,2.825158,-0.6389651,-0.052534413,-0.05131268
-7.941567,5.6215854,3.3734303,0.65484756,-0.02565634,-0.1600467
-7.9224133,5.3127337,2.5234885,0.53023106,0.015882496,0.1001819
-6.885724,5.020641,2.9496565,-0.50701815,0.09040806,0.08552113
-6.945579,5.106832,3.394978,-0.21746802,-0.08674286,-0.1600467
-8.317456,5.118803,3.1555579,0.19425514,0.03176499,-0.032986723
-7.764396,4.4819455,1.6089035,-0.37751472,0.07696902,0.18325958
-6.600814,5.2959743,3.071761,-0.27366763,0.061086524,-0.07574729
-8.214506,5.379771,2.9161377,0.13316862,-0.06963864,-0.1441642
-7.7907324,5.463568,1.9249382,0.0720821,0.0720821,0.09162979
-7.491457,4.656722,2.6503813,-1.0384709,0.02687807,0.172264
-7.252037,4.1036615,3.4500446,-0.8527679,-0.2003638,-0.13194689
-7.5201874,4.402937,4.699818,0.4092797,0.019547688,-0.16493362
-8.259995,4.1132383,3.1364043,0.2932153,-0.030543262,0.062308256
-7.089231,4.4939165,3.6846764,-0.112399206,0.029321533,0.073303826
-7.501034,4.247314,4.6112323,0.07696902,-0.02076942,-0.087964594
-8.123527,4.3406878,3.2010477,0.42271876,0.017104227,-0.008552114
-7.074866,5.2169657,3.25372,-0.22968534,-0.14049901,-0.06352998
-8.815451,3.1292217,3.6343982,-0.9798279,-0.087964594,-0.2883284
-7.680599,3.3399115,5.21936,-1.2229522,-0.05497787,-0.040317107
-7.153875,1.0271125,7.3190746,-0.81245077,-0.3042109,0.16249016
-7.2065473,0.2633622,5.8562174,-0.5522222,0.20769419,0.118507855
-6.1004257,1.0079589,7.0700774,0.87109387,-0.22602014,-0.08552113
-9.344569,2.2481554,5.7963624,0.112399206,0.19303341,0.14782938
-6.739678,1.7238252,4.6399627,0.15027285,-0.014660766,0.26511553
-7.0700774,2.942474,6.95755,1.0641272,-0.035430185,-0.16371189
-8.418014,3.1244333,5.949591,0.52778757,0.10873401,0.19181168
-7.017405,1.8914193,4.5322237,-0.7476991,-0.05009095,0.07574729
-7.0126166,1.9895816,5.971139,-0.20891592,0.11484267,-0.21746802
-8.3150625,2.8443117,4.5872903,0.643852,0.064751714,0.18448131
-6.658275,3.2225955,4.9679685,-0.5021312,-0.15515977,0.11362094
-8.106767,2.0973208,6.3422403,0.7464773,0.021991149,-0.13072516
-8.322245,3.3039982,5.66947,0.017104227,-0.017104227,0.09773844
-6.244078,3.193865,5.5976434,-0.18936823,0.17837265,0.14049901
-7.675811,3.0597897,6.129156,0.49113566,0.073303826,-0.19425514
-7.795521,3.394978,5.130774,-0.16249016,0.0036651916,0.036651913
-6.8785415,2.5498247,5.0613422,-0.14294247,0.09040806,0.07086037
-7.1849995,3.1148565,6.4380083,0.35308012,0.056199603,0.05131268
-8.62152,2.2218192,4.486734,-0.19303341,-0.14660765,-0.058643065
-7.1107793,3.1364043,5.947197,0.41538838,0.09407325,0.13683382
-7.6015906,2.930503,4.912902,-0.18570304,0.0,0.04520403
-6.9168487,3.1364043,5.499481,-0.04886922,-0.13561209,-0.02565634
-7.587225,2.2529438,4.8817773,0.18936823,-0.019547688,-0.13439035
-7.445967,2.6192567,5.4061074,0.02321288,0.04886922,0.10629055
-6.9240313,2.932897,5.1475334,-0.08552113,0.0842994,-0.07086037
-7.821857,2.6144683,4.9105077,1.001819,0.073303826,0.018325957
-7.1155677,5.269638,3.8163576,0.7110472,0.16615535,0.13439035
-7.908048,6.160281,3.040636,0.25045475,0.20525073,0.37018433
-6.8809357,5.6215854,2.7940333,-0.3885103,0.080634214,0.16982053
-7.1371155,5.1259856,1.4939818,-0.3885103,0.081855945,-0.030543262
-7.61835,5.3845596,2.3989902,0.58276546,-0.061086524,0.05009095
-7.0581064,5.5258174,3.028665,0.4886922,-0.12461651,-0.043982297
-7.120356,5.0302176,3.2513258,0.54244834,-0.014660766,-0.04886922
-7.5225816,4.841076,3.4213142,-0.04520403,0.028099801,0.015882496
-7.249643,4.8147397,2.066196,-0.7696902,-0.02687807,-0.014660766
-7.551312,5.5521536,3.2393548,-0.312763,0.1160644,-0.05131268
-7.28795,4.630386,3.6248214,-0.45204028,-0.10873401,0.0061086523
-7.666234,5.1259856,2.8299465,0.6768387,-0.07941248,0.02687807
-7.3071036,5.2026005,3.8235402,0.08307768,0.043982297,-0.06841691
-7.5106106,4.27365,2.5210943,-0.36163223,0.0061086523,-0.015882496
-7.065289,5.410896,3.9121256,0.45570546,-0.028099801,-0.0036651916
-7.501034,5.628768,2.882619,-0.17104226,-0.030543262,0.043982297
-7.0221934,4.3502645,3.6415808,-0.30909783,0.12339478,-0.040317107
-7.2089415,4.8243165,4.4556093,-0.18570304,-0.07574729,-0.073303826
-7.3669586,5.269638,3.7445314,0.034208454,-0.043982297,-0.02443461
-7.445967,5.1379566,4.0222588,0.008552114,-0.019547688,0.0061086523
-6.9862804,4.675876,3.241749,-0.5326745,-0.040317107,-0.2125811
-7.8529816,2.5330653,3.7421372,-3.8838813,-0.50335294,-1.237613
-9.481039,-1.7669208,5.00867,-2.0207422,0.5412266,0.48624873
-5.7724204,-0.7015011,6.9743094,0.3933972,-0.11728613,0.04642576
-7.477092,0.24660277,3.311181,1.0311406,-0.15393804,-0.0061086523
-8.477868,2.0901382,4.1371803,0.0012217305,0.0842994,0.08552113
-8.580819,-1.2018893,3.6894648,-0.5363397,0.11728613,0.22602014
-7.4268136,-0.7757214,7.7907324,0.13561209,-0.021991149,0.20647246
-6.9647326,1.9776106,5.0374002,1.6420058,0.002443461,-0.42271876
-8.528147,0.320823,5.3582234,1.0396926,0.09285152,-0.15027285
-7.773973,3.2345665,4.6686935,-0.25289822,0.20891592,0.037873644
-7.8649526,2.408567,2.3894134,-0.34697145,-0.19425514,0.030543262
-7.405266,3.6511576,3.572149,0.2321288,0.16737708,-0.1685988
-7.7189064,2.3295584,4.213795,-0.8136725,-0.014660766,0.105068825
-7.991845,2.4468741,4.1659107,0.30787608,0.0842994,-0.14049901
-7.8793178,4.1252093,3.833117,0.8258898,-0.11362094,-0.18203785
-7.9583263,4.209007,3.4572272,0.12095132,0.0,-0.06963864
-8.822633,3.6367924,2.5354595,-0.014660766,0.035430185,-0.058643065
-8.185776,4.10845,4.06296,0.38973203,0.021991149,0.07696902
-7.860164,3.4021606,2.2481554,-0.47403142,-0.0720821,-0.030543262
-8.231265,3.8426938,3.4141316,0.73548174,0.061086524,-0.09285152
-7.750031,3.7565024,1.697489,0.0720821,0.06841691,0.17470746
-8.013393,3.4524388,3.1531637,-0.056199603,-0.2406809,-0.08307768
-8.1881695,4.8506527,3.9480386,-0.13927728,0.06352998,0.061086524
-8.2169,3.5170822,2.5450363,0.44226643,0.10751228,0.04153884
-6.9982514,4.7261543,3.2944214,-0.30543262,-0.14294247,0.062308256
-8.516175,4.158728,3.8115692,-0.14294247,0.08552113,-0.02687807
-8.248025,3.809175,2.7748797,0.21135938,0.059864793,0.05497787
-7.723695,3.3423057,2.6719291,-0.32498032,-0.0061086523,-0.007330383
-8.537724,3.3207579,4.477157,-0.4569272,0.0061086523,-0.028099801
-8.104373,4.84347,3.86903,0.5155703,0.13194689,0.07574729
-8.295909,2.9017725,2.621651,-0.453262,-0.1282817,-0.07574729
-8.030152,5.171476,3.2106245,-0.0842994,0.064751714,0.012217305
-8.104373,2.6479871,3.0430303,-0.44104472,-0.09773844,0.080634214
-7.9726915,3.0597897,4.596867,-0.47403142,0.008552114,0.02565634
-7.929596,3.9911342,3.6008794,-0.15149458,0.17104226,0.040317107
-7.091625,3.1364043,4.0294414,-0.07086037,0.06963864,-0.034208454
-8.106767,3.6343982,4.4484267,0.4605924,-0.15760323,-0.03176499
-7.8912888,3.0382419,4.7884035,0.33108896,-0.08552113,-0.058643065
-7.422025,2.2625206,3.5003228,-0.68783426,-0.08307768,0.14905111
-7.7907324,4.189853,4.7764325,0.39706242,0.07086037,-0.09285152
-7.965509,3.8235402,4.656722,0.04642576,0.02443461,0.04520403
-7.479486,2.7605145,3.940856,-0.20525073,-0.095294975,-0.07086037
-8.166622,3.7445314,4.783615,0.30176744,0.039095376,-0.018325957
-7.9822683,3.845088,4.0414124,-0.02443461,0.07819075,0.012217305
-7.07726,3.8019924,3.3518825,0.31520647,0.07819075,0.034208454
-7.867347,3.5697548,4.817134,-0.17837265,-0.089186326,-0.073303826
-8.39886,1.8555063,4.951209,1.5039502,-0.059864793,0.12461651
-7.156269,3.643975,4.663905,0.38362336,-0.029321533,-0.05131268
-8.379706,2.0973208,3.833117,-0.16249016,-0.0012217305,-0.004886922
-7.7213006,6.5146227,4.9105077,0.42394048,0.02687807,-0.05375614
-8.034941,2.8634653,2.932897,-0.35185838,0.12339478,-0.018325957
-7.40766,3.311181,4.24492,0.37140608,-0.19425514,-0.04520403
-8.257602,3.1651347,4.201824,0.06352998,0.12461651,-0.039095376
-7.467515,3.7014358,3.4021606,0.14660765,0.15027285,0.056199603
-7.6255326,3.8379054,4.1683054,0.018325957,0.05131268,0.05009095
-7.4986396,3.3638535,3.0789435,0.18448131,-0.08674286,0.05009095
-8.269572,4.642357,4.5322237,-0.15515977,0.034208454,-0.08674286
-8.046912,3.7708676,2.707842,0.064751714,0.06719518,0.037873644
-7.2352777,3.5577838,3.7828386,-0.11362094,-0.1600467,0.10995574
-7.9511437,4.3382936,4.675876,-0.02687807,-0.16249016,-0.11484267
-8.336611,4.0773253,4.606444,-0.05009095,0.1001819,-0.05375614
-7.8529816,2.585738,2.693477,0.14538592,0.18203785,0.20280726
-7.015011,4.429273,3.4620156,0.17470746,-0.13194689,-0.032986723
-7.9128366,3.4883518,4.211401,-0.012217305,-0.058643065,-0.009773844
-7.819463,5.1906295,4.5537715,0.034208454,0.0012217305,-0.056199603
-7.615956,3.7014358,2.3127987,-0.0842994,0.15027285,0.04642576
-7.132327,4.4460325,4.1371803,0.27122417,-0.03176499,-0.065973446
-8.499416,2.815581,3.2680852,-0.35063666,-0.058643065,0.037873644
-8.025364,3.5936968,4.343082,0.30909783,-0.014660766,0.017104227
-7.445967,4.2066126,3.13401,-0.10629055,0.07941248,0.008552114
-7.750031,3.1747115,4.0940847,-0.26267207,-0.096516706,-0.1001819
-7.97748,3.655946,4.7764325,0.037873644,-0.11484267,0.14538592
-7.524976,1.8435353,4.6112323,-1.2522738,0.02687807,0.017104227
-7.1945763,3.775656,5.0613422,0.20647246,0.0012217305,-0.02687807
-8.121132,3.466804,5.140351,-0.31398472,0.037873644,-0.06719518
-7.57286,3.241749,3.8738184,0.5045747,0.029321533,0.1282817
-7.6710224,3.3399115,4.2904096,0.47891834,-0.06719518,0.019547688
-8.147469,2.7006595,4.1252093,-0.45937067,-0.02321288,-0.08552113
-7.6111674,3.620033,5.2959743,-0.13439035,-0.058643065,0.095294975
-7.824251,3.8379054,3.620033,-0.09285152,0.10629055,0.021991149
-7.1849995,3.229778,4.783615,0.44959682,-0.13439035,-0.013439035
-7.489063,3.2130187,5.231331,0.21013765,0.09896017,0.015882496
-7.630321,3.5434184,3.8546648,0.14660765,-0.08307768,-0.028099801
-7.4627266,2.4660277,4.7309427,-0.26145032,-0.014660766,-0.013439035
-7.6590514,3.004723,4.6519337,-0.11484267,-0.09285152,0.0036651916
-8.137892,1.673547,5.020641,-0.28710666,0.015882496,-0.019547688
-7.201759,3.608062,3.8618474,-0.05497787,0.04520403,0.09407325
-7.644686,3.1148565,4.501099,-0.14294247,-0.073303826,-0.034208454