1.4269443,2.1428106,10.208876,-0.66706485,0.5363397,-0.41172317
0.34955344,0.94570965,10.680533,-2.5363126,1.2217305,0.35063666
-5.1355624,-1.982399,6.682217,-1.4184291,0.80756384,2.017077
-3.9624038,-2.7126305,7.2807674,0.3848451,-0.13561209,1.1032226
-2.6001031,2.8299465,8.319851,2.6682594,-0.013439035,0.061086524
-3.3877954,0.9935937,8.540117,0.4092797,0.2125811,0.30787608
-5.3199162,0.007182605,7.7452426,0.3921755,0.065973446,-0.004886922
-3.2106245,1.9680338,8.214506,0.3555236,-0.2602286,0.20158553
-7.9152308,2.9831753,6.1985884,0.9443977,0.18448131,0.030543262
-2.327164,3.3183637,9.272743,0.27855456,-0.02443461,-0.52290064
-2.042254,2.4516625,9.555259,-0.5326745,-0.31642818,0.6267477
-8.707711,0.04070143,5.8945246,0.41538838,0.33841935,-0.40683624
-2.2122424,3.0573955,10.223241,0.63285637,-0.05375614,-0.37384954
-2.7246015,1.376666,8.310274,-0.86009824,-0.22357668,0.51068336
-8.152257,0.30645782,5.9519854,0.06841691,0.1563815,-0.21135938
-1.448492,1.6543933,11.243171,0.14294247,-0.1001819,-0.29932398
-4.259285,3.4476504,7.2831616,-0.23701571,-0.0012217305,0.66950834
-6.981492,-1.0989386,7.489063,-0.3726278,0.19547687,-0.39461896
-1.8243817,3.0693667,9.483433,0.05375614,0.039095376,0.10995574
-5.365406,0.38307226,7.7308774,-0.02076942,-0.095294975,0.42394048
-4.5992613,0.90740246,7.1371155,1.0665708,-0.062308256,-0.4605924
-4.7884035,2.6910827,6.3805475,0.37018433,0.3323107,-0.44837508
-5.861006,0.7398083,9.0716305,-1.3854424,0.59864795,0.36163223
-3.9001546,2.1787236,8.135497,-1.1007792,0.5839872,0.50701815
-3.4955344,3.7110126,8.966286,0.26267207,0.3885103,0.36163223
-5.947197,-0.94810385,9.425972,0.4202753,0.24678956,0.59620446
-5.506664,-5.5641246,10.685322,-0.3200934,-0.14905111,-0.2321288
-5.3486466,2.3678656,7.9822683,0.42149702,-0.42760566,-0.91507614
-4.5753193,5.710171,5.935226,0.41050145,0.047647487,-0.02443461
-5.020641,5.365406,6.3589997,0.15271631,0.37873647,0.643852
-7.297527,-0.8403648,8.856153,0.09896017,0.08552113,0.39706242
-5.3247046,3.0909145,6.909666,-0.29077184,-0.49846604,-0.8002335
-3.4715924,6.7684083,5.877765,0.05375614,0.09773844,0.05497787
-5.604826,1.3359646,7.809886,-0.02443461,0.5412266,0.61086524
-7.086837,-3.4141316,9.938332,-0.3933972,-0.32498032,-0.28099802
-3.7804444,4.158728,6.2823853,0.008552114,-0.20280726,-0.28710666
-3.8067808,5.9639564,6.447585,0.05375614,0.3848451,0.42394048
-6.8402343,-0.4165911,9.478644,-0.06963864,0.172264,0.35063666
-5.6431336,1.9967642,7.2328835,0.17715092,-0.48624873,-0.72204274
-3.2752678,6.0118403,6.0740895,0.21746802,0.23457226,0.30298916
-5.9543796,0.89303726,9.224859,-0.13927728,0.43249258,0.5656612
-6.631939,-2.8203697,9.433155,-0.35918877,-0.48502702,-0.5009095
-3.2872388,5.2121773,5.973533,0.08307768,-0.15027285,-0.24190263
-4.5992613,2.7844565,7.9487495,0.010995574,0.45081854,0.63529986
-6.919243,-4.0462008,10.405201,-0.057421334,-0.019547688,0.15515977
-5.7149596,1.0151415,8.070854,-0.10751228,-0.49602258,-0.8002335
-2.6048915,6.5577183,5.647922,-0.065973446,0.029321533,-0.16615535
-6.1650696,0.89782566,9.251195,-0.21746802,0.37873647,0.44837508
-6.208165,-2.7389667,9.004593,0.009773844,-0.4642576,-0.5558874
-3.1747115,3.2848446,7.055712,-0.028099801,-0.28710666,-0.40317106
-3.9791632,4.865018,7.1586633,0.21502456,0.42271876,0.5888741
-7.2113357,-2.7461493,10.105926,-0.19425514,-0.17837265,-0.22357668
-3.9145198,2.552219,7.4723034,0.24801129,-0.35063666,-0.47158796
-3.064578,5.475539,6.5840545,-0.09407325,0.30298916,0.37140608
-6.6486983,-1.5059528,9.842564,-0.017104227,0.26511553,0.41783184
-5.896919,0.7326257,8.111555,0.07819075,-0.5204572,-0.79534656
-1.9728222,5.631162,6.3470287,-0.16249016,-0.21380283,-0.33353242
-4.3382936,2.6431987,10.850522,1.1582005,-0.535118,-0.1600467
-4.8745947,2.585738,6.3350577,0.43982297,0.17592919,0.28955013
-3.857059,8.78672,8.358158,-1.1618657,0.43004912,-0.1001819
-6.7109475,-2.3798366,5.93762,-0.013439035,0.0720821,0.07696902
-2.171541,4.297592,12.835316,0.29565877,0.05009095,-0.02687807
-3.6128504,2.542642,8.487445,-1.3035865,-0.33353242,0.49968776
-9.303867,-0.6823475,5.437232,-0.09896017,0.3921755,-0.028099801
-2.896984,-0.39743748,10.58716,1.7654005,0.13561209,-0.07819075
-2.5617957,0.94331545,9.445126,-1.5662584,-0.2968805,0.3359759
-7.2424603,2.2170308,6.2225304,1.5271631,-0.035430185,0.010995574
-1.8746599,4.2784386,8.920795,-0.68539083,0.06841691,-0.05131268
-4.7189717,4.771644,6.397307,0.35063666,-0.07819075,0.20769419
-4.9416323,3.643975,8.341399,0.86254174,0.119729586,-0.48991394
-1.5179238,4.2281604,9.363723,-0.48991394,-0.11484267,0.111177474
-6.658275,2.7605145,5.6910176,0.34697145,-0.13439035,0.05009095
-4.2640734,2.207454,8.640674,0.2773328,-0.043982297,-0.61453044
-1.7501614,4.474763,8.856153,-0.3115413,-0.18325958,0.012217305
-7.055712,2.243367,5.7029886,0.23579398,0.04642576,-0.06352998
-3.809175,2.2457612,9.277532,0.7476991,0.042760566,-0.312763
-1.7549498,5.7269306,7.9008656,0.1282817,-0.118507855,0.14905111
-6.6103907,2.2050598,6.0716953,0.062308256,-0.039095376,-0.08552113
-4.7309427,3.821146,8.607155,0.44837508,-0.11728613,-0.39950588
-1.2856863,5.1810527,7.714118,-0.07696902,-0.14172074,0.07086037
-5.911284,3.347094,6.0884547,0.37995818,0.096516706,0.1441642
-5.5521536,2.8275523,8.549694,0.4886922,-0.015882496,-0.35796702
-2.4492683,2.2481554,9.0429,-0.44104472,-0.07819075,-0.052534413
-5.2648497,3.6224272,7.1083846,0.17592919,0.030543262,0.34330627
-10.259154,1.496376,6.409278,0.42394048,0.26389378,-0.16982053
-3.0071173,1.9488802,9.26556,0.14049901,0.010995574,-0.36896262
-1.0151415,6.7013707,8.695741,-0.23090707,-0.23579398,0.12950343
-6.191406,1.0606314,5.731719,-0.05497787,0.111177474,0.12461651
-6.6367273,1.8004397,4.721366,1.0372492,0.035430185,-0.52290064
-6.045359,4.757279,9.0429,-1.0995574,-0.3005457,-0.040317107
-4.939238,2.4277205,8.329428,-0.5864306,0.77457714,0.46181414
-4.096479,3.2513258,7.192182,-0.06963864,-0.05375614,-0.02687807
-5.506664,0.19393034,9.689334,0.13194689,0.119729586,0.2724459
-7.1490865,-5.097255,8.358158,-0.4801401,-0.41416663,-0.593761
-3.2130187,1.6591818,7.120356,0.07086037,-0.06841691,-0.36163223
-5.2409077,0.82599956,8.195353,-0.22235495,0.3640757,0.57543504
-7.881712,-3.8977604,9.246407,-0.75502944,-0.29810223,-0.47891834
-4.9105077,1.3934253,7.350199,-0.035430185,-0.32986724,-0.5119051
-4.249708,5.0757074,6.145916,0.16126843,0.38240165,0.5143485
-7.240066,-1.4867992,9.737218,-0.24312437,0.05009095,0.30543262
-6.588843,-0.78769237,7.8170686,0.073303826,-0.41172317,-0.6609562
-2.6312277,4.10845,6.825869,-0.064751714,-0.1282817,-0.18692477
-6.6367273,-0.29209262,10.900801,1.2864822,-0.77457714,-0.19547687
-4.477157,1.13964,4.1252093,1.2620476,0.19914207,0.37751472
-3.1292217,3.5577838,5.3821654,-0.28955013,0.1282817,-0.043982297
-5.305551,4.2544966,7.5800424,1.1508701,0.042760566,-0.61575216
-2.1404164,5.530606,8.264784,-0.18692477,-0.17104226,0.087964594
-7.5584946,1.1971009,5.1475334,0.88697636,0.23457226,-0.0842994
-3.5889084,2.1452048,10.0987425,-0.06719518,-0.09896017,-0.35430184
-3.86903,4.759673,7.867347,-0.5204572,-0.04520403,0.37384954
-7.1610575,2.1691468,7.4004774,0.9089675,0.08552113,-0.17104226
-2.705448,4.223372,8.956709,0.35063666,0.032986723,0.095294975
-5.5162406,3.9600096,6.907272,-0.05375614,0.032986723,0.28710666
-7.2352777,1.472434,7.675811,0.66828656,0.172264,-0.15515977
-3.0358477,3.5098996,8.360553,-0.7476991,-0.06719518,-0.036651913
-4.8219223,3.1004913,6.5816603,-0.4129449,0.073303826,0.4288274
-7.3885064,1.7238252,6.5601125,0.43249258,0.12461651,-0.1685988
-3.8977604,2.920926,8.554482,0.7012733,0.0061086523,-0.32742378
-4.3047748,3.9624038,5.5976434,-0.111177474,-0.09285152,-0.2321288
-6.715736,3.169923,9.911995,-0.6365216,-0.3408628,0.5497787
-6.397307,0.9911995,9.866506,-0.39461896,0.6096435,0.8564331
-5.4300494,-1.0199299,5.2863975,-0.61086524,-0.35796702,-0.46303585
-3.9719806,4.237737,8.101978,0.2003638,0.23335053,0.0
-5.3103395,2.2744915,8.669404,0.02443461,0.25167647,0.6377433
-7.393295,-0.35194764,6.4739213,-0.13072516,-0.18203785,-0.34330627
-3.6176388,4.3287168,5.7867856,0.008552114,-0.02687807,-0.17715092
-6.155493,1.388637,8.286332,0.029321533,0.35063666,0.6096435
-7.539341,-2.9616275,8.841787,-0.37507126,-0.2003638,-0.17104226
-4.6806645,2.2936451,5.935226,0.28710666,-0.06352998,-0.38362336
-5.33907,4.295198,6.849811,0.31398472,0.19181168,0.3933972
-7.5201874,-0.92416185,8.961497,-0.29932398,-0.22479841,-0.09896017
-5.0014873,2.6886885,6.945579,0.18325958,-0.20525073,-0.4801401
-3.6631286,5.281609,6.2584434,-0.015882496,0.17592919,0.20158553
-7.3406224,0.5793968,9.105149,-0.22113322,0.15027285,0.3005457
-6.172252,0.31603462,6.9599442,-0.14049901,-0.21013765,-0.6401868
-3.892972,4.7070007,6.145916,-0.029321533,0.040317107,-0.1160644
-6.2512608,1.6065093,8.259995,-0.22968534,0.24312437,0.5131268
-5.887342,-0.4141969,8.257602,-0.24678956,-0.37995818,-0.4288274
-5.755661,0.1316811,9.809045,0.7330383,-0.41538838,-0.34330627
-6.2608376,2.0614076,7.651869,1.4905112,0.062308256,0.1160644
-4.6040497,4.000711,5.374983,-0.61819565,0.48380527,0.4251622
-4.709395,2.992752,8.573636,0.78801614,0.25900686,-0.47891834
-2.0925324,8.039729,8.966286,-1.065349,-0.3005457,0.13194689
-5.8346696,3.2513258,4.27365,0.8539896,-0.095294975,0.11728613
-5.913678,3.9719806,8.183381,0.61941737,0.17959438,-0.45081854
-2.1523874,4.9799395,7.431602,-0.05375614,-0.12705997,0.07696902
-6.9168487,2.552219,4.5394063,0.14172074,0.061086524,0.17592919
-5.554548,4.3885717,7.6111674,1.0225884,-0.052534413,-0.5522222
-2.813187,4.7500963,7.513005,-0.42394048,-0.06963864,0.20158553
-6.066907,4.235343,4.6399627,0.32498032,0.02687807,0.23579398
-4.0078936,3.9145198,8.561666,0.16249016,0.057421334,-0.172264
-2.0207062,6.090849,8.422802,-0.78801614,-0.2724459,0.26389378
-6.0381765,3.4524388,4.6519337,0.59864795,0.111177474,-0.040317107
-5.035006,2.566584,8.947132,0.44593164,0.28221974,-0.4972443
-1.460463,5.9807158,9.809045,-0.68661255,-0.17715092,-0.33108896
-5.8825536,5.3366756,6.3709707,0.9236283,0.05497787,-0.04153884
-7.1826053,2.042254,7.587225,0.2602286,0.32498032,-0.47647488
-1.99437,4.5322237,11.135432,-0.27855456,-0.22235495,-0.16371189
-4.8386817,3.2034419,5.1547165,-0.08552113,0.0036651916,0.13194689
-8.446744,1.1085154,6.2632318,0.087964594,0.46181414,-0.17348573
-2.480393,3.0334535,11.408371,-0.09896017,-0.09040806,-0.08674286
-4.5633483,2.2505496,5.473145,-0.70616025,-0.14172074,0.5717699
-9.40203,0.2873042,4.7285485,0.3213151,0.4361578,0.04153884
-4.3143516,2.8419175,8.240842,1.7556267,-0.09407325,-0.27855456
-6.143522,1.946486,5.231331,-0.86742866,-0.12461651,-0.48747048
-5.6335564,3.3207579,9.306262,-1.1643091,0.8014552,0.75747293
-3.3255463,3.0765493,6.9599442,-0.45081854,0.21135938,-0.02076942
-4.7620673,4.7860093,6.777985,-0.3848451,0.3115413,0.45570546
-7.656657,-2.4396915,9.442732,-0.080634214,-0.27977628,0.057421334
-5.291186,1.2258313,6.517017,-0.0842994,-0.18692477,-0.5497787
-3.2561142,5.473145,5.710171,-0.26389378,0.22602014,0.13194689
-6.3589997,0.93613285,8.987833,-0.17470746,0.34330627,0.5143485
-7.2544312,-3.0358477,8.50181,-0.21868975,-0.27122417,-0.37140608
-4.2185836,1.8794483,7.309498,0.0720821,-0.089186326,-0.267559
-5.020641,5.130774,6.861782,0.23701571,0.18448131,0.44959682
-7.2664022,-1.541866,9.0237465,-0.22602014,-0.105068825,0.111177474
-5.4300494,2.0757728,6.655881,0.3555236,-0.25534168,-0.57910025
-3.751714,6.0357823,5.7963624,-0.0842994,0.21746802,0.13316862
-6.4858923,1.9512744,8.564059,-0.13316862,0.23090707,0.5510005
-7.632715,-3.8259344,8.827422,-0.5888741,-0.14905111,-0.23457226
-4.024653,2.0135236,6.9048777,0.3323107,-0.095294975,-0.45937067
-4.297592,5.2361193,7.0341644,0.13927728,0.24556783,0.4972443
-7.4124484,-1.745373,9.303867,-0.312763,0.004886922,0.30909783
-4.3239284,0.90021986,7.5441294,0.030543262,-0.41538838,-0.8417723
-4.1922474,2.8658595,8.334216,0.6059783,-0.65240407,-1.0225884
-5.935226,-0.019153614,9.617508,0.9981538,-0.1441642,-0.008552114
-4.177882,0.47165772,6.658275,-1.5271631,0.09773844,0.675617
-6.2368956,3.976769,6.3326635,0.906524,0.27366763,-0.1282817
-2.9233203,2.1452048,11.403583,0.009773844,0.29443705,-0.30665436
-4.9679685,5.8634,8.231265,-0.02565634,-0.15515977,0.28221974
-8.671799,-0.44532153,5.207389,0.5155703,0.20280726,0.04886922
-1.2258313,4.4484267,12.418724,-0.103847094,-0.02076942,-0.14294247
-4.596867,4.5777135,5.590461,-0.05009095,-0.08307768,0.21991149
-9.251195,-1.3215994,6.3326635,0.13927728,0.3567453,-0.10995574
-1.9536686,3.1651347,11.9135475,-0.24556783,-0.14294247,0.04520403
-5.2049947,3.110068,5.0254292,0.017104227,-0.07941248,0.23579398
-6.2608376,0.8403648,7.1275387,-0.04886922,0.3359759,-0.6243043
-2.2577322,2.1380222,11.597513,-0.2443461,-0.20647246,-0.05497787
-4.474763,3.691859,6.777985,0.26145032,-0.037873644,0.49846604
-5.542577,1.7908629,7.7907324,0.59742624,0.10751228,-0.6389651
-1.8195933,5.5521536,9.885659,0.3408628,-0.15271631,-0.16126843
-6.483498,2.0135236,5.2480903,0.27855456,0.07452556,0.24312437
-6.244078,1.7525556,8.2169,0.6939429,0.27977628,-0.5558874
-2.1499932,3.2872388,8.973468,-1.2522738,-0.040317107,0.29443705
-5.341464,3.9480386,4.900931,-0.0720821,-0.13316862,0.43127087
-5.106832,0.30406362,9.016563,0.019547688,-0.0842994,-0.21868975
-1.460463,4.560954,9.694122,-0.88453287,-0.15760323,0.27000242
-7.189788,-0.22744916,4.510676,0.07819075,0.0036651916,-0.035430185
-3.5314474,-0.007182605,10.965444,0.018325957,0.4092797,-0.40683624
-3.8953662,2.9999347,7.8865004,-0.31031954,-0.17104226,0.4129449
-8.4587145,-1.2449849,5.6527104,0.10873401,0.33353242,-0.10995574
-2.0494366,0.6488287,11.834539,-0.02321288,0.12339478,-0.18692477
-4.6471453,3.4213142,6.7731967,0.6621779,-0.35185838,0.41172317
-8.66701,-0.89543146,5.74369,-0.35796702,0.49480084,-0.3652974
-3.347094,1.8339585,11.104307,-0.004886922,-0.017104227,-0.16371189
-5.583278,2.6479871,6.191406,-0.2284636,0.029321533,0.6365216
-8.279149,0.1316811,5.985504,-0.1563815,0.38728857,-0.3213151
-2.8538885,1.4437037,11.104307,0.052534413,0.004886922,-0.21868975
-4.9895163,3.2944214,5.7365074,0.5045747,-0.15515977,0.41416663
-7.979874,0.7637503,7.7931266,0.02565634,0.19181168,-0.30298916
-2.791639,3.064578,10.213664,-0.009773844,0.017104227,-0.1441642
-4.9081135,2.018312,6.399701,-0.04886922,0.015882496,0.70005155
-6.519411,1.0702082,8.118738,0.3042109,0.112399206,-0.46303585
-2.2744915,2.882619,10.556035,-0.073303826,-0.030543262,-0.22724187
-5.2887917,2.645593,6.303933,0.13316862,-0.013439035,0.56321776
-8.475474,-0.12210429,6.5625067,0.24190263,0.29932398,-0.2761111
-3.064578,3.3973722,7.726089,0.56321776,0.05375614,-0.16615535
-5.255273,5.3941364,4.345476,0.94806284,0.06352998,0.3042109
-6.10282,1.9129672,8.26239,-0.9419542,0.86742866,0.7293731
-4.050989,1.8626889,5.7628436,0.4202753,0.056199603,0.1282817
-5.707777,1.1923125,8.303091,-0.087964594,0.40317106,0.6169739
-7.422025,-3.502717,9.856929,-0.40683624,-0.45570546,-0.6267477
-3.4739866,3.6367924,5.7508726,0.02687807,-0.24190263,-0.45204028
-6.397307,1.9752164,7.884106,0.1160644,0.4813618,0.5656612
-7.845799,-2.4995465,8.827422,-0.36285394,-0.56321776,-0.5338962
-3.2393548,5.2049947,5.183447,-0.018325957,-0.14049901,-0.3408628
-5.7005944,2.7030537,6.871359,0.30176744,0.5766568,0.7318166
-8.288726,-1.7836803,9.172187,-0.61575216,-0.40194935,-0.35796702
-2.8083985,4.781221,5.616797,-0.2321288,-0.16126843,-0.1966986
-5.707777,2.5115175,6.9623384,0.38362336,0.55955255,0.7415904
-7.831434,-1.6136919,9.6845455,-0.19058995,-0.25167647,-0.20158553
-3.3901896,2.695871,6.5577183,-0.12950343,-0.17470746,-0.27122417
-5.57849,2.0805612,7.323863,0.50946164,0.45570546,0.6988298
-7.4028716,-1.9153614,9.998186,-0.29443705,-0.31520647,-0.3005457
-4.0797195,3.5242648,5.935226,0.44226643,-0.21502456,-0.3359759
-5.305551,3.064578,6.921637,0.267559,0.4202753,0.66828656
-7.015011,-2.6599581,9.775525,-0.21991149,-0.1881465,-0.02687807
-4.237737,2.3798366,6.6486983,0.22479841,-0.36285394,-0.61453044
-4.120421,6.6774287,5.133168,0.27122417,0.36285394,0.42394048
-7.3669586,-1.5658079,9.962274,0.13927728,0.15882497,0.37873647
-5.556942,1.3120226,7.1395097,-0.39706242,-0.4642576,-0.86620694
-3.5865142,6.3781533,5.058948,0.039095376,0.22357668,0.22602014
-6.825869,0.8834604,9.153033,0.17104226,0.44226643,0.61453044
-6.528988,-1.8411411,8.032547,-0.13561209,-0.45570546,-0.7635816
-3.6008794,5.949591,5.281609,-0.19792034,-0.035430185,-0.172264
-5.3366756,4.4340615,6.4882865,0.3811799,0.45448375,0.6646214
-7.445967,-3.5194764,9.564836,-0.09162979,0.008552114,0.12705997
-5.81791,1.3455414,7.5920134,0.13805555,-0.38973203,-0.79045963
-3.6822822,5.7963624,5.81791,-0.30298916,-0.103847094,-0.20769419
-4.223372,4.4939165,6.754043,-0.09896017,-0.08307768,-0.33841935
-4.7046065,-4.7165775,10.79785,-0.3811799,-0.49235737,-1.3610078
-5.695806,-3.6415808,8.202535,-0.66950834,-0.080634214,-0.44837508
-4.8602295,-0.031124622,8.439561,1.0629056,0.0061086523,1.4648548
-5.7867856,1.7262194,6.2105594,0.675617,0.047647487,0.84421575
-3.335123,2.8419175,8.564059,0.33108896,0.08552113,-0.24190263
-1.4101849,3.6727054,8.437167,-0.26633725,-0.2284636,0.7452556
-6.706159,3.25372,5.9807158,0.36163223,0.10751228,0.058643065
-4.2161894,2.7629087,9.921572,0.5009095,0.09773844,-0.43127087
-1.1923125,4.9583917,9.315839,-0.9786061,-0.42271876,0.24556783
-7.201759,1.2234371,4.173094,0.2687807,0.07086037,0.12095132
-4.4484267,3.466804,9.220071,0.7476991,0.18936823,-0.5497787
-0.6847417,5.3678,9.991004,-0.6462954,-0.2773328,0.10629055
-7.0006456,1.7190368,3.6607344,0.2761111,0.02321288,0.13683382
-4.3837833,2.9137435,10.163386,0.44593164,0.20891592,-0.49357912
-1.1899183,3.7493198,9.844957,-1.0714576,-0.5119051,0.50335294
-8.111555,2.2242134,4.9919105,0.67073005,0.07941248,-0.1001819
-3.9576154,1.8890251,9.504981,-0.052534413,0.2125811,-0.28221974
-3.1483753,3.4476504,8.528147,-0.36896262,-0.31031954,0.956615
-10.666168,0.61770403,4.879383,0.4129449,0.40439278,-0.21135938
-2.7102363,1.9488802,11.492168,-0.4886922,0.057421334,-0.06719518
-3.2082303,2.908955,6.7324953,-1.1117748,-0.29932398,0.5839872
-11.386824,-0.60573304,5.058948,0.10140363,0.5155703,-0.816116
-3.2202013,-1.0151415,11.417948,0.039095376,-0.1966986,-0.11362094
-3.8426938,2.1140802,7.560889,-0.9114109,-0.36163223,0.82833326
-9.301474,-1.283292,5.5282116,-0.08552113,0.4813618,-0.13316862
-3.1962593,3.0765493,11.542446,0.6401868,0.13194689,-0.27366763
-2.9735985,3.5889084,8.178593,-0.02321288,-0.16982053,0.8332202
-8.791509,0.1604115,6.1387334,0.24190263,0.31764993,-0.21135938
-4.086902,1.2114661,10.299856,-0.35918877,0.0,-0.12705997
-4.6112323,3.1771057,6.873753,-0.2761111,0.036651913,0.5705481
-9.902418,0.4213795,6.943185,0.52412236,0.24312437,-0.24190263
-2.4061728,3.3183637,6.8067155,0.08307768,0.1001819,0.057421334
-5.8346696,5.971139,4.0054994,1.2559389,0.36285394,-0.38606682
-6.6175733,1.8459295,9.471462,-1.8961257,0.59986967,0.37873647
-3.5865142,5.9160724,5.0182467,0.3005457,-0.29565877,-0.30543262
-3.3973722,7.153875,5.6215854,0.16737708,0.5571091,0.57910025
-7.1586633,2.2577322,8.817844,-0.21380283,0.2125811,0.45937067
-6.5936313,1.6711528,6.9024835,-0.32620203,-0.20891592,-0.5693264
-3.5577838,5.829881,5.5138464,-0.015882496,-0.23945917,-0.3811799
-5.7484784,3.5936968,7.165846,-0.29810223,0.30909783,0.37751472
-7.065289,1.8938135,7.177817,-0.53023106,-0.073303826,-0.25411993
-5.149928,3.940856,6.799533,0.080634214,0.44837508,0.4605924
-6.7205243,-0.78050977,8.789114,-0.07086037,0.14538592,0.33475417
-6.0836663,2.4013844,6.4284315,0.20891592,-0.3933972,-0.79779
-4.5058875,8.3629465,5.329493,0.36285394,0.36285394,0.31031954
-6.6606693,0.94092125,8.394072,0.10873401,0.081855945,0.20647246
-6.3829417,2.219425,7.2831616,-0.2125811,-0.42271876,-0.70005155
-4.8578353,8.197746,4.4077253,-0.007330383,0.17959438,-0.0012217305
-6.399701,3.9360676,7.9343843,-0.13561209,0.44104472,0.57787853
-7.062895,-2.111686,8.327033,-0.13805555,-0.52290064,-0.5571091
-4.27365,5.887342,5.3199162,-0.29810223,-0.16982053,-0.36285394
-5.317522,6.9647326,5.121197,0.67073005,0.33841935,0.5900958
-7.7907324,-0.7781156,8.470686,-0.10140363,0.02076942,0.21746802
-6.129156,2.4037786,6.8091097,-0.09285152,-0.50335294,-0.62796944
-4.27365,9.31105,4.0533834,-0.014660766,0.25900686,0.24923302
-6.43322,2.231396,8.090008,0.0036651916,0.453262,0.68416905
-6.277597,-2.3822308,9.107543,-0.689056,-0.41050145,-0.4166101
-4.0940847,5.41329,5.0613422,0.096516706,-0.38362336,-0.29077184
-4.8602295,7.1155677,5.073313,0.09285152,0.4373795,0.4166101
-6.7348895,1.7788919,8.918402,0.007330383,0.38606682,0.5375614
-6.172252,0.007182605,8.0924015,-0.28221974,-0.56199604,-0.68294734
-3.9911342,8.748413,3.7565024,0.31642818,-0.05375614,-0.30909783
-6.670246,3.6343982,7.7811556,0.26389378,0.44593164,0.5705481
-6.423643,-0.10055647,7.0461354,-0.22113322,-0.35918877,-0.6096435
-5.0038815,6.145916,4.8003745,-0.4642576,-0.23090707,-0.44104472
-4.6351743,9.143456,3.5338416,0.14049901,0.37995818,0.46303585
-6.172252,4.003105,7.8266454,0.20280726,0.38362336,0.6035349
-5.056554,0.050278235,8.056489,-0.8222246,-0.36774087,-0.5448918
-5.379771,-0.51714754,10.048465,-1.5625933,-0.61819565,-0.9822713
-6.7348895,1.6807296,9.77792,0.07819075,-0.3567453,0.14172074
-3.6056678,3.9600096,7.2352777,-0.23579398,-0.18570304,0.9639453
-4.086902,0.4285621,7.1107793,-0.26267207,0.30176744,-0.29443705
-4.735731,2.4827871,8.707711,2.0463986,0.36041048,-0.04642576
-3.4500446,4.0916905,8.990228,-0.061086524,0.11484267,0.12217305
-5.9400144,1.127669,6.4858923,-1.237613,0.18081611,0.05131268
-5.0900726,3.976769,9.028535,1.0690142,0.07452556,-0.073303826
-3.1268275,2.420538,8.779537,-0.26267207,-0.11728613,-0.0036651916
-6.0357823,0.7445967,6.38773,-0.019547688,0.15149458,-0.10995574
-6.0884547,3.4476504,7.6231384,1.0250319,0.073303826,-0.14782938
-2.657564,5.1116204,9.433155,0.10140363,-0.12583824,-0.30909783
-5.710171,2.5785553,5.741296,-0.21013765,-0.012217305,0.32620203
-6.9407907,2.492364,6.7923503,0.32253686,0.15271631,-0.17837265
-3.442862,4.096479,8.870518,-0.13561209,-0.10995574,-0.13194689
-4.687847,6.8450227,5.8346696,0.7831292,-0.3200934,0.4288274
-3.86903,4.343082,6.2943563,-0.44593164,-0.33475417,-0.874759
-4.7500963,-5.777209,7.2783732,-4.6425757,-0.35796702,-2.4874432
-5.470751,-3.5817258,9.600749,1.1410962,0.29932398,-0.1600467
-4.426879,-7.565677,6.4427967,0.60231316,-0.059864793,0.28344148
-4.9679685,0.8595184,7.7907324,1.1374311,-0.065973446,2.2748623
-3.667917,-0.0047884034,7.9272017,-0.04153884,-0.2846632,0.3042109
-4.498705,-0.7374141,8.322245,-0.089186326,0.28344148,0.5729916
-5.0254292,-0.45968673,7.2568254,0.13927728,-0.05009095,-0.009773844
-4.972757,-0.6368576,8.664616,-0.13561209,0.08307768,-0.04886922
-4.5633483,-0.29448682,7.8170686,-0.2003638,0.052534413,0.13927728
-5.145139,-0.31124622,7.9463553,0.41416663,0.059864793,0.33475417
-3.7349546,3.0262709,9.241618,0.625526,-0.06719518,-0.029321533
-3.6535518,2.96881,7.917625,0.0012217305,-0.13805555,0.45204028
-4.733337,2.779668,8.631097,0.33964106,0.09285152,-0.2443461
-1.7310078,3.3375173,9.928755,-0.3115413,-0.111177474,-0.103847094
-5.4324436,-0.02633622,6.5218053,-0.0012217305,-0.105068825,0.26267207
-3.4237084,3.596091,6.8569937,0.2443461,0.05009095,-0.9786061
-5.2600613,-5.145139,6.9886746,-5.281541,0.7806858,-1.8692477
-6.0262055,-8.7771435,5.681441,-0.84421575,0.535118,-0.5546656
-5.4085016,-9.064447,3.4165258,0.17104226,0.111177474,-0.10262536
-4.817134,-6.8043213,3.952827,0.6792821,-0.07452556,0.05497787
-6.021417,-9.033323,4.271256,2.1636846,-0.453262,0.9663888
-5.9663506,-1.0199299,7.350199,2.2675319,-0.112399206,1.7971655
-6.1100025,0.2825158,7.07726,0.1001819,-0.24556783,0.41172317
-5.4563856,0.78529817,8.346188,0.23090707,0.22113322,0.44959682
-6.459556,1.7286136,6.5457473,-0.12705997,0.18448131,0.24923302
-5.1523223,2.695871,6.4499793,-0.09040806,-0.062308256,-0.2125811
-5.7628436,3.095703,7.2113357,0.14782938,0.41538838,0.4728097
-6.682217,-1.6831238,8.183381,-0.50335294,-0.30298916,-0.24556783
-3.9624038,6.105214,5.269638,0.32986724,0.065973446,0.05009095
-6.2967505,1.6783354,8.231265,0.0720821,0.25045475,0.5143485
-6.8905125,-0.5674258,7.6829934,-0.38973203,-0.23945917,-0.45814893
-4.697424,5.365406,5.9064956,0.0842994,0.1881465,0.13194689
-6.4260373,1.6400281,8.154651,-0.095294975,0.17592919,0.39828414
-7.1634517,-0.89543146,7.443573,-0.3042109,-0.14905111,-0.5021312
-3.8139634,5.5880666,5.7149596,0.38240165,0.095294975,-0.1282817
-6.619968,1.5562311,8.250419,0.25411993,0.18692477,0.63041294
-4.345476,2.4013844,5.9998693,-0.6267477,-0.72082096,-1.7116444
-5.7724204,-3.8738184,7.141904,-4.9577823,0.344528,-1.5662584
-5.195418,-9.248801,5.530606,-1.7531832,0.07819075,-0.81245077
-5.0134583,-8.037335,3.8019924,0.37507126,0.25778514,-0.21013765
-5.0613422,-8.130709,4.6902413,-0.12217305,-0.034208454,-0.2883284
-4.271256,-7.177817,4.6519337,0.2932153,-0.035430185,-0.030543262
-3.7900212,-7.5704656,5.3438582,-0.02443461,-0.056199603,0.04153884
-4.582502,-7.8170686,5.0996494,0.06963864,0.004886922,0.008552114
-4.6279917,-8.02297,6.2847795,0.6927212,-0.15271631,0.49480084
-5.48751,-5.5856724,5.777209,1.5760323,-0.3848451,1.0067059
-4.5681367,-1.3670892,6.8091097,2.366492,-0.61941737,1.2290609
-2.8203697,-0.50278234,7.8386164,0.8063421,-0.4251622,0.91751957
-3.4284968,0.9959879,7.941567,0.22113322,0.25167647,0.17348573
-3.1866825,-0.16280572,9.41879,-0.05131268,0.1282817,-0.0842994
-6.253655,3.0262709,7.1371155,0.35918877,0.14294247,0.20647246
-3.193865,-0.40940848,9.7803135,-0.20525073,0.05375614,-0.19425514
-4.841076,1.8387469,7.639898,-0.20647246,-0.04642576,0.4361578
-5.614403,0.031124622,7.6853876,0.24312437,0.2284636,-0.55955255
-2.7940333,1.6591818,9.672575,-0.43493605,-0.02443461,0.37507126
-6.5601125,-0.62009823,6.9647326,0.1685988,0.1563815,-0.4886922
-2.6048915,1.6136919,9.440337,0.105068825,0.19425514,0.032986723
-6.9144545,-0.45729253,6.6391215,0.29077184,-0.057421334,0.04153884
-3.359065,1.1468226,9.485827,0.34208453,0.032986723,-0.40439278
-3.9073372,2.1667526,8.255207,-0.081855945,-0.05375614,0.49480084
-7.740454,-1.745373,7.079654,-0.2773328,0.23823744,-0.20891592
-2.2601264,2.1691468,10.333375,0.4092797,0.0720821,-0.172264
-5.0541596,1.0630256,7.177817,0.22235495,-0.096516706,0.45081854
-5.877765,0.15562311,7.920019,0.3286455,0.24801129,-0.47403142
-2.3798366,1.4197617,9.344569,-0.3213151,-0.11484267,0.25411993
-5.8801594,0.4333505,6.289568,0.089186326,-0.10262536,0.26633725
-4.048595,1.673547,8.580819,0.3408628,0.09407325,-0.37018433
-2.822764,1.6424223,9.157822,-0.516792,-0.20647246,0.51068336
-7.2209125,-1.0055647,7.577648,-0.11362094,0.17715092,-0.10262536
-3.2465374,2.1811178,9.698911,0.13194689,0.02321288,-0.26267207
-3.8666358,2.8514943,8.145074,-0.12339478,-0.2003638,0.41416663
-5.279215,0.8379706,6.9288197,0.007330383,0.16249016,-0.17592919
-3.8235402,3.0933087,6.7923503,-0.41172317,-0.16615535,-0.83199847
-6.7372837,-0.22026655,9.11712,-0.2003638,0.9456194,0.4129449
-5.7987566,1.6232687,5.9448028,-0.12583824,-0.17348573,-0.08552113
-5.5521536,2.621651,7.6614456,0.3885103,0.14294247,0.42638394
-5.9280434,0.6847417,6.619968,0.032986723,0.19914207,0.030543262
-7.015011,0.34476504,8.868123,-0.38728857,-0.12095132,-0.32620203
-4.996699,6.8426285,5.0302176,0.05375614,0.15149458,0.06963864
-6.0980315,2.2864625,7.723695,0.07086037,0.27366763,0.6389651
-6.8282633,-2.2266076,8.130709,-0.52778757,-0.1881465,-0.15393804
-5.2959743,3.5745432,5.6239796,0.096516706,-0.15271631,-0.42638394
-5.4683566,5.422867,5.920861,0.37751472,0.37018433,0.54733527
-6.9168487,-0.5506664,9.062054,-0.18692477,0.03176499,0.204029
-5.932832,0.61770403,7.3525934,-0.22602014,-0.43493605,-0.5448918
-5.518635,4.951209,5.133168,0.39950588,0.15393804,0.002443461
-6.1507044,1.8148049,8.334216,0.1282817,0.3848451,0.61575216
-6.6415157,-2.552219,8.420407,-0.5009095,-0.46181414,-0.32375857
-5.4659624,3.976769,5.865794,0.21502456,-0.20647246,-0.43004912
-5.734113,5.875371,6.265626,0.19181168,0.47158796,0.52778757
-6.9958572,-1.163582,9.107543,0.06352998,-0.12217305,0.040317107
-5.1762643,2.6408045,6.409278,0.34208453,-0.3726278,-0.70738196
-5.118803,6.3781533,5.1666875,0.5717699,0.12583824,0.15393804
-7.1826053,1.6424223,7.6710224,0.13561209,-0.043982297,0.06352998
-5.6551046,3.0454245,6.1770406,0.047647487,-0.204029,-0.35430184
-5.1810527,4.2999864,5.5377884,0.17348573,0.37384954,0.4813618
-6.3949127,1.2545617,7.869741,-0.105068825,0.29932398,0.44715336
-4.63278,2.492364,6.907272,0.25900686,-0.5497787,-0.71959925
-6.2608376,0.5363012,8.899248,-0.75747293,-0.61575216,-1.1520919
-7.587225,-2.9520507,9.682152,-0.021991149,-0.3885103,0.39950588
-3.4763808,1.2521675,7.1371155,-0.061086524,0.13927728,0.86009824
-5.547365,2.087744,7.575254,-0.3200934,0.35063666,0.26633725
-5.662287,-2.3127987,6.7923503,0.61453044,0.087964594,0.25900686
-3.2561142,3.8522706,8.257602,-0.752586,0.16249016,-0.16982053
-6.421249,0.92176765,6.5696893,0.43004912,-0.02321288,0.112399206
-4.2999864,1.292869,9.093178,0.172264,0.14294247,-0.29443705
-4.369418,2.906561,7.489063,-0.28221974,-0.0842994,0.4654793
-8.477868,0.06943185,6.019023,0.105068825,0.073303826,-0.028099801
-3.8738184,1.8004397,9.959879,0.3286455,0.18203785,-0.15882497
-3.2944214,2.504335,7.1754227,-0.7831292,-0.09162979,0.43004912
-8.030152,-0.17717093,6.1650696,0.16982053,0.10629055,-0.21624629
-3.6966474,2.3127987,9.864111,-0.02443461,0.09040806,-0.064751714
-5.0493712,2.0518308,6.5481415,-0.3200934,0.09896017,0.35430184
-6.217742,1.6496049,7.467515,0.312763,0.07941248,-0.30176744
-2.1332338,3.8355112,9.548077,-0.09285152,-0.080634214,-0.11362094
-5.4683566,2.7126305,6.885724,0.15271631,0.057421334,0.30787608
-6.766014,0.32321724,7.740454,0.16615535,0.15393804,-0.24801129
-2.2984335,4.4220905,8.980651,-0.12461651,-0.09040806,0.021991149
-6.5265937,0.34955344,6.1650696,0.24923302,-0.09407325,0.18325958
-4.225766,1.2785037,8.276755,0.28099802,0.081855945,-0.52778757
-2.858677,4.5992613,8.080431,-0.10140363,-0.039095376,0.32375857
-7.4723034,0.4237737,5.6096144,1.1508701,0.21380283,0.008552114
-3.9121256,1.9991584,9.131485,-0.105068825,0.004886922,-0.46303585
-3.8905778,3.181894,7.639898,-0.7098254,-0.004886922,0.46792278
-9.392453,0.32321724,6.483498,0.50946164,0.22479841,-0.12339478
-4.1132383,0.81163436,9.727641,-0.17959438,-0.05497787,-0.062308256
-5.2361193,2.2601264,7.0940194,-0.19058995,0.1881465,0.4447099
-8.293514,-0.93134445,6.5864487,0.6010914,0.19425514,-0.14049901
-4.453215,2.1930888,8.913613,0.16737708,-0.05009095,-0.20280726
-5.9902925,2.3678656,4.3766007,-0.657291,0.18081611,-0.36163223
-5.8586116,4.96318,7.9463553,1.423316,-0.54244834,-0.6169739
-5.389348,-0.40222588,9.524135,-0.83199847,0.14905111,0.1600467
-5.5138464,2.873042,6.2752028,-0.8173377,0.1881465,0.8197812
-6.181829,-3.3542767,9.160215,-1.2742649,0.5338962,0.75747293
-5.329493,0.6679823,8.401254,-0.35063666,0.056199603,0.23335053
-5.1140146,2.207454,7.1706343,0.19792034,-0.12461651,-0.43860126
-5.094861,3.7565024,6.505046,0.07819075,0.2565634,0.17715092
-7.240066,-1.2617443,8.578424,-0.28710666,0.15882497,0.344528
-6.375759,-0.93373865,7.144298,-0.1563815,-0.09407325,-0.45814893
-4.5872903,4.5513773,6.813898,0.27000242,-0.004886922,-0.14538592
-6.3063273,3.2249897,7.1155677,0.20769419,0.15027285,0.6047566
-7.192182,-1.0510546,7.723695,-0.19303341,-0.096516706,-0.2846632
-5.434838,2.5019407,6.576872,0.14538592,-0.04642576,-0.30665436
-5.130774,5.461174,6.4380083,0.021991149,0.09896017,0.19303341
-7.314286,-0.46926352,7.908048,-0.13194689,0.103847094,0.31520647
-6.7348895,-1.2521675,7.141904,0.037873644,-0.15271631,-0.5021312
-4.685453,4.486734,6.5984197,0.004886922,-0.013439035,-0.12095132
-5.8921304,3.4811692,6.7803793,0.12583824,0.19425514,0.5448918
-7.644686,-3.1411927,7.920019,-0.2687807,-0.06963864,-0.20891592
-4.465186,1.9153614,6.7851677,0.5021312,-0.21624629,-0.5681047
-4.429273,5.674258,5.5377884,0.40439278,-0.20158553,-0.6976081
-5.2002063,-1.6184803,8.128315,-2.6132815,-0.23090707,-1.7568485
-5.935226,-5.2480903,4.9655743,-1.7825048,0.35063666,-1.1252137
-4.7189717,-6.8282633,6.241684,0.49602258,-0.04886922,-0.0720821
-5.7484784,-5.365406,7.431602,1.8435913,-0.035430185,1.1582005
-4.63278,-0.5243302,6.4882865,0.6230826,-0.27000242,1.0848967
-3.775656,-0.02873042,8.307879,0.32253686,0.24801129,0.37873647
-5.3845596,1.2354081,8.173804,-0.41172317,0.1001819,0.6169739
-5.523423,-0.7685388,8.015787,0.35796702,-0.010995574,0.28588495
-3.7181952,2.1212628,8.856153,0.07941248,0.014660766,0.036651913
-5.415684,-1.3000516,7.3310456,0.17348573,0.09773844,-0.20647246
-3.8115692,-1.1348516,11.125855,-0.52656585,-0.035430185,-0.21135938
-4.6471453,3.7804444,7.489063,-0.43249258,-0.25289822,0.49113566
-7.5201874,0.6751649,5.66947,0.33475417,0.20769419,0.080634214
-4.261679,0.260968,9.469068,0.41538838,0.09040806,-0.3005457
-2.4612393,2.336741,9.129091,-0.98471475,-0.36651915,0.17959438
-7.9128366,-0.5386954,4.7381253,0.5534439,0.17104226,-0.09407325
-3.928885,1.6017209,9.138668,0.081855945,0.040317107,-0.41538838
-4.6926355,2.315193,7.7667904,-0.37384954,-0.12583824,0.35308012
-8.159439,-1.3934253,7.1490865,0.18570304,0.2284636,-0.07086037
-3.6248214,3.3901896,9.811439,-0.4605924,0.056199603,0.02321288
-5.08289,3.550601,6.184223,0.54367006,-0.12339478,0.35063666
-5.2265425,1.5035586,8.556877,1.0946705,0.13805555,-0.65484756
-2.030283,3.1196449,9.368511,-0.5119051,-0.21624629,0.16493362
-7.920019,-0.9840169,5.9160724,-0.1160644,0.24801129,0.012217305
-4.5561657,1.7118542,8.461109,0.7134906,0.019547688,-0.46914452
-3.9600096,1.0366893,9.074024,-0.6560693,-0.062308256,0.6096435
-9.68694,-1.7836803,5.731719,-0.14538592,0.3726278,-0.2687807
-4.4460325,0.5722142,9.895236,-0.16982053,0.19058995,-0.25289822
-5.317522,3.6894648,6.931214,0.18203785,-0.021991149,0.4972443
-7.369353,-0.023942016,7.314286,0.2761111,0.12461651,-0.42149702
-3.1172507,4.2305546,9.346964,-0.22357668,-0.035430185,0.035430185
-5.8562174,3.1627405,5.657499,0.31031954,-0.07696902,0.38362336
-3.9504328,2.896984,7.431602,0.48380527,-0.23823744,-0.61941737
-5.6790466,-0.062249243,6.217742,-0.5729916,0.21868975,-0.9419542
-7.6949644,0.5746084,8.283937,0.59131753,0.12950343,0.11362094
-5.305551,0.94810385,7.28795,0.2125811,0.10873401,0.70738196
-6.6726403,-0.81642276,8.714894,0.20891592,0.20280726,0.47403142
-6.0381765,-0.92416185,8.056489,-0.45081854,-0.29810223,-0.24190263
-5.4803276,2.3127987,6.1890116,0.065973446,0.09285152,0.48258355
-5.753267,4.10845,6.1076083,0.28955013,0.25289822,0.45448375
-7.536947,0.29448682,8.271967,-0.11362094,0.10873401,0.37018433
-6.066907,2.018312,7.0820484,-0.12339478,-0.118507855,-0.29565877
-4.903325,4.675876,5.710171,0.13316862,0.3005457,0.10751228
-6.5218053,1.769315,7.872135,0.07574729,0.43249258,0.6414085
-7.383718,-4.220978,8.248025,-0.87598073,-0.25411993,-0.57787853
-4.4699745,3.2154129,5.8945246,0.1881465,-0.10873401,-0.39706242
-6.1626754,3.1603463,6.5505357,0.7733554,0.36651915,0.7134906
-7.5082164,-4.7979803,8.736442,-0.49968776,-0.35430184,-0.38973203
-4.3837833,2.3247697,6.5098343,-0.081855945,-0.4007276,-0.6365216
-5.2863975,8.12592,5.2768207,0.19058995,0.2687807,0.41905355
-6.7731967,2.4492683,7.0221934,0.5448918,0.5742133,0.86376345
-7.1873937,-4.6830587,8.327033,-0.6951646,-0.0842994,-0.27366763
-6.093243,2.4037786,7.120356,0.10629055,-0.41905355,-0.79901177
-4.9536033,7.752425,4.8865657,-0.18081611,0.037873644,-0.02565634
-6.081272,4.036624,5.6407394,0.14538592,0.44715336,0.5448918
-7.429208,-0.9504981,8.317456,0.040317107,0.34697145,0.5729916
-6.8881183,-4.6710877,8.508993,-0.59620446,-0.5009095,-0.52290064
-5.035006,3.4404678,5.971139,0.30909783,-0.312763,-0.59986967
-5.719748,7.9607205,4.948815,0.14172074,0.28221974,0.27366763
-7.3430166,1.9153614,7.9511437,0.33964106,0.3885103,0.52778757
-6.4499793,-4.0701427,8.499416,-0.42149702,-0.3005457,-0.4728097
-5.449203,1.4915876,7.0820484,0.27122417,-0.33108896,-0.53878313
-5.9184666,6.9719152,4.7046065,-0.24801129,-0.008552114,-0.28955013
-6.634333,3.2585084,6.615179,0.1600467,0.29810223,0.55955255
-6.8929067,-3.6248214,8.305486,-0.25900686,-0.0036651916,-0.02076942
-6.4619503,-0.12449849,7.4986396,-0.26145032,-0.3286455,-0.6768387
-5.1571107,7.539341,5.032612,-0.19792034,-0.0012217305,-0.22113322
-6.4787097,4.256891,6.0477533,-0.22602014,0.28588495,0.59131753
-5.753267,2.870648,7.00304,-0.04886922,0.44715336,0.6609562
-6.612785,1.2880806,7.7428484,0.28221974,-0.41172317,-0.5021312
-6.727707,-1.5634137,10.828975,1.001819,-0.38728857,0.089186326
-4.0318356,2.858677,4.6112323,-0.9761627,0.13316862,0.43004912
-5.327099,6.4020953,7.9343843,1.1765264,0.28710666,-0.75136423
-3.7062242,4.6351743,8.920795,-1.110553,-0.5180137,0.70371675
-8.561666,1.4173675,4.2425256,-0.08307768,0.06841691,-0.047647487
-3.8977604,2.5570073,10.386047,0.48991394,0.2602286,-0.44715336
-1.8746599,2.4636335,9.799467,-1.8680259,-0.6401868,0.42149702
-7.311892,1.283292,2.4061728,-0.029321533,-0.096516706,0.059864793
-5.011064,0.8571242,9.045294,0.18081611,0.31031954,-0.4813618
-3.41892,-0.19153613,9.828198,-2.057394,-0.37384954,0.3555236
-10.228029,-2.3558946,3.4883518,-1.0519099,0.18448131,-0.13072516
-4.2664676,-0.4189853,10.807426,0.87598073,0.5314528,-0.548557
-4.7261543,1.0821792,6.2225304,-1.8093829,-0.39584067,0.43249258
-9.528923,-3.2920272,4.098873,-0.7415904,0.24190263,-0.36285394
-3.8522706,2.1045034,10.778696,1.1826351,0.29932398,-0.16615535
-4.8458643,0.7637503,7.45315,-0.9505063,-0.18203785,0.7305948
-10.0029745,-1.9800048,5.315128,0.13439035,0.61453044,-0.20158553
-4.1491513,1.2330139,11.60709,-0.12095132,0.16737708,-0.19303341
-3.9312792,1.8866309,8.286332,-0.33108896,-0.3200934,0.86742866
-9.959879,-3.1555579,5.209783,-0.752586,0.4361578,-0.096516706
-4.4795513,1.2665327,9.203311,0.49235737,0.25167647,-0.2602286
-5.353435,2.942474,9.303867,-0.70249504,-0.21624629,0.6426302
-6.469133,1.4796166,3.071761,-0.17348573,-0.12461651,0.22602014
-8.379706,0.60094464,7.9487495,0.92485,0.48380527,-0.5839872
-2.4875755,1.2162545,11.36767,-0.7867944,-0.118507855,0.0012217305
-2.5737667,5.281609,8.389283,-0.2687807,-0.57787853,0.38606682
-6.2584434,0.33279404,7.098808,-0.07941248,-0.057421334,-0.22602014
-7.1131735,3.9456444,7.45315,1.3903292,-0.11728613,0.17959438
-4.225766,2.932897,8.4826565,-1.7397442,0.019547688,0.14294247
-6.6726403,-0.4285621,4.8578353,0.4654793,-0.04153884,0.061086524
-4.620809,2.078167,9.3421755,0.9773844,0.18203785,-0.43371433
-3.9073372,1.5634137,7.795521,-1.3451253,-0.1441642,0.36651915
-8.487445,-0.20111294,4.891354,0.17959438,0.18081611,-0.12217305
-4.5034933,2.5450363,10.512939,0.31642818,0.030543262,-0.42149702
-2.8395233,2.8107927,9.109938,-1.065349,-0.50335294,0.028099801
-7.3190746,1.2401965,2.966416,2.1038198,0.18325958,0.028099801
-6.612785,1.3263878,4.72376,-0.43371433,0.2321288,-0.6206391
-7.445967,1.2042835,8.995016,-1.8093829,0.3555236,-0.10629055
-5.145139,3.3901896,6.8186865,-0.13194689,0.38606682,0.82344633
-6.054936,-3.454833,8.908825,-0.49968776,-0.009773844,0.13072516
-6.9982514,-1.5298948,6.2823853,-0.1563815,-0.002443461,-0.45448375
-5.2145715,3.4739866,5.8466406,0.28221974,0.07819075,-0.2968805
-5.437232,6.3302693,6.5720835,0.1001819,0.25411993,0.46181414
-6.9024835,-0.08379706,8.12592,-0.22235495,0.18570304,0.54611355
-6.8569937,-7.0940194,8.700529,-0.10873401,-0.112399206,-0.28710666
-5.559336,0.85473,7.6351094,0.70249504,-0.28099802,-0.7012733
-5.209783,6.208165,5.4444146,-0.07086037,0.04520403,-0.11362094
-6.3925185,6.2823853,5.533,0.014660766,0.312763,0.54000485
-6.95755,2.8993783,6.7612257,-0.02443461,0.40683624,0.7171558
-7.098808,-2.5115175,8.224083,-0.20525073,-0.09285152,-0.14905111
-5.3103395,0.9935937,7.3047094,0.28588495,-0.25900686,-0.59864795
-4.6040497,5.3725886,6.64391,0.34208453,-0.22357668,-0.4092797
-5.518635,3.667917,7.4004774,0.4801401,-0.6047566,-0.39461896
-5.686229,3.4213142,6.981492,0.80878556,0.16249016,0.40561453
-4.72376,4.189853,4.972757,-1.7751744,0.22357668,0.91874135
-5.973533,-0.074220255,6.145916,-0.2565634,0.4654793,-0.7464773
-2.9161377,7.9391727,11.070788,0.6035349,-0.37873647,-0.6597345
-5.544971,2.7868507,4.7764325,-0.77457714,-0.45081854,0.5839872
-8.248025,1.4293385,5.547365,0.70616025,0.3567453,-0.080634214
-3.9312792,1.0941502,11.559206,-0.3213151,0.008552114,0.19425514
-3.7493198,3.6008794,7.299921,-0.8979719,-0.45814893,0.46181414
-8.796297,-1.9919758,3.7948096,-0.037873644,0.376293,-0.20769419
-4.4939165,1.4173675,11.101913,0.2846632,0.11362094,-0.24801129
-3.3638535,5.2002063,7.797915,-0.5448918,-0.52656585,0.5510005
-8.195353,-1.9608512,4.3382936,-0.15027285,0.33108896,-0.06841691
-5.197812,1.2497733,10.350134,0.5534439,0.13805555,-0.4007276
-3.3087866,2.9376855,7.3789296,-0.48624873,-0.28710666,0.35063666
-7.711724,0.35673606,3.9360676,0.3371976,0.16615535,-0.0061086523
-5.5401826,1.6807296,7.7308774,1.3683381,0.10995574,-0.48258355
-6.114791,3.6583402,6.3446345,-0.267559,-0.16371189,-0.1685988
-6.5840545,1.7310078,8.990228,-1.0848967,0.3933972,0.56199604
-4.829105,3.845088,5.1882353,-0.4373795,-0.105068825,0.009773844
-5.035006,4.7500963,7.687782,0.18448131,0.37995818,0.5009095
-6.7133417,-2.5737667,9.002198,-0.19547687,0.043982297,0.24923302
-6.2105594,0.7781156,7.8793178,-0.13439035,-0.22479841,-0.5766568
-4.939238,6.3589997,5.547365,0.12339478,-0.014660766,-0.12339478
-5.533,6.6965823,5.9064956,0.02565634,0.30543262,0.6426302
-6.8426285,1.472434,7.867347,0.02076942,0.41416663,0.5839872
-6.9623384,-4.4723687,9.284714,-0.35430184,-0.20158553,-0.45570546
-4.8482585,1.9440918,7.7428484,0.68783426,-0.28344148,-0.5534439
-4.781221,5.616797,5.7748146,0.06352998,-0.05497787,-0.172264
-6.0142345,6.801927,5.9519854,-0.22113322,0.21624629,0.41783184
-7.2544312,1.6831238,7.5920134,-0.17104226,0.3481932,0.56077427
-6.6989765,-2.8754363,8.070854,-0.5204572,-0.22479841,-0.42638394
-4.345476,2.372654,7.0964136,0.15271631,-0.16982053,-0.36285394
-4.8506527,6.9360023,5.74369,0.004886922,0.056199603,0.02443461
-7.053318,2.372654,8.032547,-0.057421334,0.27122417,0.52656585
-7.204153,-4.259285,8.535329,-0.57543504,-0.1282817,-0.37751472
-4.3263226,2.882619,6.5960255,0.2773328,-0.27000242,-0.48502702
-4.699818,7.8266454,5.923255,-0.22235495,0.16126843,0.2724459
-5.2840033,0.24899697,7.3885064,-0.47036624,-0.32986724,-0.6951646
-4.663905,0.94092125,8.980651,-1.6994271,-0.4166101,-1.2498302
-5.813122,-6.3422403,9.378088,0.030543262,0.13439035,0.24923302
-4.402937,-0.63206923,6.7612257,-0.1160644,0.16615535,0.63285637
-6.895301,-1.0821792,4.429273,0.21991149,0.34208453,0.20525073
-5.717354,1.9991584,8.180987,-0.02076942,0.007330383,0.6243043
-5.2409077,-0.7445967,5.813122,0.89675015,0.13927728,0.23701571
-5.0637364,1.2042835,8.719683,-0.5742133,0.344528,-0.516792
-6.3111157,3.1411927,5.997475,-0.65484756,-0.04520403,0.26511553
-5.571307,2.492364,6.9407907,-0.2687807,0.25534168,-0.37507126
-3.1411927,4.3263226,10.134656,-0.4569272,-0.26633725,0.40683624
-6.528988,1.6879122,3.5218706,0.039095376,-0.09407325,0.31031954
-6.6103907,2.2697031,9.270349,0.47891834,0.26511553,-0.51923543
-2.695871,3.5865142,10.081984,-0.61819565,-0.32253686,0.112399206
-6.0477533,4.426879,4.417302,0.6609562,-0.1441642,0.5045747
-8.7771435,0.33518824,5.521029,0.3200934,0.5180137,-0.1966986
-3.8115692,2.815581,10.304645,-0.12461651,-0.0012217305,-0.028099801
-4.865018,3.4213142,5.7724204,-1.1117748,-0.33108896,0.49357912
-7.5680714,1.5897499,4.1299977,0.29077184,0.15760323,-0.119729586
-5.5282116,4.606444,8.949526,1.5296066,0.39095375,-0.2883284
-3.016694,4.3718123,8.135497,-1.0140363,-0.2919936,0.6426302
-7.2209125,3.052607,4.5394063,-0.07574729,-0.04520403,-0.095294975
-5.2504845,0.4141969,7.627927,0.81122905,0.4813618,-0.75625116
-3.3973722,6.2512608,8.257602,-0.6047566,-0.37140608,0.20647246
-10.599131,-1.745373,3.5673606,0.38606682,0.48502702,-0.22113322
-5.7987566,3.9336734,8.166622,0.8943067,0.19181168,-0.5009095
-2.956839,5.41329,10.611102,0.118507855,-0.2443461,0.1600467
-6.208165,4.3358994,2.9496565,0.12095132,-0.35430184,0.21746802
-8.173804,0.3854665,5.0302176,-0.13194689,0.5314528,-0.48624873
-5.133168,1.8339585,9.208099,-0.04520403,0.3848451,-0.2125811
-3.775656,2.6120741,10.014946,-1.3720033,-0.61453044,0.535118
-9.763555,-0.59136784,4.2185836,0.2687807,0.3115413,-0.09285152
-6.14831,1.2761095,9.294291,0.49602258,0.33964106,-0.41783184
-3.0023289,5.329493,10.196905,-0.22357668,-0.5876524,0.15149458
-6.4308257,1.2617443,3.9145198,0.21502456,-0.31520647,0.35063666
-7.5321584,1.0582372,7.4627266,0.9651671,0.40317106,-0.49113566
-6.3685765,2.992752,5.1786585,-0.2846632,0.1563815,0.16249016
-5.0781016,4.5082817,7.120356,-0.08307768,-0.028099801,0.45081854
-8.817844,0.12449849,3.6583402,-0.8051204,0.19547687,-0.12217305
-4.735731,2.896984,8.62152,0.9089675,0.22235495,-0.24801129
-5.29358,2.6479871,5.961562,-0.9224065,-0.10873401,0.44837508
-8.851364,0.7613561,4.390966,0.13561209,0.4447099,-0.30543262
-4.3167458,3.0071173,9.576807,-0.4092797,0.06841691,0.043982297
-5.8107276,1.7764976,5.971139,-0.5290093,-0.46181414,0.17592919
-7.0221934,3.1148565,5.5497594,0.49357912,0.13439035,0.039095376
-7.513005,1.4389153,5.5856724,0.3885103,0.09285152,-0.29810223
-5.5042696,2.348712,7.735666,-0.48258355,0.20769419,0.095294975
-7.728483,2.0111294,5.6982,0.030543262,0.10140363,-0.042760566
-5.9543796,3.277662,7.5321584,-0.2602286,0.036651913,0.12705997
-7.405266,3.4763808,5.6527104,0.42149702,-0.1001819,0.04642576
-5.1475334,4.0821137,7.2065473,0.018325957,0.18570304,0.015882496
-7.639898,3.7349546,5.533,0.19058995,-0.009773844,0.23945917
-6.0525417,2.9712043,5.2768207,0.8723156,-0.052534413,-0.40317106
-6.5122285,4.4196963,4.8722005,0.20647246,-0.21013765,-0.119729586
-7.513005,3.4763808,7.465121,-0.55955255,0.40194935,0.44715336
-5.449203,4.841076,6.7731967,-0.3213151,0.2773328,0.6817256
-5.947197,-2.2290018,10.1226845,-0.71959925,0.18325958,0.453262
-6.129156,-2.3056161,9.251195,-0.37140608,-0.48502702,-0.33841935
-6.2009826,2.6288335,6.634333,0.24801129,-0.0842994,-0.20280726
-5.3965306,4.2521024,6.5122285,0.15515977,-0.073303826,0.03176499
-5.291186,4.0821137,7.788338,-0.17837265,0.2932153,0.58032197
-6.10282,-1.4891934,8.238448,-0.2321288,0.112399206,0.27977628
-6.435614,-1.7501614,8.568848,-0.10629055,-0.28588495,-0.7452556
-5.1666875,5.770026,4.795586,-0.34330627,0.034208454,-0.25534168
-5.485116,4.012682,5.4563856,0.7648033,0.47036624,0.75502944
-6.622362,1.0247183,7.93199,0.1441642,0.1600467,0.34330627
-6.0764837,-4.0174704,9.483433,-0.20891592,-0.2919936,-0.30665436
-4.584896,3.4332852,6.244078,0.3115413,-0.10140363,-0.408058
-5.8322754,6.277597,5.5377884,0.34208453,0.2932153,0.4007276
-6.9719152,-0.19153613,8.3868885,0.17715092,0.21380283,0.43249258
-6.291962,-1.0582372,8.11395,-0.07819075,-0.31031954,-0.58032197
-5.1906295,7.1227503,5.0757074,-0.2565634,0.06719518,-0.03176499
-6.361394,3.41892,6.3781533,0.2443461,0.47158796,0.6597345
-6.2823853,1.0773908,8.50181,-0.02687807,-0.15393804,-0.13561209
-5.8801594,3.2225955,7.3525934,1.187522,-0.065973446,-0.20525073
-6.2584434,3.4644098,3.6703112,-0.38606682,0.4728097,0.7415904
-4.4580035,7.9032598,8.403648,0.58032197,-0.019547688,-0.111177474
-6.943185,0.6464345,4.924873,0.86254174,0.2687807,-0.18325958
-3.8187518,4.685453,9.837775,0.32253686,0.05375614,0.047647487
-5.949591,4.237737,5.130774,-0.7831292,-0.3286455,0.44959682
-8.583213,2.2170308,5.185841,0.58276546,0.35185838,-0.19547687
-3.4835634,5.650316,10.357317,-0.42394048,-0.007330383,-0.35308012
-5.463568,5.353435,3.323152,0.12461651,-0.26511553,0.36285394
-8.671799,-0.04070143,5.7245364,-0.095294975,0.5705481,-0.43982297
-3.857059,4.232949,10.493786,-0.119729586,-0.002443461,-0.17715092
-5.094861,3.8953662,6.6247563,-0.31031954,-0.44593164,0.44837508
-8.429984,0.3184288,4.747702,-0.6560693,0.46792278,-0.15271631
-3.9264908,2.885013,10.503363,0.12095132,0.08552113,-0.059864793
-4.1012673,4.948815,8.118738,-0.26389378,-0.49113566,0.6414085
-9.739613,-2.456451,3.2609026,-0.689056,0.46914452,0.012217305
-5.159505,1.7836803,9.957485,0.23945917,0.28221974,-0.036651913
-3.7205894,3.775656,8.66701,-1.0225884,-0.516792,0.48258355
-8.53054,-0.22026655,3.8307228,0.10262536,0.30665436,0.0012217305
-6.727707,2.6048915,6.8785415,0.2565634,0.15271631,-0.47158796
-3.6463692,4.4316673,9.473856,0.13316862,-0.17837265,0.14660765
-5.731719,2.4851813,5.269638,-0.42638394,-0.06963864,0.3494149
-7.9607205,2.2026656,5.619191,0.009773844,0.20891592,-0.16982053
-4.8578353,2.0590134,9.112331,0.12217305,0.05375614,-0.16737708
-4.6232033,3.3997664,7.2807674,-0.24312437,-0.31520647,0.51923543
-7.1993647,-1.055843,3.86903,-0.32375857,0.19181168,-0.25900686
-6.493075,3.6104562,6.5481415,0.40683624,0.0,-0.009773844
-7.029376,-1.1659763,10.340557,-0.97494096,-0.12950343,0.2846632
-5.4922986,5.93762,5.056554,-0.18692477,0.052534413,-0.02321288
-4.987122,4.6806645,5.2528787,-0.24312437,0.3848451,0.4972443
-6.1243677,3.6367924,7.019799,0.17837265,0.46792278,0.8491027
-7.0245876,-2.8107927,8.805874,-0.18081611,-0.034208454,0.18081611
-4.572925,1.6639702,7.326257,0.5290093,-0.657291,-0.4129449
-4.2544966,6.706159,5.1690817,0.24678956,-0.11362094,-0.15760323
-5.279215,6.1387334,5.461174,-0.06963864,0.5681047,0.42394048
-6.64391,2.042254,7.9750857,0.27122417,0.23945917,0.38240165
-5.554548,-0.050278235,8.200141,-0.47158796,-0.28221974,-0.41172317
-5.6670756,2.1092918,7.1826053,0.036651913,-0.30665436,-0.44348818
-5.023035,5.619191,5.1762643,-0.07574729,-0.14660765,-0.41538838
-5.3606176,7.678205,5.1523223,0.0720821,0.21868975,0.12583824
-6.1123967,4.0677485,7.491457,0.21868975,0.4202753,0.6084218
-6.1243677,-3.5290532,9.85214,-0.56077427,-0.1441642,-0.015882496
-4.711789,1.5969325,7.819463,0.31642818,-0.54733527,-0.6291912
-4.4484267,7.285556,5.2768207,0.065973446,-0.008552114,-0.07941248
-5.207389,4.0916905,7.5584946,0.36774087,-0.10262536,0.1282817
-5.116409,3.052607,8.652645,1.0934488,-0.05375614,-0.06963864
-5.901707,3.8379054,6.0860605,0.65240407,0.29565877,0.25045475
-4.307169,5.197812,6.6391215,-2.4019222,0.25167647,0.19058995
-6.181829,0.25857377,6.131551,-0.008552114,0.07941248,-0.8210029
-2.1068976,8.154651,10.745177,-0.31398472,-0.037873644,-0.2565634
-4.9200845,6.6606693,4.709395,0.47036624,-0.36285394,0.3005457
-6.6654577,2.7126305,7.0461354,0.40317106,0.20525073,-0.59986967
-2.4372973,6.3087215,10.793061,0.37995818,-0.3286455,-0.03176499
-7.1634517,0.12449849,4.2161894,-0.10751228,-0.05375614,0.27488935
-7.8027034,1.5227122,6.7444663,0.312763,0.32375857,-0.5742133
-1.532289,6.8282633,10.441113,0.2761111,-0.15027285,-0.29810223
-5.793968,3.7828386,5.485116,0.11362094,-0.19303341,0.56077427
-7.941567,0.37828386,5.9639564,-0.1160644,0.30787608,-0.29565877
-2.918532,5.6982,9.473856,0.26633725,-0.0842994,-0.09407325
-6.3422403,1.8052281,4.6136265,0.54244834,-0.22113322,0.29565877
-4.5394063,2.8993783,8.358158,0.75136423,-0.13439035,-0.68539083
-4.6040497,1.6783354,8.037335,-0.8210029,0.12339478,0.5510005
-8.291121,0.035913024,5.233725,0.17959438,0.15760323,-0.13194689
-3.0238767,4.5058875,9.739613,-0.23701571,-0.029321533,-0.017104227
-5.437232,3.763685,7.405266,0.86498517,-0.408058,-0.18936823
-4.474763,4.333505,3.2561142,0.72692966,-0.007330383,-0.19181168
-7.57286,-0.2657564,10.242394,-1.351234,0.49480084,-0.2406809
-7.2568254,1.1611878,7.2113357,-1.0079277,-0.02321288,0.5216789
-5.5641246,0.9840169,7.4483614,-0.9822713,-0.36163223,-0.07696902
-4.146757,6.3063273,5.1547165,-0.04886922,0.47647488,0.49968776
-5.734113,3.1890767,8.180987,0.004886922,0.4202753,0.59742624
-6.339846,-4.1276035,10.287885,-0.3567453,-0.37384954,-0.2284636
-4.297592,2.755726,6.7803793,0.30176744,-0.3005457,-0.46914452
-3.6008794,7.716512,5.281609,0.04642576,0.17837265,0.14782938
-6.05733,2.3798366,7.8170686,0.057421334,0.51068336,0.6389651
-6.8665705,-5.889736,10.766725,-0.35185838,-0.35430184,-0.36041048
-4.9895163,0.9911995,7.9343843,0.312763,-0.5204572,-0.7305948
-3.8115692,5.628768,5.841852,-0.49113566,-0.029321533,-0.27122417
-4.783615,6.4547677,5.386954,0.43493605,0.45570546,0.50946164
-6.83784,1.115698,8.966286,0.32620203,0.38973203,0.6096435
-3.6774938,-1.5514427,9.660604,-0.57543504,-0.5009095,-0.77946407
-6.009446,0.39743748,8.9998045,0.19914207,-0.2321288,-0.17348573