0.94331545,4.1276035,8.173804,-0.27488935,0.073303826,-0.20891592
0.9624691,4.1706996,8.487445,-0.11362094,0.0012217305,-0.2846632
1.1899183,4.072537,9.095572,0.07696902,0.23579398,-0.56077427
-1.4317327,4.1371803,8.511387,0.44226643,0.15149458,0.081855945
-0.1340753,4.3622355,8.058883,-0.30665436,0.37507126,-0.16249016
-0.8379706,4.256891,10.82658,-6.006027,1.4990633,0.17837265
-4.709395,-1.6232687,7.501034,0.17715092,0.41538838,1.6896533
-4.0054994,2.3942018,6.5122285,0.4886922,0.1881465,0.7110472
-5.509058,-2.6312277,8.765172,-0.26145032,0.25778514,0.24801129
-4.8362875,0.81402856,7.0964136,-1.4795157,-0.19058995,0.47769663
-7.443573,-1.9776106,6.634333,1.645671,0.51068336,0.10140363
-4.656722,2.171541,10.113108,-0.7831292,0.073303826,-0.10751228
-3.8259344,4.4580035,8.734048,-0.11362094,-0.83199847,0.18325958
-5.2241483,2.5330653,3.3542767,0.14905111,0.2687807,0.2284636
-5.315128,-0.5386954,8.267179,0.28099802,0.5644395,-0.23701571
-3.8067808,2.1978772,12.713211,0.10629055,-0.41783184,0.04886922
-3.5194764,4.292804,7.8050976,-1.3952162,-0.7440339,-0.18570304
-5.7987566,0.8810662,5.781997,0.95294976,0.57543504,0.04642576
-6.0597243,-2.0853498,8.710106,-0.039095376,0.4728097,-0.31887165
-4.24492,2.0039468,11.535264,-0.037873644,-0.12461651,-0.11728613
-3.4500446,4.0198646,8.403648,0.0842994,-0.5558874,0.14294247
-5.5976434,2.6312277,5.875371,0.09162979,0.53023106,-0.019547688
-5.638345,-1.0007763,7.4483614,0.5534439,0.65240407,-0.2761111
-3.8115692,0.9768343,11.061212,0.63529986,-0.25778514,0.3200934
-4.5513773,4.1060557,7.1826053,0.7012733,-0.52534413,-0.22113322
-5.8203044,2.3894134,8.880095,-1.5076154,0.4251622,0.29932398
-4.4939165,3.5458126,6.9958572,-0.018325957,0.31887165,0.35430184
-4.402937,-0.7422025,7.299921,-0.014660766,0.56199604,0.4373795
-5.48751,-0.9696517,7.7907324,-1.4721853,0.18081611,-0.42760566
-5.398925,6.6510925,9.062054,0.29565877,-0.24190263,0.057421334
-5.0661306,3.799598,7.302315,0.12217305,-0.18203785,0.2968805
-5.470751,3.0119057,6.4404025,0.59498274,0.081855945,0.44959682
-5.2002063,-2.1380222,7.2448545,0.34697145,0.11362094,-0.27977628
-6.2105594,3.3901896,8.731653,-0.54000485,0.05131268,-0.38973203
-5.758055,5.41329,8.717288,0.5815437,-0.40317106,0.19058995
-4.9679685,1.8148049,5.861006,-0.17348573,-0.15760323,0.4447099
-4.9703627,-1.7956513,7.347805,0.91874135,0.1600467,0.25778514
-5.628768,0.7086837,8.611943,-0.956615,0.095294975,-0.3848451
-5.4659624,4.3263226,8.884883,0.77824235,-0.44837508,0.3481932
-4.6902413,-0.46926352,4.7381253,-0.31887165,0.2724459,0.22602014
-5.4803276,-1.8195933,7.577648,-1.1655309,0.2284636,-0.73548174
-5.813122,4.8841715,8.992621,0.26511553,-0.36163223,-0.028099801
-4.1946416,3.833117,7.091625,0.67073005,-0.22113322,0.52534413
-4.2640734,1.7477672,6.835446,0.24190263,0.24923302,0.10873401
-5.801151,-0.89782566,6.849811,-1.5894713,0.24556783,-0.4972443
-5.4204726,5.580884,8.690952,0.47036624,-0.111177474,-0.017104227
-4.237737,2.944868,7.285556,0.344528,-0.16126843,0.42760566
-4.7022123,-0.4309563,7.0102224,0.7415904,0.25411993,0.31764993
-5.6335564,0.31124622,7.548918,-1.7018706,0.052534413,-0.52412236
-5.8203044,4.1515455,8.674192,0.48502702,-0.34330627,0.0036651916
-3.5865142,3.083732,6.4284315,0.172264,0.030543262,0.4251622
-4.3023806,-1.283292,7.4124484,-0.11728613,0.31520647,0.22357668
-6.3709707,2.944868,10.225636,-0.25411993,-0.22235495,-0.35918877
-4.405331,4.426879,8.066066,0.48991394,-0.29565877,0.2443461
-3.1411927,0.2705448,7.1059904,0.40317106,0.25167647,0.3213151
-5.9567738,0.7445967,9.495404,-0.40683624,0.14905111,-0.31764993
-4.673482,3.8402996,7.8170686,0.1160644,-0.31642818,0.09407325
-3.2225955,0.78290397,6.871359,0.66339964,0.22968534,0.29810223
-6.6989765,0.90740246,10.053253,-1.142318,0.057421334,-0.52412236
-3.6966474,3.217807,8.554482,1.0384709,-0.28955013,0.07086037
-4.7381253,1.7046716,8.626308,0.052534413,-0.47158796,-0.7806858
-5.647922,2.2122424,9.746795,1.8240436,-0.07574729,-0.48624873
-5.877765,3.1723173,4.1683054,0.6426302,0.47158796,0.38240165
-5.997475,4.2544966,7.644686,0.87598073,0.5522222,-0.44348818
-2.5474305,5.626374,12.6222315,-0.5204572,-0.8344419,0.22235495
-5.9783216,2.528277,2.2026656,-0.44837508,-0.064751714,0.3567453
-6.4978633,-2.3199813,5.5042696,-0.54244834,0.73548174,-0.56077427
-5.6000376,4.072537,11.705252,-0.02076942,0.14905111,-0.28955013
-3.1866825,2.5689783,9.660604,-0.7305948,-0.9468411,0.27366763
-5.3486466,2.099715,4.8458643,0.69027776,0.18081611,0.19792034
-5.8801594,-1.5251064,7.603985,-0.29565877,0.35918877,-0.1001819
-4.582502,4.841076,11.468226,0.40683624,-0.2883284,0.040317107
-4.6806645,4.4699745,4.6279917,-1.4294246,-0.56321776,0.18936823
-6.4619503,3.9312792,2.8682537,0.893085,0.4642576,-0.2761111
-6.445191,1.9416976,7.299921,0.6047566,0.70616025,-0.10629055
-3.8187518,2.123657,9.370906,-0.3371976,-0.47647488,0.05131268
-3.6631286,5.023035,8.817844,-1.0604621,-0.6169739,-0.16615535
-6.208165,1.5849615,3.6703112,0.16737708,0.2125811,0.13805555
-5.60722,1.7118542,8.523358,0.32253686,0.45204028,-0.34208453
-5.303157,0.4429273,11.628637,-0.10629055,-0.21135938,0.052534413
-4.7189717,3.3782187,6.3542113,-1.1655309,-0.63041294,-0.064751714
-6.2249246,2.9017725,4.3861775,0.45204028,0.48624873,0.008552114
-6.3422403,0.93373865,10.16578,1.1582005,0.4605924,-0.013439035
-3.6272156,3.040636,11.161768,-0.5448918,-0.5338962,0.10995574
-4.223372,3.6583402,6.579266,-1.632232,-0.55955255,0.09896017
-5.6670756,2.528277,5.6910176,-0.2602286,0.22724187,0.18448131
-5.851429,-0.2657564,8.3390045,1.568702,0.39461896,-0.05131268
-3.8307228,6.421249,9.500193,0.035430185,-0.6536258,-0.14905111
-5.209783,3.5170822,3.2728736,0.43249258,-0.15149458,0.2846632
-5.9543796,-0.090979666,6.105214,0.66706485,0.8857546,-0.5009095
-5.566519,2.918532,11.918336,0.85154617,0.24556783,-0.30298916
-4.0414124,2.8921957,7.651869,-1.033584,-0.8332202,0.09162979
-6.4978633,1.2521675,2.9759927,0.45814893,0.27122417,0.43860126
-7.0126166,0.02633622,6.5864487,0.35308012,1.0360274,-0.09896017
-5.2863975,2.7341783,10.582372,0.9639453,0.17837265,-0.09040806
-2.9759927,5.12838,11.118672,-1.5919148,-0.9126327,-0.11484267
-5.3366756,7.2113357,3.2273839,0.52656585,-0.8356637,0.16371189
-7.7787614,-0.4309563,3.1052797,-0.28221974,0.34208453,-0.04153884
-7.489063,1.2018893,8.106767,0.80756384,0.8185594,-0.18448131
-4.19943,3.4141316,7.0724716,1.4831808,-0.43493605,-0.080634214
-6.6726403,3.289633,7.5584946,0.16371189,-0.05131268,-0.54733527
-4.247314,3.8618474,7.8625584,-0.65484756,0.19547687,0.15271631
-4.620809,-0.1364695,5.056554,-0.70005155,0.28344148,0.376293
-5.3127337,0.4357447,7.6829934,-1.0836749,0.16249016,-0.39828414
-6.5241995,4.999093,8.765172,0.7281514,-0.061086524,0.012217305
-5.1523223,2.5785553,5.2361193,0.3323107,-0.04886922,0.2968805
-6.0142345,-0.29688102,7.5082164,-0.37751472,0.23335053,-0.32253686
-6.8881183,4.369418,8.264784,-0.2932153,-0.17470746,-0.23457226
-4.8817773,5.073313,5.281609,0.9224065,-0.34330627,0.33475417
-4.7429137,2.3750482,5.657499,-0.15882497,0.21991149,0.14538592
-6.7971387,2.7485435,7.9631147,-0.52290064,0.07086037,-0.6927212
-5.8705826,6.799533,7.577648,0.5925393,-0.31398472,0.24801129
-4.5992613,3.311181,6.208165,0.45814893,-0.064751714,0.5497787
-5.0062757,2.657564,6.203377,-0.32375857,0.2761111,-0.32986724
-6.339846,5.5042696,8.554482,-0.61941737,0.0012217305,-0.25167647
-4.4699745,1.0247183,5.5976434,-0.31642818,-0.028099801,0.37995818
-5.8346696,1.3551182,7.117962,0.010995574,0.10140363,-0.36041048
-6.543353,4.3119574,7.845799,-1.2534955,0.03176499,-0.30787608
-5.011064,2.7389667,6.3446345,1.0030408,-0.032986723,0.4801401
-5.5641246,1.5251064,6.6056023,-1.3805555,0.095294975,-0.16249016
-6.4068837,4.072537,8.767567,-0.111177474,-0.09162979,-0.21502456
-5.104438,4.187459,6.1626754,1.102001,-0.06352998,0.45937067
-5.0996494,-0.59376204,8.145074,0.021991149,0.08552113,0.019547688
-6.76362,3.7086184,8.6095495,-0.14782938,-0.23457226,-0.5497787
-3.7493198,3.6535518,6.0357823,0.6010914,-0.15027285,0.5497787
-6.2967505,0.7350199,6.1219735,-0.90285885,0.35430184,-0.15271631
-6.160281,4.8602295,9.40203,0.9407325,-0.23579398,-0.3200934
-3.7852328,2.8323407,5.853823,0.5693264,-0.2321288,0.28955013
-6.203377,1.8794483,7.795521,-0.9309586,0.22235495,-0.42271876
-4.7907977,5.327099,8.135497,0.5534439,-0.31642818,0.059864793
-5.7245364,3.833117,8.063671,-0.05009095,-0.47525316,-0.31764993
-5.815516,1.1683705,8.6095495,0.20158553,0.13683382,0.15760323
-3.620033,3.383007,8.90643,0.0720821,-0.05131268,0.34208453
-7.644686,1.3455414,4.4963107,0.8051204,0.344528,-0.11728613
-5.3247046,3.0693667,11.221623,-0.12339478,0.28588495,0.2565634
-3.4979286,6.7803793,9.26556,-0.47647488,-0.95905846,-0.062308256
-6.229713,1.2234371,1.271321,-0.31398472,0.12095132,0.17104226
-6.6391215,-0.18914193,6.823475,-0.03176499,0.6035349,-0.2761111
-4.390966,2.0901382,12.473791,-0.14782938,-0.25411993,0.035430185
-5.1571107,3.2728736,3.560178,-0.65118235,-0.52778757,0.056199603
-6.588843,1.364695,4.4699745,1.1826351,0.8772025,-0.28588495
-6.0142345,2.4851813,11.449073,0.4361578,0.29932398,-0.1966986
-4.0916905,4.5872903,10.04607,-1.4758505,-0.8002335,-0.012217305
-6.030994,2.3080103,3.1962593,0.5534439,0.13927728,0.10140363
-7.120356,-0.89303726,6.5457473,0.36651915,0.7635816,-0.30665436
-4.0414124,2.8491,11.580753,-0.27366763,-0.62796944,-0.05009095
-5.801151,2.4349031,3.5984852,-0.42760566,-0.36041048,0.2687807
-8.166622,0.7062895,3.4739866,1.1044444,0.68539083,-0.31398472
-5.911284,2.4636335,9.548077,0.9578367,0.37384954,-0.10995574
-3.8379054,4.261679,9.536105,-0.6927212,-0.77946407,0.13561209
-6.042965,3.466804,2.657564,0.3567453,0.037873644,0.04886922
-6.493075,0.9696517,6.2847795,0.22113322,0.6218608,-0.27000242
-4.9799395,3.4213142,9.19134,0.52534413,0.07819075,0.05131268
-4.7261543,4.975151,8.180987,-0.56688297,-0.7965683,0.16615535
-6.751649,-0.08379706,3.3806129,0.22113322,0.68294734,-0.037873644
-7.467515,3.335123,9.646238,0.44593164,0.64751714,-0.40439278
-4.4843397,2.5761611,11.21444,-0.98471475,-0.6927212,0.030543262
-6.71813,0.8595184,2.791639,0.4251622,0.17592919,0.26511553
-7.0006456,2.6288335,5.1810527,2.2149973,0.59131753,-0.1966986
-5.8346696,2.954445,7.2448545,0.1441642,-0.48991394,-0.3921755
-6.009446,3.0382419,8.949526,-0.77091193,0.09285152,0.30176744
-5.3342814,4.462792,7.2065473,-0.59498274,0.07941248,0.22357668
-5.08289,0.7278373,6.55293,0.24190263,0.33475417,0.2846632
-6.2129536,2.6503813,6.9144545,-0.9334021,0.105068825,-0.71593404
-6.71813,6.397307,7.2185183,1.0140363,-0.118507855,0.34330627
-5.2528787,5.023035,6.26802,0.43860126,0.009773844,0.3042109
-5.3486466,1.2090719,5.9160724,-1.0409144,0.13561209,-0.3213151
-5.765238,6.2752028,7.800309,-0.081855945,-0.065973446,0.05131268
-5.379771,3.2585084,6.421249,0.039095376,-0.034208454,0.27122417
-6.030994,2.4779987,7.419631,-0.25778514,0.06352998,-0.44104472
-5.604826,3.1052797,7.9942393,1.2803736,-0.06719518,0.30787608
-5.2265425,2.4277205,6.169858,-0.05009095,0.07086037,0.29810223
-6.10282,2.5785553,7.824251,-0.33108896,0.10629055,-0.48991394
-5.1810527,4.781221,7.041347,0.61208695,-0.23335053,0.3323107
-5.2983685,0.19393034,5.9807158,-0.9211848,0.07941248,0.010995574
-6.4667387,1.4460979,7.48188,-1.3133603,0.16371189,-0.40317106
-4.807557,4.960786,7.3909006,0.040317107,-0.21013765,0.12095132
-5.66947,3.3877954,8.200141,0.59986967,0.087964594,0.52778757
-6.2225304,-1.0127473,7.3885064,-0.29810223,0.13683382,-0.4728097
-6.4763155,5.1020436,8.973468,1.1032226,-0.23457226,-0.02076942
-4.295198,1.2545617,5.861006,-0.7293731,-0.07941248,0.20280726
-5.9759274,-0.6512229,6.931214,-1.1398746,0.28710666,-0.2565634
-6.3949127,2.6623523,8.487445,0.4361578,-0.07941248,0.05375614
-4.24492,1.8459295,6.3925185,-0.05131268,-0.2125811,0.1881465
-5.7125654,1.3335704,5.9998693,-1.5589281,0.267559,-0.4654793
-6.495469,4.7429137,8.485051,1.0567969,-0.18448131,0.05131268
-4.5992613,0.9792285,7.0102224,1.2144,-0.15515977,0.30787608
-6.090849,2.6623523,8.441956,0.3921755,0.13805555,-0.11728613
-5.243302,2.3918076,6.9168487,0.96761054,-0.14172074,0.30298916
-4.8338933,1.0319009,6.2225304,-0.10873401,0.0036651916,0.02565634
-6.591237,4.8386817,8.336611,0.09162979,0.105068825,-0.32253686
-4.0677485,3.964798,7.1466923,-0.28344148,-0.32498032,0.22479841
-5.9041014,3.394978,8.4108305,1.282817,-0.043982297,-0.36041048
-5.3725886,2.4875755,6.220136,1.2461652,0.0012217305,-0.10995574
-4.2281604,4.948815,5.731719,-0.21380283,0.0036651916,0.47891834
-6.0621185,3.572149,2.9592333,0.8332202,0.17348573,-0.49846604
-4.1539397,5.580884,9.904813,-0.36774087,0.204029,-0.26633725
-4.972757,4.88896,3.2513258,-0.8222246,-0.6243043,0.6377433
-7.2783732,0.4237737,3.7469256,-0.28344148,0.73914695,-0.41783184
-5.5377884,4.3047748,10.718841,0.7476991,0.15515977,-0.17348573
-4.0174704,4.6160207,6.4284315,-1.4758505,-0.8210029,0.40683624
-6.76362,0.46686932,2.4037786,-0.073303826,0.41050145,0.17837265
-7.1706343,1.5682021,6.9719152,0.007330383,0.6084218,-0.1881465
-4.414908,5.849035,11.494562,0.09040806,-0.40683624,-0.14538592
-5.0134583,5.595249,4.3263226,-1.0897835,-0.6414085,0.17592919
-6.3326635,0.60812724,5.710171,0.9053023,0.68416905,-0.4728097
-5.3127337,4.486734,9.68694,0.8405506,0.23335053,-0.4373795
-3.7541082,4.3119574,7.371747,-1.1154399,-1.0433578,0.22968534
-6.0238113,1.6472107,3.5793316,0.31031954,0.6817256,-0.04520403
-6.4739213,2.930503,9.334992,0.45081854,0.60231316,-0.22724187
-4.4963107,4.6806645,11.779472,-0.36163223,-0.46181414,-0.07696902
-4.534618,4.429273,4.747702,-0.829555,-0.70249504,0.15393804
-6.5481415,-0.24899697,4.721366,0.2846632,0.91751957,-0.39706242
-6.2632318,4.831499,10.328587,0.31642818,0.4813618,-0.42149702
-3.8019924,2.89459,10.986992,-1.2425,-0.77457714,0.17592919
-6.1890116,2.9759927,2.9113493,0.6084218,-0.029321533,0.1966986
-6.4020953,1.0366893,6.6965823,0.68783426,0.6963864,-0.18325958
-5.3318872,3.1148565,9.524135,0.38362336,0.02321288,-0.118507855
-3.8498764,3.1411927,9.765948,-1.6053538,-0.8210029,0.111177474
-6.184223,2.791639,3.8019924,0.3213151,-0.17959438,0.23579398
-7.4028716,1.1252748,5.3701944,0.40683624,0.63529986,-0.33475417
-5.116409,3.4739866,10.70687,0.32620203,0.073303826,-0.13194689
-4.1132383,2.2601264,9.363723,-1.5027285,-0.88453287,0.32620203
-6.1530986,1.5682021,3.6750996,0.33964106,0.032986723,0.25778514
-7.1371155,0.02873042,6.5026517,0.5119051,0.64996064,-0.0012217305
-5.085284,3.1747115,9.809045,0.19425514,-0.07086037,-0.019547688
-4.462792,4.0462008,7.565677,-0.64996064,-0.5375614,0.25289822
-5.901707,1.922544,4.709395,0.37995818,0.34330627,0.05131268
-6.8785415,0.009576807,6.2249246,0.35308012,0.6805039,-0.09162979
-4.5681367,4.5777135,7.6853876,0.26267207,0.10629055,-0.5717699
-6.31351,0.5602432,7.989451,-0.14049901,-0.31764993,-0.59864795
-6.64391,1.2665327,8.281544,0.39828414,-0.030543262,-0.17715092
-6.315904,0.9600749,8.180987,0.13439035,0.312763,0.30787608
-5.9041014,2.719813,7.7428484,0.14172074,0.24678956,0.68661255
-5.959168,3.7110126,6.0740895,-0.002443461,0.34208453,0.47525316
-6.5984197,1.2761095,7.007828,-0.16615535,-0.058643065,0.12583824
-6.861782,4.237737,8.607155,0.56077427,-0.14905111,-0.030543262
-5.3103395,1.934515,5.4420204,0.16249016,-0.07452556,0.33964106
-6.117185,-0.6871359,5.746084,-0.10751228,0.25900686,-0.15515977
-7.311892,0.5674258,7.7667904,-1.0580186,0.10262536,-0.3848451
-5.765238,5.494693,7.433996,0.9822713,-0.4202753,0.2687807
-5.116409,3.799598,6.7253127,0.56688297,0.080634214,0.48258355
-6.4643445,-1.30484,6.787562,-0.7770206,0.17959438,-0.48258355
-6.5625067,5.0541596,8.118738,0.14538592,-0.26389378,-0.1685988
-5.245696,3.8977604,6.143522,0.2003638,-0.28099802,0.38728857
-5.4922986,2.8658595,6.090849,0.9431759,0.3555236,0.22113322
-6.670246,1.6400281,8.324639,-1.0164797,0.23701571,-0.36651915
-5.133168,1.3838485,7.85777,0.53023106,-0.48380527,0.25289822
-4.9823337,2.030283,5.6120086,0.548557,0.10751228,0.19303341
-7.041347,0.09816227,7.5944076,-1.3255776,0.25411993,-0.37751472
-5.777209,3.442862,9.004593,0.69027776,-0.5045747,0.2003638
-4.984728,1.2401965,6.3925185,-0.64751714,0.10751228,0.3933972
-5.9543796,-2.4708161,7.716512,-0.3371976,0.15393804,-0.28710666
-6.5840545,4.27365,8.303091,0.3286455,-0.16126843,-0.20891592
-4.1826706,3.028665,6.007052,-0.30176744,-0.05009095,0.26511553
-5.4779334,0.062249243,7.6255326,0.24190263,0.25534168,0.22968534
-6.505046,3.4237084,9.524135,0.38606682,-0.18081611,-0.30176744
-3.5314474,4.3287168,6.5361705,0.46914452,-0.28588495,0.27122417
-4.903325,-0.581791,7.177817,-0.21624629,0.33108896,0.021991149
-6.8641763,2.7700913,9.16261,-0.5375614,0.14905111,-0.37018433
-4.027047,2.6048915,7.2687964,0.089186326,-0.3726278,0.376293
-3.6224272,-0.46447513,7.067683,0.6169739,0.18936823,0.09285152
-6.909666,2.6623523,9.976639,-0.64873886,-0.002443461,-0.50701815
-4.6662993,3.9480386,7.515399,0.33108896,-0.25534168,0.4092797
-4.5872903,0.15083471,6.9982514,0.89675015,0.3371976,0.27855456
-6.227319,2.0398598,8.300697,-0.6035349,0.10140363,-0.7049385
-5.1475334,3.9121256,9.208099,0.6230826,-0.516792,0.1600467
-4.146757,3.0550013,7.702147,0.39828414,-0.23945917,0.052534413
-4.927267,1.4628572,9.844957,1.1276573,-0.030543262,-0.09040806
-4.8482585,2.44448,5.619191,-0.3408628,0.3323107,0.25411993
-6.7348895,5.4204726,7.723695,1.3475688,0.24678956,-0.6963864
-3.1555579,6.208165,10.04607,-0.8723156,-0.92485,-0.04886922
-5.7005944,3.4117374,1.6424223,0.6560693,0.09896017,0.30298916
-7.991845,1.0247183,6.423643,0.7086037,0.8368854,-0.39950588
-4.0533834,7.536947,12.696451,1.219287,-0.34208453,-0.26389378
-3.9552212,5.626374,4.819528,-0.38728857,-0.5338962,0.27000242
-5.9687448,-0.8619126,3.58412,0.21380283,0.75991637,-0.07819075
-6.1219735,2.791639,10.359711,0.6426302,0.40439278,-0.19058995
-3.3087866,4.2664676,8.451532,-2.3994787,-0.98471475,0.48258355
-6.777985,-0.16280572,4.43885,0.05375614,0.58276546,0.25900686
-5.544971,3.6966474,10.388441,1.2583824,0.37018433,-0.33841935
-2.7940333,4.0533834,9.923966,-1.2608259,-0.9260717,0.38362336
-6.241684,0.33518824,3.3375173,0.9370673,0.47158796,0.2932153
-6.9120603,2.8514943,8.640674,0.2602286,0.61453044,-0.22479841
-3.3423057,4.0892963,10.78109,-0.79168135,-0.77091193,0.29565877
-5.995081,2.753332,3.5553896,0.007330383,-0.10751228,0.2773328
-7.505822,-0.19871874,7.69257,0.85154617,0.56077427,-0.30298916
-3.074155,3.691859,10.6158905,-0.88453287,-0.71837753,0.09407325
-5.3941364,2.7868507,2.6791117,0.46914452,-0.039095376,0.38728857
-7.8888946,0.5482722,7.1754227,0.17837265,0.5558874,-0.5326745
-3.8019924,0.7398083,12.126632,-0.062308256,-0.41783184,0.111177474
-4.733337,4.4077253,5.1259856,0.35796702,-0.23335053,0.50946164
-8.236053,-1.8746599,7.132327,0.07086037,0.59864795,-0.39706242
-3.9815574,2.2170308,11.654974,-0.19792034,-0.14049901,0.017104227
-4.426879,5.6910176,4.879383,0.36774087,-0.35308012,0.47891834
-7.965509,-0.1604115,7.299921,0.12461651,0.5546656,-0.37751472
-5.317522,2.9616275,10.788273,-0.030543262,-0.29932398,-0.02321288
-4.3239284,5.583278,5.583278,-0.44348818,-0.39706242,0.009773844
-5.521029,0.6919243,5.5880666,0.6817256,0.46303585,-0.26633725
-5.353435,4.4699745,9.97185,0.68294734,0.043982297,-0.25289822
-4.5274353,3.3854012,9.660604,-0.5717699,-0.5717699,-0.073303826
-5.755661,4.3981485,5.1666875,-0.2443461,-0.23090707,-0.24556783
-5.901707,2.9759927,5.130774,1.5393804,0.36285394,0.073303826
-5.427655,3.4955344,8.413225,0.037873644,0.16982053,0.14294247
-3.9432502,4.2640734,10.244789,-0.956615,-0.72326446,0.073303826
-4.7189717,5.913678,3.3782187,-0.3005457,-0.34574974,-0.019547688
-5.985504,2.0278888,5.0637364,0.3848451,0.65484756,-0.18325958
-5.90889,3.8881836,8.858546,0.8344419,0.07086037,-0.06841691
-4.0581717,3.9264908,8.183381,-0.9944886,-0.6621779,0.20525073
-5.473145,5.437232,2.348712,0.49602258,-0.037873644,-0.15027285
-6.126762,3.083732,6.4427967,1.0311406,0.08674286,-0.1001819
-6.5936313,3.2034419,6.658275,-0.88453287,-0.18936823,-0.34208453
-5.5401826,2.942474,8.173804,-0.6621779,0.3555236,0.6291912
-4.6686935,2.087744,9.832987,-0.84665924,-0.06841691,-0.34208453
-4.867412,2.3319526,6.5960255,1.4770721,0.1282817,0.46670106
-5.0637364,-0.5434838,7.4148426,-0.3555236,0.16737708,0.019547688
-6.7684083,2.3582888,7.6734166,-0.30176744,0.096516706,-0.5216789
-6.4020953,6.50744,7.4723034,0.5742133,-0.23090707,0.27122417
-4.9057193,3.3063924,5.753267,-0.13927728,0.04642576,0.30543262
-5.446809,-1.7429788,7.551312,-0.24801129,0.009773844,-0.2724459
-6.5936313,2.873042,8.415619,-0.030543262,-0.14905111,-0.36651915
-4.960786,5.5377884,6.2584434,0.017104227,-0.18692477,0.3286455
-5.889736,2.4995465,6.5026517,0.267559,0.28955013,0.45570546
-6.019023,-2.2337902,7.299921,-0.40561453,-0.013439035,-0.6218608
-6.6367273,3.074155,8.269572,-0.13561209,-0.030543262,-0.23090707
-4.951209,3.8618474,7.1466923,0.10751228,-0.27000242,0.4373795
-5.231331,0.48362875,6.5122285,-0.453262,0.21013765,-0.22724187
-6.754043,3.0909145,8.046912,-0.5888741,-0.019547688,-0.4361578
-5.0541596,2.6647465,7.21373,-0.31031954,-0.20891592,0.5155703
-4.960786,0.2873042,7.1347213,0.1881465,0.065973446,-0.07574729
-6.1746464,2.8754363,8.221688,-1.2840388,0.12461651,-0.38240165
-4.975151,3.6176388,8.408437,0.77091193,-0.24556783,0.38362336
-4.6255975,-0.8858546,7.6614456,0.39706242,-0.05497787,-0.1001819
-6.634333,2.1068976,8.908825,-0.51068336,0.06963864,-0.4129449
-4.1802764,5.1475334,7.1873937,0.7733554,-0.12950343,0.38973203
-5.195418,0.5770026,7.620744,0.42271876,0.23090707,0.14782938
-5.995081,0.08379706,8.137892,-1.0873401,0.14782938,-0.6805039
-5.829881,6.612785,8.101978,0.25045475,-0.32986724,0.12339478
-5.070919,2.135628,5.681441,-0.12583824,0.11362094,0.65240407
-5.923255,-0.35194764,9.82341,1.1178834,-0.20891592,-0.32620203
-5.758055,3.5290532,5.5377884,1.2131784,-0.07086037,-0.2773328
-5.2049947,2.621651,8.046912,-0.3286455,0.4361578,0.535118
-3.229778,7.9152308,7.656657,-0.30909783,0.10629055,0.02321288
-5.3223104,2.9113493,2.0470424,-2.0231857,-0.080634214,0.54367006
-8.121132,0.045489833,3.7325604,-0.41905355,0.66706485,-0.25289822
-5.815516,3.8786068,9.842564,0.5852089,0.44104472,-0.08307768
-2.4229321,5.4683566,11.247959,-1.736079,-1.0726794,-0.095294975
-5.1642933,3.2968156,2.8993783,0.44593164,-0.25045475,0.45081854
-7.773973,-0.22744916,5.185841,0.43860126,0.689056,-0.5558874
-5.74369,1.9919758,11.377247,0.9822713,0.0720821,-0.040317107
-3.7780502,5.2289367,5.650316,-0.88331115,-0.49113566,0.19792034
-6.8905125,-1.4891934,3.679888,0.19914207,0.34697145,-0.12095132
-6.7205243,1.5490485,9.270349,0.93951076,0.56321776,-0.26511553
-3.4213142,4.510676,10.996569,-0.87109387,-0.6414085,0.028099801
-5.8586116,2.2170308,3.5769374,0.029321533,0.14905111,0.23579398
-7.2113357,1.4317327,8.851364,0.6059783,0.56688297,-0.16249016
-3.9264908,5.547365,11.168951,-0.71837753,-0.6462954,0.08674286
-5.6766524,2.554613,3.2010477,-0.19181168,-0.15149458,0.3481932
-7.086837,1.4221559,7.967903,1.0445796,0.6218608,-0.25289822
-3.6487634,5.2648497,12.210428,0.059864793,-0.44348818,-0.119729586
-4.0198646,4.6782703,5.269638,-1.0543534,-0.7733554,0.02687807
-6.517017,1.0534488,1.3000516,-0.31398472,0.33475417,0.376293
-6.215348,2.992752,8.860941,0.71593404,0.52778757,-0.036651913
-3.5051112,5.1666875,10.486604,-0.8026769,-0.8918633,-0.008552114
-5.130774,4.2999864,4.220978,0.77091193,-0.5326745,0.12705997
-5.695806,3.5170822,5.566519,-0.9443977,-0.42760566,-0.1160644
-5.2504845,3.193865,8.722076,-1.8228219,0.2284636,0.5558874
-4.596867,4.84347,7.503428,0.43982297,-0.1563815,-0.16982053
-4.642357,4.4244847,6.411672,-0.32498032,0.059864793,0.3555236
-4.819528,1.8363527,6.0525417,-0.08307768,0.16982053,0.12705997
-6.179435,2.0278888,9.064447,-0.7134906,0.10262536,-0.61086524
-6.167464,5.21936,7.905654,0.87109387,-0.33353242,0.28955013
-4.534618,3.6296098,5.899313,0.24801129,0.0036651916,0.5180137
-4.7309427,-2.7365725,7.3310456,-0.5497787,0.27122417,-0.06963864
-5.959168,4.1706996,9.212888,-0.02443461,0.009773844,-0.6267477
-4.7764325,7.117962,7.5968018,0.41172317,-0.2919936,0.30543262
-5.118803,2.80361,6.081272,0.06841691,0.17104226,0.37140608
-5.602432,0.1364695,8.441956,-0.52290064,-0.018325957,-0.6414085
-5.5138464,3.7924154,6.0022635,0.0720821,-0.058643065,-0.19181168
-5.281609,6.8809357,6.2943563,0.28221974,-0.014660766,0.25289822
-5.530606,-1.1133038,6.5936313,0.44226643,0.267559,0.28955013
-5.98311,2.2122424,8.1881695,-0.31764993,0.19914207,-0.5119051
-5.020641,3.9552212,8.722076,0.27488935,-0.40194935,0.20525073
-5.3342814,3.7325604,5.7125654,0.42760566,-0.04153884,0.55955255
-5.8226986,-0.21308395,6.227319,-0.61453044,0.4569272,-0.47403142
-4.465186,4.285621,9.239224,0.65240407,-0.2883284,0.061086524
-5.66947,1.8004397,6.3542113,0.31398472,0.07941248,0.35308012
-5.8442464,-0.557849,6.8881183,-0.26145032,0.2883284,-0.112399206
-6.4188547,5.932832,8.731653,0.82344633,-0.09407325,-0.28588495
-4.7189717,3.1316159,6.069301,-0.70616025,-0.41050145,0.40683624
-5.841852,0.24660277,6.5696893,0.46792278,0.118507855,-0.064751714
-5.257667,1.9919758,8.688558,1.4795157,-0.05131268,-0.1966986
-4.867412,6.612785,5.997475,-0.7648033,0.21135938,0.14538592
-4.5178585,1.5682021,7.21373,1.028697,-0.10140363,0.42638394
-5.767632,0.011971008,7.017405,0.2919936,0.23090707,-0.22724187
-6.3326635,4.462792,8.166622,-0.035430185,-0.09285152,-0.4654793
-5.1355624,5.614403,7.395689,0.4129449,-0.2565634,0.33475417
-4.7548847,1.9847932,7.0844426,0.25411993,0.007330383,0.453262
-5.8562174,-0.4429273,6.667852,-0.77213365,0.20891592,-0.6267477
-4.268862,4.0294414,7.9870567,1.3072516,-0.5448918,-0.3640757
-5.590461,4.297592,5.770026,0.6609562,0.18203785,-0.06719518
-5.521029,2.707842,7.1490865,0.64751714,0.13561209,0.12583824
-4.1036615,6.5816603,7.0581064,-0.29932398,0.21380283,0.1966986
-6.4787097,-1.3144168,1.2306197,-0.6719518,0.13072516,0.4447099
-7.4387846,1.2090719,7.237672,0.7293731,0.81489426,-0.36163223
-3.833117,5.497087,10.986992,-0.172264,-0.7611381,0.09773844
-5.032612,4.39336,3.2609026,-0.4251622,-0.38973203,0.27122417
-5.616797,0.46208093,5.463568,0.3323107,0.44715336,-0.26389378
-5.935226,6.229713,9.742006,0.22235495,0.21380283,-0.6035349
-4.51307,3.6631286,8.271967,-0.8344419,-0.6059783,0.26267207
-5.5760956,4.55856,4.280833,0.17592919,0.15027285,-0.15149458
-6.3350577,0.11731588,6.7205243,0.4202753,0.31764993,-0.02565634
-5.269638,7.086837,9.275137,0.10262536,-0.10629055,0.04153884
-4.8985367,3.976769,4.144363,-0.64996064,-0.39706242,0.18570304
-6.066907,1.6519991,3.6894648,0.17715092,0.5681047,0.10629055
-5.511452,3.6248214,8.204929,-0.012217305,0.21502456,-0.13683382
-3.6032736,4.1252093,8.506598,-0.65118235,-0.6719518,-0.06719518
-5.6646814,5.0996494,3.9456444,0.9419542,0.2125811,-0.09407325
-5.1523223,3.3758245,8.037335,0.3323107,0.376293,-0.11362094
-3.7134068,4.271256,10.972627,-0.7293731,-0.5815437,-0.012217305
-5.3606176,6.181829,3.2704794,0.037873644,0.05131268,-0.22724187
-5.2504845,1.2904748,8.3390045,-0.1685988,0.33964106,-0.042760566
-3.9719806,2.2337902,10.867282,-0.73426,-0.52534413,-0.05131268
-4.6926355,3.7469256,5.1690817,-0.53023106,-0.16249016,0.042760566
-5.410896,3.2441432,4.745308,0.657291,0.5815437,-0.34574974
-4.7907977,2.1667526,11.015722,0.34697145,0.12583824,0.089186326
-4.3167458,2.56419,8.6813755,-1.2437216,-0.5546656,0.07574729
-4.5537715,2.1667526,6.0716953,-0.22602014,0.021991149,0.15393804
-4.8458643,3.3662477,8.7292595,1.0103711,0.5852089,-0.12583824
-4.1946416,1.520318,12.356475,-1.3707817,-0.6133087,-0.042760566
-4.8698063,3.3183637,4.6160207,0.94806284,-0.13194689,0.1685988
-5.8634,0.50996494,6.825869,0.5119051,0.68661255,-0.43860126
-5.0900726,5.092467,10.9103775,-0.16249016,-0.27122417,-0.0842994
-4.642357,4.642357,5.8466406,-0.1441642,-0.34697145,0.27000242
-5.4803276,0.94570965,5.791574,-0.5571091,0.54244834,0.05375614
-6.2584434,1.2952632,9.287108,0.6365216,0.408058,-0.16371189
-4.201824,1.3215994,10.718841,-0.3200934,-0.61453044,0.018325957
-4.853047,4.9464207,3.928885,-0.25534168,-0.36285394,-0.013439035
-6.4882865,1.2066777,7.017405,-0.9138544,0.14049901,-0.019547688
-5.6000376,1.9129672,8.75799,-0.43004912,0.32620203,0.43127087
-4.19943,1.5490485,8.123527,0.39828414,-0.17715092,-0.17959438
-6.5505357,2.3127987,9.509769,-0.13316862,-0.25411993,-0.39095375
-5.12838,3.205836,5.6096144,0.2724459,-0.21868975,0.34330627
-4.9224787,0.47884035,6.220136,-0.02687807,0.26633725,0.057421334
-5.884948,3.0430303,9.952697,-0.75869465,0.0061086523,-0.5852089
-5.5521536,4.6255975,8.513782,0.19425514,-0.4092797,0.35063666
-4.369418,1.7812861,5.434838,-0.26389378,0.27488935,0.26511553
-5.6766524,1.6424223,6.6965823,-0.02076942,0.2602286,-0.57543504
-6.289568,5.257667,9.469068,-0.63285637,-0.15882497,0.042760566
-4.249708,0.2753332,6.409278,0.14172074,-0.05497787,0.42271876
-5.3606176,-1.0414777,8.157045,0.38728857,0.089186326,-0.33841935
-5.9639564,3.952827,8.255207,-0.46303585,-0.05131268,-0.16126843
-4.9655743,1.0175357,6.543353,0.13561209,-0.112399206,0.47891834
-4.936844,-0.80684596,7.16824,0.33108896,0.27488935,0.1282817
-6.540959,3.9217024,9.174581,-0.13561209,0.073303826,-0.5876524
-4.2281604,4.951209,6.227319,0.0036651916,-0.19303341,0.49235737
-5.044583,0.9935937,7.7907324,0.3567453,0.19547687,0.2602286
-6.5696893,1.3838485,8.2169,-0.98471475,0.035430185,-0.48624873
-4.2904096,3.3901896,7.302315,1.0177015,-0.07941248,0.36896262
-4.8602295,0.1436521,7.5680714,-0.37995818,0.13927728,0.089186326
-6.469133,3.9480386,7.833828,-0.31520647,0.06963864,-0.23335053
-3.8905778,2.6886885,4.642357,0.49480084,-0.15760323,0.312763
-6.1626754,0.30885202,7.371747,-0.5839872,0.28221974,-0.3652974
-6.291962,5.035006,9.193734,0.204029,-0.30787608,0.16982053
-4.0294414,1.685518,5.2887917,0.25167647,0.087964594,0.5131268
-6.8809357,-0.4285621,10.338163,0.88697636,-0.43371433,-0.516792
-4.5058875,3.9025488,6.7133417,1.1398746,-0.29810223,-0.1881465
-4.699818,5.693412,7.026982,1.2449434,-0.0036651916,-0.14294247
-4.173094,4.6926355,5.9639564,-1.0580186,0.119729586,0.52778757
-7.2424603,0.5291186,4.6471453,0.40439278,0.31520647,-0.35796702
-3.2441432,5.7843914,12.567164,-0.22113322,0.030543262,-0.20158553
-4.297592,3.7541082,3.952827,-0.9981538,-0.5888741,0.27122417
-7.3286514,0.51954174,5.93762,0.5375614,0.5522222,-0.19914207
-2.7509377,5.363012,13.421895,0.45081854,-0.5888741,-0.24678956
-5.351041,1.6711528,3.1842883,-0.2125811,-0.35918877,0.26633725
-7.1275387,0.2801216,7.9583263,0.44226643,0.7501425,-0.21746802
-4.4819455,2.348712,12.890382,0.047647487,-0.32253686,-0.052534413
-4.501099,1.6184803,4.27365,-1.1704178,-0.53023106,0.26511553
-5.78918,3.1986535,9.121908,0.96761054,0.43493605,-0.2919936
-3.7660792,3.5458126,11.6430025,-0.75625116,-0.9224065,0.040317107
-5.803545,4.0557775,3.0789435,0.41172317,0.059864793,-0.04886922
-6.8067155,1.6472107,6.7851677,1.2620476,0.7648033,-0.2321288
-4.1156325,4.8362875,10.972627,0.3005457,-0.32620203,-0.112399206
-3.9456444,4.024653,5.351041,-1.0836749,-0.7892379,0.13561209
-6.579266,-0.18914193,2.2098482,-0.6389651,0.5155703,0.42394048
-6.519411,2.516306,9.361329,0.6585127,0.61086524,0.096516706
-2.669535,4.211401,11.372458,-0.72326446,-0.7305948,-0.09407325
-4.912902,5.9567738,2.7150247,-0.25289822,-0.39461896,0.10995574
-5.7963624,3.715801,5.875371,0.25411993,-0.4801401,-0.46670106
-5.746084,1.6759412,10.101137,-1.3585643,0.37751472,0.6805039
-4.7788267,2.384625,7.9870567,-0.11728613,-0.34697145,-0.24190263
-3.7708676,2.1284454,7.651869,0.118507855,0.1881465,0.2602286
-5.5497594,-0.19393034,8.066066,-0.75136423,0.2932153,-0.47891834
-6.95755,1.5777789,7.9870567,0.019547688,0.0012217305,-0.49357912
-4.5322237,4.134786,7.0245876,0.89552844,-0.21868975,0.31520647
-4.8458643,1.7597382,6.9264255,0.2003638,0.23823744,0.1001819
-6.727707,2.480393,8.477868,0.1001819,0.039095376,-0.49235737
-4.7907977,4.1826706,7.2664022,0.4447099,-0.20280726,0.1881465
-4.4795513,3.2345665,6.787562,0.2919936,0.16126843,0.267559
-6.7109475,1.2282255,8.611943,-0.54611355,0.06841691,-0.4801401
-4.8937483,4.5058875,7.577648,0.535118,-0.25534168,0.09896017
-4.333505,2.681506,6.849811,0.33353242,0.16249016,0.43982297
-6.493075,0.35913026,8.542512,-0.73426,0.089186326,-0.6243043
-5.3247046,5.161899,7.9248075,0.88208944,-0.2919936,0.096516706
-4.232949,2.7030537,6.301539,-0.48624873,0.009773844,0.44959682
-5.1810527,-3.7684734,7.053318,-0.6035349,0.119729586,-0.33108896
-6.801927,4.1012673,9.081207,0.39706242,-0.013439035,-0.312763
-4.345476,0.6775591,6.2704144,-0.44226643,-0.047647487,0.2883284
-5.1523223,-0.18674773,7.1849995,0.4605924,0.13316862,0.11728613
-6.799533,0.8571242,9.006987,-0.657291,0.07452556,-0.43127087
-4.378995,1.4772224,6.742072,-0.43493605,-0.3115413,0.30298916
-5.6670756,-0.33039984,9.715671,0.88697636,-0.0842994,0.08552113
-4.9559975,-1.1109096,8.063671,0.3042109,0.015882496,-0.28710666
-5.3845596,-0.8858546,8.461109,0.65118235,0.2406809,0.29443705
-3.6894648,6.7085533,8.020576,0.12217305,0.22724187,0.20891592
-7.615956,-1.8028339,3.7086184,-1.0152581,0.3481932,-0.039095376
-6.8186865,2.5881321,8.916007,1.2131784,0.5693264,-0.3042109
-3.6224272,4.7309427,9.615114,-1.0958922,-0.88208944,0.037873644
-6.5026517,-0.39743748,3.193865,-0.25534168,0.18203785,0.19792034
-8.049306,1.9488802,7.680599,1.0934488,0.75136423,-0.3286455
-3.9360676,3.1962593,11.568783,-0.6963864,-0.55833083,0.06719518
-5.267244,3.0765493,3.9552212,-0.25167647,-0.31520647,0.14782938
-7.654263,0.22744916,7.019799,0.5815437,0.66950834,-0.15882497
-4.7524905,2.1021092,10.340557,-0.21868975,-0.43371433,0.15515977
-5.0062757,4.4699745,3.4691982,-0.49968776,-0.24312437,0.16371189
-8.145074,0.5410896,4.76925,0.9297369,0.5656612,-0.15515977
-4.6399627,6.6175733,10.618284,2.5143213,-0.2602286,-0.18081611
-4.0222588,4.343082,4.522647,-1.1924089,-0.70738196,0.087964594
-7.965509,0.46208093,0.7685388,-0.12583824,0.41905355,0.5338962
-7.991845,2.1691468,5.269638,0.312763,0.77457714,-0.10751228
-4.237737,5.159505,11.377247,-0.18936823,-0.5571091,0.11362094
-4.560954,5.872977,1.8435353,-0.22357668,-0.4972443,-0.118507855
-7.2328835,3.1004913,3.8426938,1.6493362,0.5045747,-0.36163223
-7.1586633,1.970428,9.181764,-1.3866642,-0.32498032,0.0012217305
-5.4539914,1.9536686,8.207323,-0.6731735,0.052534413,0.50946164
-6.0142345,1.6759412,7.5800424,-0.3481932,-0.012217305,-0.34330627
-5.2528787,2.2218192,6.8306575,0.6768387,0.02687807,0.1966986
-5.3821654,0.02873042,6.8905125,0.7122689,0.37751472,0.15149458
-7.290344,1.2330139,8.523358,-0.20158553,-0.0061086523,-0.32498032
-4.8099513,2.1906946,7.3645644,1.1203269,-0.15882497,0.45448375
-5.9304376,-2.0925324,5.93762,-0.004886922,-0.0061086523,0.14172074
-7.5465236,0.18914193,7.9487495,-0.59498274,0.17959438,-0.4361578
-5.29358,2.2625206,6.8450227,0.30787608,-0.29565877,0.46670106
-5.710171,2.4109612,5.257667,-0.22357668,0.15027285,0.3567453
-7.201759,0.7781156,9.89763,0.11362094,-0.09162979,-0.61208695
-4.867412,2.3223755,5.6335564,-0.09773844,-0.26267207,0.28588495
-5.57849,1.4987702,6.009446,-0.058643065,0.2284636,0.3921755
-8.101978,4.098873,10.805033,0.45814893,-0.002443461,-0.5888741
-3.8977604,3.7852328,7.1873937,0.2321288,-0.39828414,0.204029
-5.98311,-0.9864111,4.7165775,0.5363397,0.40194935,0.43127087
-9.059659,1.2378023,7.321469,-0.19058995,0.036651913,-0.72326446
-4.4699745,8.439561,7.0102224,0.548557,0.052534413,0.35918877
-4.7740383,2.743755,6.7348895,1.0604621,-0.004886922,0.47158796
-6.2704144,-2.7509377,8.485051,-0.056199603,0.23090707,-0.35430184
-6.179435,2.7820623,8.858546,0.062308256,-0.204029,-0.25534168
-4.8099513,3.3542767,5.997475,0.17715092,-0.119729586,0.5705481
-5.638345,-2.3319526,8.274361,0.16249016,0.25045475,0.25778514
-6.1004257,1.9369092,8.133103,0.31764993,-0.31642818,-0.72326446
-5.353435,4.1395745,7.1945763,0.8173377,-0.2883284,0.2932153
-4.211401,2.3774424,5.2504845,0.40194935,0.064751714,0.38606682
-6.5481415,0.8403648,7.807492,-0.5705481,0.20280726,-0.41416663
-4.146757,3.5482068,6.133945,-0.77091193,-0.40439278,-0.17104226
-4.7500963,3.6248214,7.9391727,1.7153096,-0.22968534,-0.19792034
-5.803545,4.0438066,5.7604494,0.77091193,-0.103847094,0.36651915
-4.333505,6.897695,7.515399,-0.13316862,0.4569272,-0.17592919
-7.2424603,1.4628572,3.3255463,-0.8026769,0.3811799,-0.16126843
-6.7851677,1.0582372,11.901577,0.21868975,0.87598073,0.004886922
-2.5785553,6.0381765,14.068329,-0.83199847,-1.2608259,-0.14049901
-5.389348,3.9719806,1.1899183,-0.7867944,-0.8368854,0.12950343
-7.1371155,0.18914193,4.1683054,0.3408628,1.1313224,-0.43004912
-4.88896,3.98874,13.752295,1.1325442,0.002443461,-0.02321288
-3.5458126,3.335123,10.821792,-1.9572122,-1.2742649,0.15515977
-6.5840545,-1.5705963,1.4460979,0.1881465,0.24801129,0.2321288
-7.2544312,1.283292,7.5704656,0.9932669,1.1154399,-0.28221974
-4.996699,0.40462008,12.780249,-0.61208695,-0.53023106,0.24801129
-4.7907977,4.295198,4.1156325,-1.0873401,-0.7086037,0.2003638
-7.5944076,-1.3742718,3.5649664,0.10995574,0.5558874,-0.18936823
-6.26802,2.1045034,10.2974615,0.5448918,0.31764993,-0.019547688
-4.2185836,3.7948096,10.778696,-1.4123205,-0.88697636,0.25534168
-5.5018754,2.5258827,3.9384618,-0.05497787,-0.5693264,0.35185838
-7.0964136,-0.30645782,5.116409,0.6780604,0.7305948,-0.4129449
-5.4922986,2.4899697,11.707646,0.4092797,0.15027285,-0.09407325
-4.3981485,2.3989902,7.548918,-1.1508701,-0.71959925,0.17959438
-8.779537,-1.9369092,2.1859062,0.9810496,0.47525316,0.14538592
-7.1131735,1.6711528,7.563283,0.61453044,1.1007792,0.02076942
-3.9935284,4.9799395,12.155362,-0.07941248,-0.7440339,-0.14660765
-5.121197,5.269638,4.6710877,-0.36041048,-0.98471475,0.19547687
-6.090849,1.7070658,10.340557,-1.2571607,-0.35796702,0.3371976
-4.3119574,4.6495395,6.6893997,-0.16249016,0.36774087,-0.029321533
-4.903325,3.3183637,5.861006,-0.33475417,0.31031954,0.29077184
-5.9304376,-4.429273,8.013393,-1.2400564,0.15515977,-0.19058995
-7.4124484,1.436521,9.52174,-0.12217305,0.04642576,-0.4801401
-4.4125137,3.1531637,7.302315,0.829555,-0.37384954,0.22479841
-5.140351,-0.47884035,6.1866174,-0.41783184,0.18570304,0.2443461
-7.5225816,0.19153613,8.085219,-0.59620446,0.23823744,-0.45937067
-3.7086184,3.1507695,6.8043213,-0.4129449,-0.09285152,-0.073303826
-5.5018754,0.6919243,6.6846113,0.07819075,0.12095132,0.25411993
-8.264784,0.9600749,7.132327,-0.27122417,0.24556783,-0.31398472
-4.3239284,4.0653543,7.0221934,0.06352998,-0.2846632,0.16982053
-5.671864,-1.1563994,6.6750345,-1.0519099,0.03176499,0.2761111
-7.7572136,0.5746084,8.698134,-0.21746802,0.24190263,-0.50701815
-4.5298295,0.24181437,7.2807674,-0.6731735,-0.47525316,0.25411993
-5.485116,-1.7429788,6.71813,-0.6585127,0.13805555,0.05131268
-7.1873937,2.822764,8.683769,-0.37018433,0.18325958,-0.4642576
-4.4244847,1.2138603,6.5122285,0.35308012,-0.2761111,0.33475417
-5.671864,-3.1364043,7.410054,-1.1374311,0.032986723,0.089186326
-7.0844426,-0.18435353,7.855376,-0.64873886,0.16371189,-0.47647488
-4.9440265,3.4356794,8.190564,0.13072516,-0.036651913,0.11362094
-4.4244847,1.8698715,6.6534867,1.1178834,0.02076942,0.3726278
-6.1195793,-0.28491,10.601525,1.2205088,-0.52290064,-0.5326745
-5.947197,-0.8810662,7.7428484,0.6951646,-0.0720821,-0.14538592
-5.4899044,3.608062,6.8809357,1.3267993,0.05009095,0.0036651916
-4.7165775,4.4603977,6.0142345,-0.7965683,0.35185838,0.6719518
-7.821857,1.4101849,5.2002063,0.74281216,0.22479841,-0.54367006
-4.309563,7.929596,12.411542,0.004886922,0.07574729,-0.38728857
-4.5681367,2.15957,5.449203,-2.1673498,-0.77946407,0.48380527
-7.240066,0.9864111,3.083732,-0.1881465,0.39828414,-0.008552114
-5.865794,4.015076,9.7563715,0.98837996,0.3481932,-0.3848451
-4.283227,2.303222,7.560889,-1.1667526,-0.5534439,0.06352998
-5.5737014,2.3798366,4.197036,0.49113566,0.10629055,-0.05009095
-5.695806,4.745308,10.848128,1.5528195,0.38362336,-0.44104472
-3.9935284,3.8115692,10.13705,-1.1215485,-0.9138544,0.2125811
-6.1387334,2.621651,1.6567876,-0.13927728,0.0720821,0.30543262
-7.9966335,0.6895301,5.5258174,0.63041294,0.82344633,-0.5534439
-4.525041,6.682217,12.593501,2.125811,-0.31764993,-0.028099801
-4.1036615,2.4420857,4.268862,-1.5577064,-0.784351,0.22357668
-7.9942393,-0.2681506,0.01436521,0.29810223,1.028697,-0.37751472
-6.8450227,4.7285485,8.750807,0.6426302,0.6096435,-0.40194935
-3.6415808,4.211401,11.018116,-0.7098254,-1.1691961,0.21624629
-5.2648497,6.033388,1.2808979,0.030543262,-0.30543262,-0.2406809
-6.7564373,0.1316811,4.7165775,-0.04520403,0.6621779,-0.09773844
-6.0956373,4.1491513,11.678916,0.7464773,0.26511553,-0.2321288
-4.3502645,2.9137435,4.9081135,-1.709201,-1.1618657,0.52778757
-6.588843,0.81163436,3.4141316,0.27977628,0.82344633,-0.10629055
-6.6750345,2.4636335,8.992621,0.68294734,0.77824235,-0.20280726
-3.4691982,3.1172507,9.543288,-1.3011429,-1.0225884,0.16371189
-6.8402343,2.5354595,4.1922474,0.13316862,-0.36896262,-0.021991149
-6.615179,0.34715924,8.391677,-1.3756685,0.31764993,0.35796702
-6.136339,2.5570073,7.0940194,-0.8503244,-0.08674286,-0.119729586
-4.4843397,1.1875241,5.935226,-0.5180137,0.15271631,0.13683382
-6.813898,1.9321208,9.358934,0.30298916,0.09407325,-0.5045747
-6.5720835,1.9321208,7.2951326,0.9993755,-0.15515977,0.33964106
-4.9775453,2.1332338,6.081272,0.035430185,0.16249016,0.48991394
-6.8929067,-0.7038953,8.11395,-0.5448918,0.16371189,-0.2565634
-5.257667,2.585738,8.26239,0.27122417,-0.1685988,0.24556783
-4.948815,1.6160861,5.647922,0.24923302,0.20525073,0.21991149
-7.443573,-0.5793968,8.6095495,-0.65118235,0.17348573,-0.3481932
-5.2600613,2.9975405,7.513005,0.47891834,-0.17470746,0.036651913
-4.6495395,3.4500446,4.4939165,0.14782938,0.27000242,-0.073303826
-8.111555,2.1092918,8.061277,0.029321533,0.09162979,-0.22724187
-5.08289,1.2545617,5.650316,-0.7281514,-0.31642818,0.22479841
-5.896919,0.6775591,6.9407907,0.20769419,0.33353242,0.15027285
-7.513005,3.0573955,9.102755,0.37018433,-0.16493362,-0.2003638
-4.1683054,2.2960393,6.459556,0.8063421,-0.19058995,0.20158553
-5.6335564,-0.56982,6.215348,-1.1459832,0.13927728,-0.080634214
-7.855376,1.7118542,8.094796,0.4813618,-0.012217305,-0.45814893
-4.5633483,2.3391352,6.6726403,0.99204516,-0.18570304,0.5363397
-6.7205243,-0.5315128,7.4866686,-0.7134906,0.118507855,-0.40683624
-7.3789296,3.110068,8.860941,0.3885103,-0.2321288,-0.11484267
-4.3119574,3.3446999,5.8107276,0.33108896,-0.028099801,0.47158796
-7.3047094,-0.06464344,8.918402,0.014660766,-0.095294975,-0.2602286
-5.645528,0.8379706,7.7069354,0.34574974,-0.13805555,-0.17715092
-6.169858,3.2465374,3.7804444,0.24312437,0.61575216,0.49113566
-6.205771,5.2480903,9.399636,0.5766568,0.2968805,-0.2932153
-5.1020436,-0.074220255,4.367024,-0.71837753,-1.3744467,0.46303585
-7.52737,-2.9975405,2.7341783,-0.034208454,0.90408057,-0.535118
-7.0605006,1.5729905,9.294291,0.81000733,0.86009824,-0.20525073
-2.873042,5.449203,11.7268,-0.312763,-0.8356637,0.02687807
-6.6534867,1.9249382,2.2457612,0.16615535,-0.17592919,0.55955255
-9.14585,-0.7254431,6.033388,0.75502944,0.9932669,-0.6084218
-4.855441,3.6391866,11.161768,1.8802432,0.39461896,-0.10995574
-3.2968156,7.0102224,11.779472,-1.4184291,-0.9272934,-0.043982297
-5.705383,3.8738184,0.272939,-0.26267207,-0.5571091,0.3494149
-7.845799,0.11971009,3.4644098,-0.039095376,1.0433578,-0.33108896
-5.9639564,4.27365,7.21373,1.5894713,0.18325958,-0.31031954
-6.517017,-3.8474822,12.447454,-1.3634512,-0.26511553,0.25045475
-4.5513773,4.1515455,7.36217,-0.13439035,0.25411993,0.31764993
-5.547365,1.30484,7.2113357,-0.45081854,0.2773328,-0.07941248
-7.192182,4.7046065,9.43076,0.79045963,-0.376293,-0.11362094
-4.405331,1.3239936,5.674258,0.14538592,0.012217305,0.27977628
-7.177817,-0.272939,7.153875,-0.48502702,0.3200934,-0.38240165
-5.889736,3.311181,9.004593,0.30665436,-0.21135938,0.014660766
-4.5058875,2.1212628,5.2504845,0.14905111,-0.036651913,0.2883284
-6.3206925,0.8403648,7.2687964,-0.012217305,0.25167647,-0.37995818
-6.3350577,2.8898015,8.121132,-0.10751228,-0.20891592,-0.042760566
-5.133168,2.3894134,5.183447,-0.21746802,-0.013439035,0.37507126
-6.8641763,-0.16280572,6.217742,-0.042760566,0.30787608,-0.105068825
-7.4507556,2.5905263,8.3821,-0.19303341,-0.17348573,-0.1600467
-4.7788267,2.7820623,5.255273,0.45204028,-0.10751228,0.41905355
-6.253655,-1.400608,6.5864487,0.1685988,0.18448131,-0.021991149
-7.656657,2.5354595,8.532935,-1.047023,0.019547688,-0.44348818
-4.072537,3.7421372,5.523423,0.6218608,-0.04642576,0.5180137
-6.5241995,-0.78769237,7.0006456,-0.04642576,0.18448131,-0.13072516
-7.917625,1.5370775,7.5441294,-0.21013765,-0.11484267,-0.50335294
-4.1826706,4.343082,6.5625067,0.23823744,-0.111177474,0.47403142
-5.291186,0.58897364,8.568848,0.3726278,0.1001819,0.4202753
-7.33344,1.0223241,8.39886,-0.93584555,-0.07819075,-0.46914452
-3.9240966,5.734113,6.754043,0.7611381,-0.22602014,0.10873401
-3.7110126,3.3686419,7.019799,-0.12095132,0.27000242,0.56077427
-6.655881,1.4149733,9.423578,1.2901474,-0.70738196,-0.548557
-5.4204726,2.7581203,8.623915,1.4526376,-0.17837265,-0.25289822
-5.104438,4.0222588,4.5513773,0.013439035,0.40561453,0.52778757
-4.5753193,4.0892963,8.367735,0.40194935,0.37873647,-0.22968534
-3.809175,6.1985884,8.1642275,-1.1533136,-0.63529986,0.119729586
-5.7029886,1.9608512,2.8419175,-0.43493605,0.12095132,-0.12095132
-5.7843914,3.6822822,9.196129,1.7788396,0.6817256,-0.4569272
-4.3598413,3.9145198,9.210494,-0.88453287,-0.8173377,0.059864793
-6.6415157,1.7621324,1.6783354,0.10629055,0.18448131,0.20891592
-7.5441294,0.94092125,8.259995,0.82711154,0.79045963,-0.25167647
-4.357447,3.8594532,12.488156,0.12950343,-0.6585127,0.0720821
-4.4244847,4.3382936,3.0502129,-0.8588765,-0.47525316,0.112399206
-7.062895,0.6440403,3.4644098,0.3811799,0.86620694,-0.1966986
-5.9519854,5.183447,11.717223,0.22724187,0.06963864,0.17837265
-4.189853,4.3957543,5.741296,-0.8564331,-0.7147123,0.15760323
-6.6271505,1.3120226,3.1555579,0.2919936,0.49357912,0.15393804
-6.215348,3.6990416,9.3661175,-0.12705997,0.75136423,-0.4886922
-3.9240966,1.661576,9.045294,-1.3683381,-0.86376345,-0.009773844
-5.9448028,2.111686,4.06296,-0.38362336,-0.09407325,0.18325958
-7.953538,0.4405331,5.717354,0.44104472,0.79290307,-0.10873401
-5.1547165,0.40701428,12.162544,-0.34697145,-0.6389651,0.14782938
-5.7005944,1.9776106,2.9903579,-0.6609562,-0.25167647,0.2932153
-8.013393,0.30406362,5.865794,0.6646214,0.79534656,-0.47036624
-4.8219223,0.6895301,12.318168,-0.45937067,-0.31031954,0.019547688
-4.9057193,3.8402996,4.2161894,-0.34330627,-0.47403142,0.43004912
-7.1634517,-0.7254431,5.2385135,0.2932153,0.66339964,-0.30176744
-6.4499793,2.4396915,9.224859,0.70249504,0.43127087,-0.2125811
-4.6782703,1.5155296,9.074024,-1.0812315,-0.69027776,0.10140363
-5.734113,3.7780502,5.2049947,0.35063666,-0.16737708,0.09040806
-7.2233067,-0.21547815,6.2009826,0.50823987,0.7538077,-0.36651915
-5.899313,4.225766,10.831368,1.3548992,-0.32986724,-0.14660765
-4.2066126,3.0190883,7.536947,-0.79290307,-0.9101892,0.23090707
-6.7253127,2.5809495,3.1148565,1.0567969,0.47036624,-0.10873401
-6.543353,2.4708161,9.129091,0.09407325,0.57910025,-0.29443705
-4.8147397,4.584896,10.81461,-0.40439278,-0.6218608,-0.05497787
-4.6040497,3.0669725,4.709395,-0.9737192,-0.6951646,0.12461651
-6.3685765,3.430891,7.1275387,-0.58276546,-0.32620203,-0.22602014
-7.0605006,2.0398598,10.6158905,-1.4514158,0.516792,0.9126327
-3.3423057,-2.492364,7.7667904,0.080634214,-0.073303826,-0.15027285
-8.688558,2.8921957,9.272743,-0.6218608,-0.1966986,-0.61086524
-4.4220905,4.9057193,6.6846113,0.75869465,-0.4251622,0.23335053
-4.6351743,-0.40462008,6.2249246,0.7855727,0.24312437,0.1600467
-6.8043213,2.9712043,9.244013,0.02565634,0.21013765,-0.27000242
-5.0397944,1.0606314,8.030152,-0.7281514,-0.24556783,0.10629055
-5.145139,1.0486604,5.628768,0.7098254,0.25534168,0.22113322
-7.4028716,1.7908629,10.022128,-0.08552113,-0.02076942,-0.41172317
-4.4484267,2.5306711,6.9743094,-0.017104227,-0.38362336,0.23457226