-2.7964275,5.0014873,7.831434,-0.08307768,0.0061086523,-0.18081611
-2.5234885,4.7788267,7.7787614,-0.1685988,0.13316862,-0.23701571
-3.1627405,5.616797,7.3549876,-0.018325957,0.61453044,-0.643852
-5.0637364,3.9121256,8.027759,-0.88697636,1.351234,-0.24190263
-7.5082164,3.0597897,4.498705,0.41416663,1.2278391,0.20769419
-7.6255326,6.0501475,1.8746599,1.1679744,0.19547687,0.44226643
-6.6846113,6.50744,1.115698,0.5693264,-0.50701815,0.27977628
-5.451597,7.4004774,2.3894134,0.02076942,-0.18448131,0.2565634
-5.7748146,6.9360023,2.171541,0.16615535,0.23457226,0.1600467
-5.949591,7.029376,3.5625722,-0.10140363,0.1001819,-0.06719518
-6.3302693,2.815581,2.8562827,-1.455081,0.13561209,-0.039095376
-5.947197,5.3247046,2.4229321,-0.43004912,-0.059864793,0.021991149
-5.8634,6.241684,3.2872388,-0.3213151,0.008552114,-0.05497787
-5.8586116,8.90643,5.765238,1.2999213,-0.065973446,-0.14538592
-6.2752028,7.393295,5.133168,-1.1484267,-0.04886922,0.13439035
-5.9280434,5.7484784,4.6375685,-0.59620446,-0.056199603,-0.04153884
-6.4380083,3.8833952,3.4763808,-0.16249016,0.04153884,-0.12095132
-6.1004257,6.1650696,4.699818,0.8381071,0.0,0.043982297
-5.813122,6.5577183,4.1036615,0.21380283,0.057421334,-0.018325957
-6.31351,6.5122285,5.020641,-0.3848451,0.014660766,-0.034208454
-5.2720323,5.521029,2.966416,-1.2205088,-0.29443705,-0.35185838
-6.7971387,3.7924154,6.742072,-0.29565877,-0.15882497,-0.4605924
-6.9599442,4.8985367,4.9559975,1.5968018,0.18692477,-0.015882496
-6.6103907,6.7851677,4.426879,1.4025466,0.028099801,0.27366763
-6.4523735,5.207389,3.1962593,-0.98837996,-0.15515977,0.1001819
-6.291962,5.6790466,4.209007,-0.71593404,-0.14782938,-0.103847094
-6.8809357,6.1650696,4.8099513,-0.45937067,0.15149458,-0.37018433
-6.528988,4.912902,5.1642933,-0.36774087,-0.1001819,-0.042760566
-6.6630635,5.044583,4.6136265,-0.062308256,-0.012217305,-0.15882497
-6.5505357,4.936844,4.2784386,-0.36896262,0.08307768,-0.02321288
-6.555324,3.1603463,4.9200845,-0.9089675,-0.1881465,-0.27855456
-7.0221934,3.892972,5.377377,-0.07086037,-0.02565634,0.065973446
-6.8426285,4.2425256,5.08289,0.16493362,-0.10262536,-0.10873401
-6.445191,3.0597897,5.161899,-0.59864795,0.043982297,-0.04153884
-6.7803793,3.083732,6.0142345,0.4373795,-0.0012217305,-0.05497787
-6.6893997,5.5042696,6.279991,1.2779301,-0.07574729,0.09162979
-6.6654577,3.5577838,5.8705826,0.0036651916,-0.0036651916,0.017104227
-6.43322,3.2728736,5.279215,-0.6976081,0.02687807,0.103847094
-7.062895,2.4708161,5.4563856,-0.44593164,0.073303826,-0.089186326
-6.8665705,3.8498764,5.9448028,0.32253686,-0.11362094,-0.035430185
-6.6079965,3.9600096,5.5401826,0.5375614,0.09040806,-0.0061086523
-6.811504,3.6248214,5.398925,-0.6365216,0.05131268,0.061086524
-6.277597,4.0294414,4.331111,-0.593761,-0.07941248,0.12950343
-6.6079965,1.5275006,5.961562,-0.68783426,0.05497787,-0.002443461
-6.8450227,2.456451,6.6534867,0.17104226,0.05375614,0.008552114
-6.0860605,3.0238767,6.1387334,-0.06719518,-0.07452556,0.09162979
-6.7085533,4.4699745,4.501099,-0.5204572,0.3005457,0.08674286
-6.6079965,3.8379054,4.9823337,-0.1685988,-0.015882496,0.14172074
-6.83784,3.2680852,4.996699,-0.4251622,0.0720821,-0.02321288
-6.519411,3.5122938,4.596867,-1.1337659,-0.015882496,0.064751714
-7.2951326,2.8562827,4.1539397,-0.63285637,-0.029321533,0.021991149
-6.3542113,7.225701,5.185841,2.1820107,-0.17715092,0.19058995
-5.9687448,5.851429,5.4683566,-0.6805039,-0.02443461,0.17348573
-6.7731967,2.2266076,4.891354,-0.98837996,0.09896017,0.19303341
-6.6295447,3.9719806,5.0397944,0.17837265,-0.09407325,0.047647487
-5.803545,5.2744265,5.647922,-0.6047566,0.02443461,-0.04520403
-5.8945246,4.3622355,5.535394,1.4391985,0.047647487,-0.04520403
-5.9998693,7.371747,5.1786585,1.1997393,-0.004886922,0.052534413
-6.2225304,4.6950297,5.5018754,-0.95294976,-0.04642576,0.02443461
-5.971139,3.6272156,5.17387,-0.9370673,-0.02687807,0.0720821
-6.145916,5.7508726,5.509058,2.144137,-0.06719518,-0.040317107
-6.423643,6.315904,4.1826706,0.3726278,0.21135938,-0.058643065
-5.9567738,6.2368956,6.229713,-0.9639453,-0.06352998,0.119729586
-6.2632318,3.5314474,5.0397944,-1.2498302,-0.0061086523,0.015882496
-6.337452,5.7987566,5.1810527,2.1881194,-0.04642576,-0.09773844
-6.129156,5.9902925,4.8338933,0.79412484,0.07696902,0.06352998
-6.5337763,6.019023,4.8267107,-0.3359759,-0.02076942,0.042760566
-6.409278,2.9879637,4.096479,-1.1349876,-0.08307768,-0.13316862
-6.05733,5.0014873,4.453215,1.0054842,0.02687807,0.19058995
-5.90889,7.053318,4.501099,0.49480084,-0.10873401,0.1441642
-6.2512608,5.245696,4.209007,-0.7696902,-0.061086524,0.112399206
-5.997475,3.928885,4.6926355,-0.5143485,0.034208454,-0.08307768
-6.3182983,4.72376,5.48751,0.019547688,0.07819075,0.056199603
-5.425261,5.693412,4.865018,-0.02443461,-0.10262536,0.096516706
-6.0764837,5.0661306,4.805163,0.007330383,0.032986723,-0.019547688
-5.815516,4.7405195,5.1523223,-0.30909783,0.05375614,0.04153884
-6.009446,5.267244,5.3701944,0.2968805,-0.035430185,-0.009773844
-6.0525417,5.5258174,4.606444,0.047647487,0.012217305,0.039095376
-5.602432,5.66947,4.5633483,0.204029,-0.09040806,0.002443461
-5.935226,5.6766524,5.559336,0.13194689,0.06719518,-0.09040806
-6.019023,4.8841715,4.697424,-0.30298916,0.02321288,-0.09285152
-5.719748,4.795586,5.305551,-0.08552113,0.02687807,-0.20891592
-6.375759,4.912902,1.9967642,-2.316401,-0.103847094,-0.9932669
-8.3629465,-2.6862943,8.717288,-2.4630086,0.112399206,-0.13072516
-5.734113,-0.2825158,8.78672,0.70249504,0.28221974,0.46303585
-7.69257,0.93373865,6.143522,0.061086524,0.0061086523,-0.17715092
-6.3661823,1.0319009,5.1547165,-1.3768903,-0.064751714,0.18692477
-7.189788,0.15562311,7.0964136,0.5009095,0.039095376,0.02687807
-6.6893997,1.2114661,7.273585,0.2932153,0.095294975,0.065973446
-7.0245876,0.46686932,5.8634,0.056199603,-0.13194689,0.009773844
-6.619968,0.46447513,6.823475,-0.5045747,0.0842994,-0.09773844
-6.811504,0.81881696,6.691794,-0.32986724,0.09896017,-0.040317107
-7.5848308,1.1755531,5.734113,-0.13683382,0.09162979,0.10873401
-7.1969705,1.316811,6.2728086,0.30543262,-0.11362094,-0.09162979
-7.8266454,0.9935937,6.3589997,-0.21624629,-0.002443461,-0.062308256
-7.4603324,0.8714894,5.556942,-0.21380283,0.172264,0.028099801
-6.6846113,0.91697925,7.711724,0.5448918,-0.015882496,0.105068825
-7.290344,0.8523358,6.3182983,-0.18203785,0.057421334,-0.014660766
-7.2209125,0.7350199,6.3589997,0.27855456,0.05375614,0.035430185
-7.716512,1.388637,6.528988,-0.1881465,0.10140363,-0.073303826
-7.3669586,0.61770403,6.289568,-0.35185838,-0.12583824,-0.059864793
-7.2592196,0.7733272,6.5122285,-0.002443461,0.017104227,0.02687807
-6.8569937,0.36391866,5.568913,0.15515977,0.08307768,0.105068825
-7.1730285,0.23702596,5.9687448,-0.53878313,-0.02076942,-0.061086524
-7.6375036,0.6584055,6.3111157,0.35430184,0.04153884,-0.034208454
-7.0365586,1.4532804,5.9998693,0.0,-0.08552113,-0.10140363
-8.334216,-0.45010993,6.136339,0.55955255,0.080634214,-0.13439035
-7.0964136,0.59855044,6.5601125,-0.073303826,-0.019547688,0.105068825
-6.622362,1.0319009,5.5641246,0.27488935,0.002443461,-0.05009095
-7.642292,-0.39983168,6.5337763,-0.33108896,0.23823744,0.22113322
-7.1155677,2.0494366,6.8426285,0.63041294,-0.04642576,0.039095376
-7.529764,0.89782566,5.233725,-0.71959925,-0.089186326,0.07452556
-8.24563,-0.36631286,6.160281,0.1600467,0.05375614,0.004886922
-6.042965,0.40701428,6.3087215,-0.43493605,-0.17348573,-0.19792034
-8.815451,-1.8507179,7.350199,1.8216002,-0.61819565,-0.27366763
-8.274361,-1.7166426,5.8203044,2.3848178,-0.33108896,0.6035349
-5.329493,5.3462524,6.1219735,2.2479842,0.2932153,1.1496484
-4.5394063,4.795586,2.3127987,-1.0751228,-0.05009095,0.32498032
-3.7828386,9.753978,4.687847,0.87598073,-0.095294975,0.12339478
-4.5681367,6.256049,5.4324436,0.42149702,-0.080634214,-0.1600467
-4.915296,7.0940194,3.7469256,-0.6646214,0.10873401,0.09773844
-4.546589,5.4204726,3.2920272,-0.04886922,0.1160644,0.07452556
-5.647922,8.789114,5.0541596,0.20647246,0.007330383,-0.035430185
-5.0278234,6.564901,4.321534,-0.21868975,-0.012217305,-0.05497787
-5.4899044,6.1076083,3.6750996,-0.6389651,0.0842994,-0.089186326
-4.903325,6.4882865,4.7405195,-0.062308256,-0.089186326,-0.02687807
-5.813122,6.5936313,4.2042184,-0.37018433,0.081855945,-0.0036651916
-4.462792,6.8881183,3.9863458,0.4166101,-0.073303826,0.09896017
-5.197812,7.5225816,5.3821654,0.052534413,-0.02565634,-0.1441642
-5.0781016,6.3063273,3.6942532,-0.44715336,0.10751228,0.13561209
-5.45878,6.715736,3.7349546,-0.5522222,0.002443461,-0.09407325
-4.000711,6.7708025,3.0454245,-1.5125023,-0.052534413,-0.37507126
-6.4308257,2.4229321,7.1849995,-0.9126327,0.118507855,-0.45204028
-6.0118403,5.427655,5.3558292,0.86742866,0.12461651,0.0720821
-6.3589997,3.6032736,5.60722,-0.06963864,0.009773844,-0.12217305
-5.825093,3.916914,6.184223,-0.23579398,-0.18081611,-0.080634214
-6.50744,4.4436383,6.0142345,0.6585127,-0.02321288,0.12583824
-5.3366756,4.759673,6.789956,1.7079792,0.16615535,0.13805555
-6.0477533,5.48751,6.1004257,-0.43860126,-0.042760566,0.16126843
-5.245696,4.134786,6.5577183,-2.1343632,-0.07696902,0.14294247
-5.825093,3.2393548,6.7708025,-1.1362094,0.24923302,-0.004886922
-5.425261,2.896984,7.019799,0.344528,-0.09162979,0.061086524
-5.542577,2.920926,7.386112,0.19547687,-0.012217305,-0.13805555
-6.1746464,2.2529438,6.71813,-1.5760323,0.043982297,-0.014660766
-5.595249,1.3000516,6.981492,-0.1881465,-0.061086524,-0.06963864
-5.2049947,1.9129672,7.4363904,-0.119729586,0.06963864,0.058643065
-5.7245364,1.4460979,7.098808,0.24312437,-0.112399206,0.112399206
-5.78918,3.4739866,8.14268,1.4489723,0.039095376,0.087964594
-5.66947,3.8379054,6.325481,0.14538592,-0.034208454,0.17592919
-5.6239796,5.3486466,5.104438,0.68294734,-0.1685988,0.17715092
-5.0757074,5.6096144,6.2967505,0.20525073,-0.02076942,0.09162979
-4.9416323,5.568913,5.9567738,0.0061086523,-0.059864793,0.13072516
-5.197812,4.709395,5.590461,-0.16615535,-0.015882496,0.10140363
-5.058948,6.0836663,6.1195793,0.25778514,0.06352998,-0.009773844
-4.7907977,5.33907,5.427655,-0.11362094,-0.10995574,0.064751714
-5.3606176,4.9775453,5.7149596,0.3640757,0.043982297,-0.10262536
-4.6160207,5.758055,6.1243677,-0.12217305,-0.059864793,-0.06352998
-5.1116204,5.566519,5.377377,-0.065973446,-0.02565634,-0.02076942
-5.2624555,5.9902925,5.6790466,0.61208695,0.017104227,-0.032986723
-5.0014873,5.793968,5.3342814,0.05131268,-0.09040806,0.07941248
-5.0421886,5.5880666,5.2145715,0.1685988,-0.0842994,0.0036651916
-5.1571107,6.26802,5.853823,0.30298916,0.028099801,-0.012217305
-5.197812,5.497087,4.8817773,-0.0036651916,0.014660766,0.064751714
-5.3486466,6.126762,5.7125654,0.07452556,0.0720821,0.096516706
-4.6375685,6.2105594,5.461174,0.2773328,-0.013439035,-0.058643065
-4.7165775,6.6893997,4.9559975,-0.017104227,-0.042760566,0.032986723
-5.068525,5.8346696,4.915296,-0.17470746,0.002443461,0.002443461
-4.9440265,7.302315,6.0477533,0.8454375,0.0061086523,0.013439035
-4.8458643,5.7365074,5.4420204,-0.17837265,-0.004886922,0.015882496
-5.2887917,5.8921304,4.999093,-0.1001819,0.012217305,-0.05375614
-4.6950297,6.3589997,5.5760956,-0.07574729,-0.07452556,0.02076942
-4.596867,5.841852,4.086902,0.18325958,0.09407325,-0.112399206
-5.0014873,3.7445314,5.7269306,-3.0579915,-0.41172317,-1.4013249
-8.832211,-0.23463176,6.703765,-1.073901,0.5448918,-0.48380527
-7.7093296,-0.5267244,7.3166804,-2.2369885,0.26267207,0.5497787
-6.253655,-0.6919243,7.103596,0.9370673,0.12950343,0.6719518
-6.3087215,0.21787235,7.433996,0.34574974,0.02076942,0.105068825
-7.21373,-0.059855044,6.5265937,0.30787608,0.1441642,-0.032986723
-7.16824,1.6400281,6.6654577,0.46670106,-0.03176499,0.05131268
-6.4882865,1.7860745,5.4563856,0.04642576,-0.02076942,0.030543262
-6.895301,1.4628572,6.399701,0.4728097,0.05009095,-0.019547688
-7.9272017,2.171541,5.8442464,0.17592919,0.119729586,-0.037873644
-6.8665705,0.9600749,5.839458,0.1282817,0.019547688,-0.013439035
-7.1466923,1.9560628,5.6431336,-0.4007276,-0.010995574,-0.06352998
-7.627927,1.7597382,5.9184666,-0.14905111,0.002443461,-0.09040806
-7.338228,3.6750996,5.839458,0.4129449,0.056199603,0.012217305
-7.6470804,1.1755531,5.8203044,-0.30298916,-0.02321288,-0.10751228
-7.2951326,1.6759412,7.225701,-0.058643065,0.22968534,0.17959438
-6.363788,1.2665327,4.987122,-0.13805555,-0.17959438,0.22235495
-7.33344,1.9321208,6.2871737,0.36651915,-0.12339478,-0.103847094
-7.28795,1.3814543,5.8825536,-0.34330627,0.07574729,0.05131268
-6.95755,0.8882488,6.191406,-0.15760323,-0.03176499,-0.14782938
-7.8984714,2.042254,6.531382,0.11484267,0.06963864,-0.034208454
-7.041347,1.2090719,4.620809,-0.766025,-0.26267207,0.12461651
-7.3765354,2.3918076,7.07726,0.453262,-0.05009095,-0.13194689
-6.979098,0.89782566,6.145916,-0.28099802,-0.010995574,0.040317107
-7.338228,1.5921441,6.5002575,-0.039095376,-0.07696902,-0.059864793
-7.383718,0.4189853,6.0405707,-0.5717699,0.07819075,0.07574729
-6.543353,1.0462662,6.2488666,0.2773328,0.017104227,-0.010995574
-7.941567,1.0726024,6.1890116,0.35796702,0.0720821,-0.012217305
-6.8929067,0.8571242,4.8578353,-0.019547688,0.095294975,-0.034208454
-7.050924,1.6017209,6.6103907,0.2932153,-0.034208454,-0.080634214
-7.714118,0.4309563,5.719748,-0.15393804,-0.012217305,0.111177474
-6.399701,1.4628572,6.31351,0.16371189,-0.06352998,-0.17348573
-7.73806,0.48362875,6.6846113,0.24556783,0.14538592,-0.04642576
-6.7085533,1.2042835,6.066907,-0.54000485,-0.02443461,0.052534413
-7.735666,0.89303726,6.1866174,-0.02565634,-0.028099801,-0.10629055
-6.6079965,0.33039984,5.841852,-0.79534656,0.06963864,-0.009773844
-8.822633,-1.2114661,6.229713,0.37018433,-0.089186326,-0.039095376
-7.103596,1.8866309,7.1107793,-1.0030408,-0.06963864,0.2761111
-7.383718,0.48602295,5.8107276,-0.49968776,-0.02321288,-0.02443461
-7.393295,0.6536171,5.568913,-0.12217305,0.057421334,-0.014660766
-7.493851,0.8403648,6.8665705,-0.105068825,0.03176499,0.019547688
-6.9000893,-0.33039984,5.2887917,0.32498032,0.12095132,0.172264
-7.615956,0.8283938,5.7269306,-0.68661255,-0.04886922,-0.118507855
-8.406042,-0.30406362,5.801151,-1.2168436,-0.1600467,0.48624873
-5.33907,-0.21547815,7.5584946,-0.71837753,-0.14782938,0.3042109
-7.6111674,-2.3127987,6.7708025,-0.35185838,-0.2883284,-0.0842994
-5.521029,-0.82360536,7.153875,0.30298916,0.103847094,0.111177474
-6.232107,-1.1492168,6.066907,-0.27488935,-0.1563815,-0.05131268
-7.955932,-1.2473791,7.2448545,0.19547687,0.10262536,-0.08307768
-6.143522,-1.1731589,5.9687448,-0.15393804,0.06841691,0.12583824
-8.169016,-1.3551182,6.7684083,-0.10140363,0.02321288,-0.08307768
-6.3302693,-1.0271125,6.14831,0.4092797,0.12583824,0.04642576
-6.9527617,-0.93613285,6.0740895,-0.267559,-0.042760566,-0.1160644
-7.285556,-1.2282255,6.933608,0.2687807,0.105068825,0.07696902
-6.4260373,-0.9911995,6.1650696,-0.111177474,-0.08674286,-0.0720821
-8.121132,-1.2401965,6.576872,-0.14782938,0.010995574,-0.036651913
-5.8801594,-0.34715924,6.337452,0.2932153,0.080634214,-0.028099801
-4.96318,-2.5019407,10.055647,-0.56077427,-0.5864306,-0.6780604
-7.824251,-1.3383588,4.474763,1.8032742,-0.5742133,0.02565634
-5.2409077,1.934515,6.8569937,1.6762142,-0.06352998,0.48502702
-5.2600613,2.9041667,6.9479733,1.0812315,-0.21868975,-0.07941248
-5.5138464,3.2106245,7.338228,0.2443461,0.0842994,0.11728613
-5.683835,3.3159695,6.859388,-0.10751228,0.089186326,-0.0720821
-5.518635,1.6496049,5.00867,-0.5522222,0.028099801,0.02443461
-5.494693,4.2305546,6.622362,0.18570304,-0.056199603,-0.12339478
-6.0022635,4.8219223,5.9448028,0.8063421,0.0720821,0.18203785
-4.903325,6.2991447,6.4739213,0.19303341,-0.3408628,-0.07941248
-6.3446345,4.855441,5.8586116,-0.5693264,0.06963864,-0.058643065
-5.097255,1.8626889,4.9200845,-0.6291912,0.08552113,0.06719518
-6.0980315,4.525041,6.349423,1.1801916,0.10629055,-0.09896017
-4.936844,6.3949127,6.909666,1.0250319,-0.02687807,0.06352998
-5.793968,6.612785,6.1507044,-0.6462954,0.042760566,0.06963864
-5.8107276,5.0613422,6.600814,-1.0079277,-0.13194689,0.034208454
-5.6646814,3.2082303,6.409278,-0.13561209,0.02321288,-0.052534413
-6.0166287,4.0940847,6.6534867,0.657291,0.013439035,-0.0720821
-5.353435,4.3622355,6.703765,-0.3921755,-0.05375614,0.05009095
-5.686229,4.1276035,6.6750345,-0.089186326,0.08307768,-0.0842994
-5.5856724,3.560178,6.1123967,-0.66828656,-0.009773844,0.007330383
-5.6407394,3.3159695,6.8306575,-0.20525073,-0.0720821,0.06963864
-5.494693,4.24492,7.2544312,0.31520647,-0.035430185,0.04886922
-5.6000376,4.280833,6.5864487,-0.27122417,0.014660766,-0.015882496
-5.647922,3.6583402,6.8330517,0.1441642,0.014660766,0.052534413
-6.054936,3.7972038,6.459556,0.44959682,-0.002443461,0.013439035
-5.5138464,3.9671922,6.256049,-0.1685988,-0.042760566,0.105068825
-5.8107276,2.837129,6.787562,-0.2602286,0.043982297,0.02321288
-5.3845596,4.2664676,6.5625067,0.24190263,0.02076942,-0.007330383
-5.616797,4.7620673,6.007052,-0.6768387,-0.02321288,-0.17959438
-5.9400144,5.1475334,6.64391,1.0152581,-0.02565634,-0.073303826
-5.959168,5.57849,7.2831616,1.1765264,0.034208454,0.06963864
-6.045359,5.2600613,6.423643,0.4605924,0.021991149,0.18203785
-5.521029,4.5418005,5.719748,-0.1600467,-0.17470746,-0.08674286
-5.781997,7.1347213,5.8466406,-1.736079,-0.052534413,-0.11362094
-5.777209,3.4691982,6.5960255,-1.2534955,-0.02565634,0.014660766
-6.0238113,2.2744915,6.4380083,-0.55955255,-0.015882496,0.18203785
-5.494693,2.7940333,5.1906295,0.65240407,-0.21013765,0.11362094
-5.0158525,3.7349546,7.0102224,-0.2883284,0.037873644,0.047647487
-5.3725886,3.608062,6.517017,-0.66339964,-0.19792034,0.008552114
-5.849035,2.896984,6.7348895,-0.3286455,-0.064751714,-0.21135938
-5.3079453,3.0119057,7.2951326,0.015882496,-0.13805555,-0.09896017
-5.257667,2.801216,7.2185183,-0.4642576,-0.036651913,-0.12339478
-5.1475334,2.6527755,7.3406224,-0.7171558,0.07574729,0.057421334
-4.9823337,3.3638535,7.6135616,0.4642576,0.002443461,0.10262536
-5.437232,3.7086184,7.860164,0.13316862,0.056199603,-0.043982297
-5.130774,2.7820623,7.2424603,-0.013439035,-0.12950343,0.09773844
-5.0661306,3.5553896,7.666234,0.032986723,0.02076942,-0.04642576
-4.9559975,3.1196449,6.993463,-0.09040806,-0.172264,0.09407325
-5.185841,4.06296,7.309498,0.47647488,0.10140363,-0.059864793
-4.8961425,3.6774938,7.8410106,0.22479841,-0.012217305,0.112399206
-5.353435,3.0597897,7.103596,-0.17715092,0.040317107,-0.012217305
-5.056554,3.514688,7.5680714,0.14782938,-0.040317107,0.047647487
-4.8458643,3.6942532,6.967127,-0.34330627,0.032986723,0.2406809
-4.642357,3.7205894,6.2943563,0.4361578,-0.19303341,0.12217305
-4.596867,3.9145198,6.8282633,0.014660766,0.08674286,0.0720821
-4.4723687,5.080496,7.469909,0.23823744,-0.059864793,-0.18570304
-4.3646297,5.073313,7.1107793,-0.036651913,-0.032986723,0.007330383
-4.5777135,4.9655743,6.215348,0.47525316,0.052534413,0.014660766
-5.133168,3.5218706,6.7612257,-0.22724187,0.095294975,-0.0720821
-4.8338933,4.2425256,6.95755,0.05375614,0.02443461,-0.0012217305
-5.0900726,5.497087,6.0884547,0.52778757,0.059864793,0.12095132
-4.7620673,4.9464207,6.1411276,-0.18448131,0.14782938,-0.007330383
-5.023035,3.7852328,5.9639564,0.02076942,0.014660766,-0.02687807
-4.9703627,5.851429,6.8043213,0.39950588,0.034208454,0.010995574
-4.879383,5.710171,5.7484784,-0.004886922,0.0012217305,0.05131268
-4.9224787,5.2840033,6.3302693,-0.40317106,-0.007330383,0.007330383
-4.975151,4.3766007,6.205771,0.3005457,0.06352998,0.043982297
-4.9775453,5.070919,6.631939,-0.02076942,0.02443461,0.002443461
-5.145139,4.501099,5.556942,-0.20525073,-0.032986723,0.0
-5.0038815,5.449203,6.2512608,0.9639453,-0.05375614,0.019547688
-5.3821654,5.8442464,5.889736,0.3115413,0.04520403,-0.17592919
-5.116409,2.777274,7.144298,-0.64873886,-0.05009095,-0.41905355
-5.9639564,1.0510546,7.867347,-1.0348058,0.12705997,-0.31398472
-5.741296,-0.3184288,7.577648,-0.5888741,0.02076942,-0.06841691
-5.746084,0.93852705,7.8865004,0.7648033,-0.029321533,-0.010995574
-5.767632,1.3790601,6.2129536,-0.43860126,0.06963864,0.07452556
-5.5042696,0.90021986,7.079654,0.07941248,-0.032986723,-0.119729586
-5.707777,4.5872903,7.9966335,0.6206391,0.015882496,-0.039095376
-5.3701944,2.8419175,6.157887,-0.013439035,0.22968534,0.14660765
-5.645528,1.4221559,7.465121,0.43004912,0.037873644,-0.04886922
-5.3558292,3.3183637,8.4108305,0.8723156,-0.11484267,0.02565634
-6.6726403,2.2697031,5.5162406,-0.5314528,-0.017104227,0.17837265
-5.626374,3.1627405,6.6391215,0.31764993,-0.12461651,-0.014660766
-5.401319,3.4859576,7.1251445,-0.27366763,0.07086037,-0.064751714
-5.899313,1.9608512,7.0700774,-0.30787608,0.06963864,0.095294975
-5.427655,4.268862,7.264008,0.28710666,-0.073303826,0.10140363
-5.7005944,3.3135753,6.8569937,-0.4373795,0.028099801,-0.02076942
-5.535394,2.6671407,7.065289,0.16737708,-0.029321533,0.09285152
-5.619191,3.1172507,7.4746976,0.17104226,0.030543262,-0.03176499
-5.451597,2.9999347,7.1347213,-0.6963864,-0.019547688,-0.056199603
-5.2385135,2.6240451,6.9264255,0.26511553,0.09162979,-0.02565634
-5.638345,3.1292217,6.9719152,-0.03176499,-0.010995574,0.039095376
-5.2409077,3.3973722,7.4124484,0.5119051,-0.06719518,0.036651913
-5.4922986,4.122815,7.809886,0.37751472,0.065973446,0.05009095
-5.6551046,2.942474,6.6486983,-0.267559,0.04520403,0.105068825
-5.389348,1.982399,6.6295447,0.12095132,-0.05497787,0.18692477
-5.2049947,2.8874073,6.754043,0.66950834,-0.13927728,-0.018325957
-5.0397944,3.9121256,7.690176,0.20769419,0.004886922,-0.030543262
-4.9823337,4.4340615,7.524976,0.5314528,0.15271631,0.017104227
-5.626374,5.080496,7.275979,0.3200934,0.21991149,0.14782938
-4.709395,5.638345,5.9041014,-0.032986723,-0.04153884,0.37018433
-4.685453,5.9448028,6.493075,0.3811799,-0.081855945,0.06841691
-4.8386817,6.3087215,6.105214,0.04153884,-0.032986723,0.096516706
-4.5920787,5.5521536,5.2624555,-0.07574729,-0.030543262,-0.052534413
-4.8626237,6.825869,6.0166287,-0.3811799,0.02687807,0.018325957
-4.9464207,5.3606176,4.721366,-0.059864793,0.017104227,0.0012217305
-4.6591167,6.459556,5.1235914,0.05497787,0.012217305,-0.12950343
-5.1116204,6.2009826,6.3566055,0.22724187,-0.0036651916,-0.10751228
-4.546589,5.837064,4.88896,0.0036651916,-0.12339478,-0.05375614
-5.7843914,6.943185,5.8107276,0.15515977,0.09773844,-0.032986723
-4.3646297,5.8586116,4.8267107,-0.02321288,0.002443461,0.16249016
-5.209783,5.544971,5.2121773,-0.2406809,0.010995574,-0.118507855
-4.936844,5.183447,4.96318,0.13072516,0.019547688,0.10751228
-5.1235914,6.229713,5.5162406,-0.19547687,0.073303826,-0.1441642
-5.2409077,5.695806,5.777209,-0.1600467,0.05131268,-0.013439035
-4.5418005,5.985504,4.7979803,-0.029321533,-0.06719518,-0.17592919
-5.48751,8.207323,3.3159695,-1.5039502,-0.028099801,-1.0213667
-5.140351,1.8650831,8.7532015,-2.4007003,0.4129449,-0.37018433
-7.2831616,1.9991584,6.71813,0.16371189,0.24312437,0.037873644
-7.3789296,0.31603462,6.7133417,-0.44715336,-0.0720821,-0.2284636
-6.742072,-0.11971009,7.8027034,-0.12950343,0.16982053,0.22235495
-7.0365586,-0.19632454,5.3845596,-0.5888741,0.31520647,0.040317107
-7.252037,0.3878607,6.160281,0.5290093,0.06352998,-0.13683382
-6.337452,2.6312277,5.770026,0.14782938,0.004886922,-0.05009095
-7.7787614,0.5386954,6.5457473,-0.172264,0.059864793,-0.09407325
-6.909666,0.6991069,6.64391,0.22968534,0.09040806,0.03176499
-7.1395097,1.2258313,6.447585,-0.38362336,-0.13194689,-0.02076942
-7.299921,0.92895025,7.1849995,0.37751472,0.15027285,0.06352998
-6.873753,1.4101849,6.0477533,-0.31520647,0.105068825,0.16493362
-7.029376,2.1619642,5.9807158,0.37751472,-0.1001819,-0.06963864
-7.1490865,1.5634137,6.1507044,-0.49846604,0.103847094,0.1282817
-7.240066,1.13964,6.227319,-0.46303585,0.04642576,0.105068825
-6.7348895,0.92176765,6.694188,0.02687807,-0.05131268,0.05009095
-7.6829934,0.5291186,6.0597243,-0.25167647,-0.10995574,0.02443461
-7.3166804,1.163582,6.739678,0.19547687,0.028099801,0.02443461
-6.253655,1.3144168,6.363788,-0.17715092,-0.17837265,0.07086037
-7.2951326,0.89303726,7.1083846,0.23335053,0.13561209,-0.07696902
-6.646304,1.067814,5.901707,0.18203785,0.035430185,-0.0036651916
-6.8665705,0.7254431,6.7971387,-0.14660765,-0.02076942,-0.057421334
-7.089231,1.2689269,6.7444663,0.2687807,0.14172074,0.0
-6.4739213,0.1364695,5.5377884,-0.6927212,-0.12217305,0.057421334
-7.156269,1.2282255,7.5106106,0.28710666,-0.036651913,-0.09773844
-7.0006456,0.90500826,5.729325,-0.09285152,0.059864793,0.15760323
-6.2943563,1.484405,6.375759,0.21624629,-0.004886922,-0.030543262
-7.860164,1.292869,6.8689647,-0.19058995,0.13072516,-0.056199603
-6.3589997,0.81402856,6.172252,-0.15027285,0.002443461,0.042760566
-7.716512,1.6136919,6.71813,0.70249504,-0.12339478,-0.17715092
-6.861782,1.8842367,5.765238,-0.31887165,0.118507855,0.2284636
-7.00304,1.400608,6.0405707,-0.20769419,-0.14660765,-0.10262536
-6.921637,2.3175871,6.3925185,0.36774087,-0.10629055,-0.24556783
-6.6534867,-0.31364042,6.895301,-0.1600467,-0.15027285,-0.3323107
-7.086837,-1.1348516,7.1826053,-0.5131268,-0.38606682,-0.27000242
-7.1610575,1.4915876,6.8426285,2.7159069,-0.09773844,0.7648033
-5.6407394,4.1180267,6.157887,1.7922786,-0.0061086523,0.98349303
-4.5298295,5.9280434,3.8642416,-0.44226643,-0.14538592,0.3359759
-4.721366,5.777209,5.0254292,-0.28099802,-0.017104227,-0.02687807
-4.733337,5.3941364,5.2409077,-0.09162979,-0.05497787,-0.0036651916
-5.1810527,6.505046,4.924873,0.6951646,-0.02565634,-0.02321288
-4.7165775,5.674258,5.6886234,-0.71593404,-0.052534413,0.065973446
-5.197812,5.614403,5.2600613,0.019547688,-0.12950343,-0.004886922
-4.6519337,4.9823337,5.159505,-0.28344148,-0.062308256,-0.09407325
-4.939238,7.419631,5.758055,0.816116,0.05131268,-0.004886922
-4.5681367,6.71813,5.279215,-0.24678956,-0.07819075,0.096516706
-5.1762643,7.038953,5.140351,0.15149458,0.034208454,-0.11484267
-4.699818,6.4978633,4.5274353,-0.42760566,0.009773844,0.052534413
-5.21936,7.429208,5.5641246,0.19058995,0.057421334,-0.112399206
-4.733337,5.779603,4.924873,-0.69027776,-0.032986723,0.029321533
-4.5753193,6.2464724,5.2648497,-0.8051204,-0.07086037,-0.059864793
-4.9823337,5.351041,5.1140146,-0.17592919,0.02565634,-0.23335053
-4.8506527,4.7022123,5.2887917,-0.23945917,-0.12950343,0.20769419
-4.501099,5.829881,4.5178585,0.23823744,-0.08552113,-0.25289822
-5.097255,5.875371,6.1076083,-0.13683382,-0.04642576,-0.047647487
-4.9823337,4.9895163,4.795586,-0.3726278,-0.08674286,-0.13683382
-4.927267,4.9416323,6.2632318,-0.16737708,-0.07819075,0.028099801
-5.257667,5.995081,5.2241483,-0.12583824,-0.05497787,-0.1160644
-4.8147397,4.9583917,5.365406,-0.37873647,0.009773844,-0.009773844
-5.7604494,5.1547165,5.6982,0.20891592,-0.064751714,-0.3286455
-5.4539914,5.427655,5.729325,-0.010995574,0.012217305,0.064751714
-5.1930237,4.55856,5.631162,-0.27488935,0.073303826,0.06719518
-5.130774,5.1690817,6.143522,0.204029,-0.008552114,-0.018325957
-5.2720323,5.5401826,6.021417,-0.1001819,-0.008552114,0.018325957
-5.140351,4.709395,5.427655,-0.3213151,0.021991149,0.015882496
-5.2624555,5.437232,5.8562174,0.12217305,0.0061086523,-0.002443461
-5.1642933,5.353435,5.90889,0.25167647,0.032986723,-0.013439035
-5.2002063,5.3247046,5.911284,-0.08674286,0.015882496,-0.0012217305
-5.1930237,5.3606176,5.758055,0.18325958,-0.043982297,-0.021991149
-5.1786585,5.4444146,6.0884547,0.04153884,-0.002443461,0.0061086523
-5.159505,5.518635,5.887342,-0.20158553,0.0061086523,0.010995574
-5.33907,5.401319,5.5976434,0.13927728,0.04520403,0.0012217305
-5.3558292,5.638345,5.619191,-0.0061086523,0.0036651916,0.0061086523
-5.3701944,5.3965306,5.683835,-0.16249016,0.002443461,0.008552114
-5.0996494,5.439626,5.647922,0.21135938,-0.0036651916,0.02443461
-5.3965306,5.9280434,5.707777,0.056199603,0.0061086523,-0.06841691
-5.568913,3.205836,5.753267,-0.6230826,-0.056199603,0.21135938
-5.291186,4.8147397,5.446809,-0.5717699,-0.07452556,-0.18203785
-4.6040497,3.7253778,6.303933,-0.3933972,-0.13072516,0.1282817
-5.568913,5.5018754,5.518635,-0.032986723,-0.1160644,-0.12705997
-4.745308,5.758055,4.4556093,0.4605924,-0.010995574,-0.0012217305
-4.96318,7.1873937,6.6654577,-0.42760566,0.12705997,-0.111177474
-4.8817773,4.759673,6.265626,-0.04520403,0.02687807,0.09896017
-4.8123455,5.556942,6.919243,-0.2687807,-0.012217305,-0.02443461
-5.032612,2.4133554,6.1195793,-0.9114109,-0.10140363,0.021991149
-4.0294414,3.58412,5.9639564,0.68416905,-0.036651913,0.0061086523
-5.3821654,5.6910176,6.203377,0.2443461,-0.052534413,-0.21135938
-4.3358994,5.556942,6.3470287,-0.04520403,-0.032986723,-0.21380283
-5.533,5.451597,4.1276035,-0.3286455,0.48624873,-0.012217305
-5.1690817,4.9943047,6.05733,-0.36774087,0.089186326,0.040317107
-5.0996494,5.8586116,6.495469,-0.88086766,-0.13072516,0.07819075
-6.4164605,6.093243,5.997475,-0.23457226,-0.10140363,0.04642576
-5.4899044,4.5082817,4.498705,-0.3726278,-0.056199603,0.04153884
-5.3127337,5.315128,7.5968018,-0.8576548,0.20647246,-0.15027285
-5.90889,3.2154129,5.911284,-1.1435398,-0.08307768,0.010995574
-5.032612,3.277662,5.4061074,0.21502456,-0.07452556,-0.1441642
-5.535394,3.5865142,6.5720835,-0.111177474,0.029321533,-0.029321533
-5.719748,5.6886234,6.447585,1.7201965,-0.12217305,-0.040317107
-5.473145,5.566519,6.0046577,-0.42149702,-0.058643065,-0.0012217305
-5.7508726,4.0414124,5.389348,-0.47769663,-0.037873644,-0.030543262
-5.3582234,3.0478187,5.6551046,-0.19425514,-0.02321288,-0.05497787
-5.497087,5.475539,6.2704144,-0.009773844,-0.07574729,-0.073303826
-5.4803276,5.5138464,6.907272,-0.33964106,-0.002443461,0.08674286
-4.996699,4.51307,6.3829417,0.07819075,-0.030543262,0.111177474
-5.717354,4.807557,5.470751,-0.68661255,-0.042760566,-0.04520403
-5.281609,4.6232033,6.3182983,0.052534413,0.021991149,0.02321288
-5.207389,6.1195793,6.7133417,0.3811799,0.062308256,0.0061086523
-5.523423,4.9296613,6.2704144,-1.1496484,0.10262536,0.0012217305
-5.130774,4.096479,6.667852,-0.68783426,-0.04642576,-0.0061086523
-5.281609,3.7325604,6.0357823,0.25900686,-0.1001819,-0.06841691
-5.5042696,4.441244,7.477092,2.0964894,-0.13805555,-0.27000242
-5.7604494,5.547365,6.0142345,-1.0592403,0.11362094,0.16249016
-4.642357,3.8043866,6.167464,-1.4611896,-0.08307768,0.007330383
-5.403713,4.39336,6.907272,0.93218035,-0.015882496,-0.05131268
-5.7245364,6.9024835,5.9663506,0.7648033,-0.02443461,-0.035430185
-5.3007627,4.865018,6.9647326,-0.7611381,-0.009773844,0.15760323
-5.5018754,2.9376855,6.05733,-0.09773844,0.034208454,-0.1600467
-6.019023,4.39336,5.803545,0.25900686,0.02565634,-0.018325957
-4.903325,4.831499,7.5321584,0.20647246,-0.013439035,0.043982297
-5.2049947,4.76925,6.6630635,-1.1887437,-0.14294247,0.04642576
-5.9448028,4.235343,5.791574,-0.07574729,-0.004886922,0.07086037
-5.997475,4.3382936,5.109226,-0.24190263,0.062308256,0.172264
-4.048595,2.4157495,7.9343843,-0.91874135,0.25045475,0.61941737
-4.0438066,3.9839516,8.185776,0.103847094,-0.06719518,0.004886922
-5.5617304,3.5649664,5.932832,-0.10629055,-0.13683382,-0.06352998
-5.1116204,2.8921957,7.788338,-0.07574729,0.056199603,-0.14782938
-4.76925,3.5769374,7.747637,0.12705997,0.030543262,-0.036651913
-5.614403,3.7205894,7.7452426,0.09040806,-0.09162979,-0.15149458
-4.757279,3.1172507,7.642292,-0.25045475,0.081855945,0.043982297
-5.805939,3.0119057,6.6989765,-0.26145032,-0.056199603,-0.052534413
-4.5322237,2.5187001,7.395689,0.44959682,0.002443461,-0.27000242
-6.2392898,4.5633483,5.614403,1.7348573,0.19425514,0.30909783
-5.461174,4.7907977,5.6359506,2.5937338,-0.087964594,-0.030543262
-4.608838,8.317456,5.3342814,0.9981538,-0.06963864,0.1685988
-4.6782703,5.78918,5.861006,-0.52778757,-0.04642576,-0.23335053
-5.207389,4.7046065,6.05733,-0.4605924,-0.07696902,-0.12583824
-5.1355624,5.3318872,5.386954,0.49113566,0.06963864,-0.034208454
-5.056554,5.451597,6.6367273,0.0061086523,0.13805555,-0.021991149
-4.876989,6.26802,5.389348,-0.103847094,-0.09407325,0.062308256
-5.231331,5.032612,5.9160724,-0.14905111,0.06841691,-0.09040806
-5.2887917,5.5617304,6.4308257,0.36774087,0.13683382,0.029321533
-5.2887917,5.949591,5.4444146,-0.05131268,-0.040317107,0.07574729
-5.3223104,4.867412,5.645528,-0.4642576,-0.07574729,0.012217305
-4.735731,6.471527,5.8562174,0.39706242,-0.08674286,0.032986723
-5.422867,5.580884,5.185841,-0.3567453,-0.04642576,0.064751714
-4.733337,5.145139,6.184223,-0.17470746,0.09773844,-0.118507855
-5.0038815,5.8466406,5.7724204,-0.057421334,-0.021991149,-0.043982297
-4.817134,6.14831,6.1123967,0.44715336,0.064751714,0.04886922
-5.451597,4.6830587,5.3366756,-0.4654793,-0.034208454,0.12950343
-5.21936,5.3558292,5.8945246,-0.035430185,-0.11362094,0.002443461
-4.6136265,5.33907,4.6950297,-0.32253686,0.06841691,0.042760566
-4.999093,5.046977,6.131551,-1.4941764,-0.0061086523,-0.1600467
-6.0405707,6.1387334,6.5265937,0.14294247,-0.010995574,-0.21013765
-4.9176903,4.4699745,5.9424086,-0.50946164,-0.12583824,0.2321288
-4.999093,4.31914,6.55293,-0.34574974,-0.04886922,-0.009773844
-4.805163,4.8722005,6.1004257,-0.15393804,-0.007330383,0.0061086523
-5.17387,4.4603977,6.3446345,-0.09040806,-0.061086524,-0.013439035
-4.9919105,5.8586116,6.4044895,0.5522222,-0.04520403,0.07819075
-5.133168,6.1985884,5.1762643,-0.49968776,-0.06352998,-0.111177474
-4.84347,5.686229,5.719748,-0.44837508,0.0,0.06963864
-4.805163,5.2720323,6.4978633,0.2761111,-0.043982297,-0.034208454
-5.044583,5.401319,5.7269306,-0.12095132,0.029321533,-0.04153884
-5.0374002,4.000711,6.6726403,0.18448131,0.07452556,0.03176499
-4.453215,5.932832,5.12838,-0.062308256,-0.1685988,-0.18081611
-4.8147397,3.064578,3.301604,-1.921782,0.10629055,-0.99082345
-6.9479733,-6.0884547,11.118672,-2.941927,0.36041048,-0.1881465
-7.1873937,3.2992098,5.2241483,2.1771238,0.48380527,0.23090707
-6.634333,0.16519992,6.7253127,1.5088371,0.0842994,0.12705997
-7.074866,1.9871874,6.361394,-0.7171558,-0.204029,0.002443461
-7.026982,-0.007182605,5.9926867,-0.22113322,0.002443461,-0.11362094
-6.567295,0.19393034,7.3885064,-0.88208944,0.037873644,0.08552113
-7.189788,1.7190368,5.315128,0.036651913,0.0036651916,0.087964594
-6.8522053,1.2545617,7.1490865,-0.6450737,0.06841691,-0.0012217305
-7.2209125,-1.2401965,5.604826,-0.41416663,0.1685988,0.30665436
-6.7708025,1.1827357,7.620744,0.017104227,-0.10140363,-0.13072516
-7.560889,1.388637,6.4140663,0.14660765,0.10140363,0.042760566
-6.9599442,0.045489833,6.83784,0.1563815,0.02687807,0.09285152
-7.275979,-0.16280572,6.0262055,-0.5925393,0.035430185,0.14782938
-7.0485296,0.47644615,7.1155677,0.029321533,0.05375614,0.02687807
-7.4627266,0.10295067,5.3127337,0.26267207,-0.004886922,-0.012217305
-7.2592196,0.18914193,6.7013707,-0.036651913,-0.0012217305,-0.1563815
-7.608773,-0.074220255,5.5880666,-0.105068825,0.33841935,0.06963864
-7.393295,0.30166942,5.3007627,-0.10873401,-0.032986723,-0.14172074
-7.309498,0.533907,6.576872,0.13072516,-0.08674286,-0.073303826
-7.843405,0.557849,6.203377,0.064751714,0.12339478,0.018325957
-7.132327,1.0821792,5.827487,0.39950588,0.12950343,0.02687807
-7.8888946,0.007182605,6.423643,-0.18936823,-0.1600467,-0.0036651916
-7.493851,1.1803415,5.8921304,0.4605924,0.18692477,0.0720821
-7.8649526,0.7781156,5.0757074,-0.21624629,-0.18936823,-0.039095376
-8.271967,1.7525556,6.337452,0.52778757,0.057421334,0.02687807
-6.909666,0.8571242,4.9919105,1.5833627,0.10751228,-0.02321288
-7.678205,0.7541735,6.6486983,0.7648033,-0.047647487,-0.1160644
-7.489063,0.93613285,5.6551046,0.02565634,0.0720821,-0.04642576
-7.9607205,1.1611878,6.3206925,-0.4373795,-0.14660765,-0.07086037
-7.61835,1.448492,5.81791,0.15149458,-0.07574729,0.043982297
-7.764396,0.22505496,6.196194,-0.10629055,-0.010995574,-0.06963864
-6.3470287,1.5634137,5.3725886,-0.52534413,-0.095294975,0.17470746
-7.7667904,1.2880806,6.3901243,-0.015882496,0.02443461,-0.09040806
-7.9631147,0.6943185,5.473145,0.9492846,0.07452556,-0.028099801
-7.314286,1.5011644,6.5816603,0.27488935,0.14172074,0.030543262
-7.651869,2.030283,5.4659624,0.29077184,0.007330383,-0.029321533
-7.393295,1.271321,5.9998693,-0.058643065,-0.036651913,0.039095376
-7.297527,1.1947067,4.6136265,-0.6768387,0.029321533,0.06841691
-7.228095,1.6472107,6.2632318,-0.1966986,-0.10873401,-0.021991149
-7.517793,0.14604631,6.0118403,-0.50579643,0.002443461,0.05497787
-7.630321,0.33518824,5.9567738,0.20647246,-0.028099801,0.04153884
-7.2807674,0.8834604,5.923255,0.48991394,-0.012217305,-0.028099801
-7.4986396,2.4636335,6.703765,0.17715092,0.064751714,0.062308256
-6.789956,2.3702598,5.281609,-0.10140363,0.1282817,0.035430185
-7.6135616,1.3455414,5.4683566,-0.45814893,-0.11362094,-0.04886922
-7.019799,2.542642,6.117185,-0.17104226,0.081855945,-0.043982297
-7.5201874,1.4652514,5.365406,-0.267559,0.05009095,-0.06719518
-8.183381,-0.110133275,5.2026005,-0.4654793,0.002443461,-0.09773844
-7.165846,0.82360536,5.616797,0.080634214,0.008552114,-0.06963864
-7.2185183,0.7398083,6.495469,-0.16249016,0.118507855,0.02565634
-8.236053,1.0845734,5.7628436,0.40194935,-0.2321288,-0.05131268
-7.747637,0.90261406,5.511452,-0.105068825,0.039095376,-0.012217305
-7.2424603,1.5801731,4.903325,-0.6230826,0.058643065,0.1563815
-6.8282633,2.099715,6.030994,-0.26633725,-0.17959438,0.13072516
-7.991845,0.7398083,6.4308257,-0.07819075,0.065973446,-0.030543262
-7.8266454,1.1061212,5.3965306,0.09285152,-0.040317107,0.012217305
-7.055712,1.6352397,6.291962,1.1814134,0.064751714,0.0012217305
-7.6351094,1.2904748,5.415684,-0.18448131,0.09773844,-0.080634214
-8.226477,1.721431,5.535394,0.50823987,0.04886922,0.0061086523
-7.1490865,1.8746599,5.686229,0.29565877,0.073303826,0.09162979
-7.374141,1.6208745,5.5018754,-0.2443461,-0.087964594,-0.037873644
-8.236053,1.7118542,6.409278,0.50823987,0.10140363,0.0842994
-6.6965823,0.9576807,5.317522,-0.5155703,-0.10873401,0.07452556
-7.690176,1.0845734,6.5457473,0.0842994,-0.0036651916,-0.26389378
-8.571242,0.05746084,5.351041,0.88086766,-0.11728613,-0.13316862
-7.237672,0.9864111,5.7724204,0.8881981,0.15393804,0.09285152
-7.6375036,1.958457,4.675876,0.99082345,0.14172074,0.015882496
-8.12592,2.9520507,4.429273,-0.6084218,-0.02443461,-0.032986723
-7.788338,1.3838485,4.1252093,-0.59131753,-0.0061086523,0.17470746
-8.26239,2.7964275,5.1906295,0.39706242,-0.008552114,0.029321533
-7.3166804,2.0015526,3.643975,-0.3726278,0.042760566,0.19547687
-8.039729,2.1787236,5.403713,-0.09773844,-0.089186326,-0.012217305
-7.3669586,2.4396915,4.876989,-0.7806858,-0.057421334,-0.10629055
-8.039729,0.80684596,4.757279,0.15271631,-0.27122417,-0.19181168
-7.642292,0.9840169,6.253655,0.112399206,0.28955013,0.33475417
-8.23366,1.0893618,4.7979803,0.081855945,0.040317107,-0.0036651916
-7.6231384,0.6751649,4.321534,-0.30543262,0.05131268,-0.118507855
-9.009381,0.80445176,4.8698063,0.5571091,0.062308256,-0.058643065
-6.921637,1.1348516,4.7500963,-0.55955255,0.081855945,-0.14660765
-7.050924,-0.51475334,5.183447,-0.6609562,-0.17837265,-0.7415904
-8.805874,-3.2704794,7.1706343,-1.3695599,-1.0079277,-0.91507614
-7.1993647,-2.099715,8.628703,3.00057,-0.9737192,1.1227703
-4.6902413,6.021417,4.7309427,2.8686233,-0.18325958,0.93828905
-3.7708676,5.631162,5.4683566,-1.0067059,-0.4202753,-0.5644395
-6.3111157,4.489128,7.443573,0.36651915,0.17348573,0.13194689
-4.474763,6.4068837,4.9320555,1.0030408,0.080634214,0.6768387
-5.4683566,5.851429,5.825093,-0.44959682,0.010995574,0.0
-3.5913026,6.0836663,6.081272,0.065973446,0.002443461,0.04520403
-4.642357,6.5816603,5.57849,0.11728613,0.04642576,-0.009773844
-5.365406,5.1116204,5.8921304,-0.16249016,-0.1881465,-0.2773328
-5.17387,6.435614,5.683835,0.20769419,-0.05009095,-0.2003638
-5.374983,5.209783,3.3997664,0.118507855,-0.03176499,0.14049901
-4.745308,6.315904,5.793968,0.16126843,0.043982297,-0.10995574
-5.231331,6.4380083,5.4204726,0.019547688,0.0036651916,0.057421334
-4.939238,5.971139,4.4675803,-0.20280726,0.021991149,0.07819075
-4.939238,6.6175733,6.3925185,-0.112399206,0.02687807,-0.064751714
-5.1140146,7.5106106,4.7165775,0.14172074,0.02565634,0.013439035
-4.96318,5.595249,4.642357,-0.70738196,-0.009773844,-0.013439035
-5.035006,6.1530986,5.159505,0.028099801,0.032986723,0.07941248
-5.281609,6.7612257,5.389348,1.105666,-0.004886922,0.029321533
-5.0757074,8.078036,4.010288,0.043982297,0.15271631,0.07696902
-3.857059,7.8984714,3.2225955,-0.8576548,-0.12583824,-1.0836749
-5.9280434,1.9536686,4.709395,-0.5143485,-0.97127575,-1.6126842
-6.9360023,3.857059,6.6870055,0.24678956,-0.32620203,0.37140608
-5.45878,7.608773,6.203377,0.040317107,-0.007330383,0.089186326
-6.3661823,1.8148049,7.098808,-0.29932398,-0.058643065,0.04520403
-6.775591,3.4644098,7.776367,0.1282817,-0.11728613,0.657291
-5.0541596,3.5122938,4.43885,0.90285885,0.9505063,1.6310102
-4.721366,6.0525417,4.9105077,0.16737708,-0.12705997,0.59620446
-5.1642933,4.0821137,6.0022635,-0.6743952,-0.14660765,0.17592919
-4.6519337,5.7365074,6.042965,0.893085,-0.06963864,0.021991149
-5.2840033,6.55293,5.6910176,0.34330627,-0.12583824,-0.014660766
-4.781221,5.303157,6.4260373,-0.105068825,-0.02443461,0.017104227
-4.7285485,5.5282116,5.4803276,0.064751714,-0.07086037,0.04520403
-4.256891,6.0860605,6.588843,0.09773844,-0.012217305,0.15515977
-4.1156325,6.4380083,5.841852,0.13316862,-0.017104227,0.062308256
-4.3263226,5.518635,5.722142,-0.30909783,-0.036651913,0.014660766
-4.390966,5.932832,6.5481415,0.20647246,0.02443461,-0.034208454
-4.7046065,6.145916,6.0621185,-0.08674286,0.059864793,0.042760566
-4.086902,5.7508726,6.3111157,0.081855945,-0.061086524,-0.0036651916
-4.4723687,6.7803793,5.985504,0.062308256,-0.004886922,0.02565634
-3.7565024,5.8083334,5.482722,0.16249016,-0.02321288,0.065973446
-4.0414124,6.2009826,6.2752028,0.6462954,0.02565634,-0.13683382
-4.27365,4.5992613,6.5241995,0.14172074,0.037873644,0.039095376
-4.429273,5.461174,5.9759274,0.19058995,-0.039095376,0.02565634
-4.0653543,6.9527617,6.2512608,-0.37873647,-0.096516706,-0.007330383
-4.2664676,5.473145,6.8282633,-0.48624873,-0.03176499,-0.039095376
-4.4077253,5.3247046,5.9902925,0.18325958,-0.02443461,-0.0036651916
-4.510676,6.1411276,5.473145,0.05131268,0.15149458,-0.043982297
-4.5202527,5.509058,6.10282,-0.08552113,-0.10873401,0.056199603
-4.594473,5.57849,5.6335564,-1.2009611,-0.14172074,-0.015882496
-4.55856,5.056554,6.691794,0.10262536,0.07941248,0.15882497
-4.642357,5.6527104,5.734113,-0.095294975,-0.035430185,0.039095376
-3.7110126,6.4499793,6.26802,0.15760323,-0.119729586,0.1563815
-4.5681367,5.1475334,5.257667,-0.45081854,0.05375614,-0.017104227
-4.19943,5.4420204,6.277597,0.22602014,0.034208454,-0.08674286
-4.2999864,6.6510925,5.8634,0.75625116,0.019547688,0.030543262
-3.9360676,6.7564373,6.447585,-0.43493605,-0.021991149,0.10140363
-4.015076,6.033388,5.973533,0.45448375,0.009773844,-0.16737708
-3.8857894,6.2728086,5.925649,-0.44959682,-0.07696902,-0.3286455
-5.3486466,3.8139634,6.505046,-0.90285885,-0.25411993,-0.56199604
-4.7405195,4.1922474,6.7851677,-0.06963864,-0.02443461,-0.13927728
-4.2185836,3.1028855,7.4244194,-0.10751228,-0.021991149,0.056199603
-4.0078936,2.7581203,8.276755,0.5693264,0.09285152,0.2443461
-4.7524905,4.0414124,6.9240313,-0.08307768,0.02443461,-0.065973446
-4.853047,4.9440265,6.4068837,0.4251622,0.032986723,-0.103847094
-4.060566,4.357447,6.909666,0.08674286,0.13439035,0.09773844
-4.6136265,4.51307,7.642292,-0.018325957,0.07086037,-0.2003638
-4.450821,4.570531,8.422802,0.55833083,-0.112399206,0.007330383
-4.841076,4.0701427,6.933608,0.5681047,-0.05497787,0.058643065
-4.462792,4.903325,6.9719152,0.25900686,0.111177474,0.09162979
-3.7708676,5.4061074,8.4347725,-1.4159856,0.073303826,-0.12583824
-3.9384618,3.265691,8.101978,-1.1704178,-0.10629055,-0.07819075
-4.345476,4.0318356,7.216124,0.15271631,-0.029321533,-0.03176499
-4.51307,4.465186,6.5936313,0.19058995,-0.002443461,0.07941248
-4.644751,5.645528,7.860164,0.3848451,-0.0061086523,0.007330383
-4.1060557,4.501099,7.40766,-0.18936823,0.02443461,0.030543262
-4.1036615,3.5194764,7.548918,-0.9224065,-0.061086524,-0.03176499
-4.2784386,4.7046065,7.917625,0.77824235,0.05009095,-0.015882496
-3.41892,4.948815,8.219295,-0.31642818,-0.09285152,0.052534413
-4.7022123,3.442862,6.4284315,-0.7611381,0.2284636,0.017104227
-3.857059,3.9145198,8.171411,-0.5852089,-0.16126843,-0.02321288
-4.0797195,3.0358477,7.1227503,-0.15760323,-0.08552113,-0.0061086523
-4.405331,4.7405195,7.326257,0.14782938,0.19425514,-0.042760566
-4.829105,3.0238767,8.420407,-0.6658431,-0.119729586,0.09407325
-3.514688,4.0677485,7.1155677,-0.31398472,0.07452556,0.07086037
-3.8881836,2.597709,6.8785415,-0.087964594,0.14049901,0.08552113
-3.58412,3.9911342,8.300697,-0.10873401,-0.03176499,0.17959438
-3.608062,4.453215,7.9607205,0.8063421,-0.07574729,-0.05375614
-3.857059,2.765303,8.152257,0.72326446,0.10629055,-0.04886922
-4.3047748,3.0334535,7.2089415,-0.30176744,0.0,-0.012217305
-3.6511576,3.8546648,7.323863,0.22479841,-0.08307768,-0.04886922
-4.307169,4.9464207,7.747637,0.86742866,0.0036651916,0.029321533
-3.6583402,4.5441947,6.6750345,-0.10262536,-0.013439035,0.103847094
-4.098873,5.4683566,8.295909,0.089186326,-0.0061086523,-0.0842994
-3.763685,5.451597,6.8569937,0.50335294,0.09407325,0.10995574
-4.0581717,4.781221,7.548918,-0.18081611,0.008552114,-0.056199603
-3.8833952,4.0462008,7.249643,0.25534168,0.04153884,0.007330383
-3.8833952,4.5298295,8.224083,0.675617,0.040317107,0.13072516
-3.7900212,5.686229,5.0757074,-1.2229522,-0.06841691,0.28955013
-3.071761,6.054936,6.2943563,0.32620203,0.096516706,0.019547688
-4.1180267,6.0477533,6.1866174,-0.20647246,0.02687807,-0.1881465
-3.4644098,6.220136,6.8426285,0.39461896,-0.062308256,-0.062308256
-3.8235402,5.425261,6.157887,0.018325957,-0.008552114,-0.06352998
-4.3287168,6.7109475,5.386954,0.1966986,0.02076942,-0.17104226
-4.225766,6.811504,5.4659624,0.32253686,0.10995574,-0.13194689
-4.5920787,5.791574,5.973533,-0.096516706,0.10751228,-0.04153884
-4.039018,5.518635,7.129933,-0.2284636,-0.07086037,-0.05131268
-4.534618,6.8881183,3.928885,-0.44226643,-0.105068825,0.08307768
-4.158728,6.3949127,6.447585,-0.09285152,-0.004886922,-0.04886922
-4.31914,5.659893,6.315904,0.014660766,0.029321533,-0.009773844
-4.4723687,6.6989765,5.5880666,0.22479841,-0.05009095,0.24312437
-3.7948096,6.9958572,5.116409,0.50579643,-0.05009095,0.0036651916
-3.7732618,7.505822,5.0637364,0.41905355,-0.112399206,0.018325957
-3.5936968,7.589619,4.4795513,-0.36285394,0.036651913,0.0
-3.7660792,7.201759,5.4779334,-0.4654793,0.02443461,-0.037873644
-4.050989,6.528988,4.841076,-0.09773844,0.0,0.095294975
-4.06296,4.4484267,4.6806645,-0.1282817,0.105068825,0.02565634
-3.5673606,6.754043,6.2584434,-0.19058995,-0.004886922,0.017104227
-4.307169,6.71813,4.6830587,0.23457226,0.017104227,-0.040317107
-3.4332852,6.277597,5.2145715,0.20525073,0.040317107,-0.009773844
-3.8379054,7.5082164,4.132392,-0.10262536,0.10995574,0.058643065
-4.2066126,6.7947445,5.746084,-0.04642576,-0.04520403,-0.119729586
-3.2561142,6.375759,5.032612,0.6047566,0.030543262,-0.05009095
-4.6806645,6.3805475,5.6527104,0.5864306,0.06963864,0.05131268
-3.514688,6.3661823,4.465186,0.15882497,-0.15149458,-0.052534413
-5.659893,4.661511,6.217742,-1.1948525,0.30298916,-1.2119566
-7.8529816,3.1842883,8.805874,0.6780604,0.93584555,0.2724459
-5.896919,2.2098482,8.24563,-1.5210545,0.40561453,0.08307768
-6.2991447,1.5394717,7.0126166,-0.7244862,-0.10140363,0.06963864
-7.3071036,1.8818425,6.8330517,0.25167647,0.047647487,0.25411993
-6.3661823,1.8124107,6.670246,-0.03176499,-0.004886922,-0.06352998
-6.3302693,1.364695,6.253655,0.09285152,-0.059864793,-0.16249016
-6.634333,2.5785553,6.181829,0.10751228,0.17959438,0.12339478
-5.9448028,2.885013,6.4739213,1.0189233,-0.0012217305,-0.009773844
-6.2967505,3.2010477,5.90889,-0.11362094,-0.1600467,0.081855945
-6.8210807,2.6503813,6.64391,0.44959682,0.103847094,-0.013439035
-6.2823853,3.2968156,5.425261,-0.8527679,-0.087964594,0.07819075
-7.1395097,2.1452048,6.8761473,0.36896262,0.021991149,-0.0012217305
-6.4523735,2.657564,6.4380083,-0.015882496,0.015882496,0.18570304
-6.6726403,3.2249897,6.241684,-0.61941737,-0.07574729,-0.06841691
-7.2927384,3.7780502,6.5601125,-0.33841935,-0.064751714,0.02076942
-5.8945246,3.4141316,6.1004257,0.47647488,0.09407325,0.052534413
-6.9479733,3.5434184,6.8306575,0.45570546,-0.112399206,-0.080634214
-7.103596,3.5458126,4.663905,-0.34697145,0.15515977,0.08674286
-6.1100025,3.3662477,5.497087,-0.056199603,0.009773844,-0.040317107
-8.032547,3.6032736,6.105214,-0.11484267,-0.13316862,-0.10140363
-6.5122285,4.4699745,5.243302,-0.6426302,-0.010995574,0.19181168
-6.2368956,4.2401314,5.889736,0.28588495,0.11362094,-0.0061086523
-5.875371,4.2042184,5.5138464,1.3939945,-0.014660766,-0.105068825
-6.919243,5.0421886,5.628768,0.22724187,0.07086037,-0.014660766
-6.8785415,4.537012,5.044583,-0.49235737,-0.004886922,0.06352998
-6.6486983,3.9432502,5.046977,-0.47403142,-0.14172074,-0.058643065
-7.0724716,4.608838,5.4324436,0.07696902,0.07819075,0.02321288
-5.7484784,4.663905,5.451597,-0.057421334,-0.07941248,0.073303826
-7.2927384,5.5497594,5.518635,-0.86742866,0.07574729,0.07086037
-6.588843,4.5513773,5.734113,0.17348573,-0.028099801,-0.06352998
-6.3230867,3.7828386,5.801151,-0.54367006,-0.14660765,-0.018325957
-6.579266,3.4691982,4.7046065,0.05497787,0.1282817,-0.0012217305
-6.2823853,4.0557775,5.554548,-0.35796702,-0.28588495,-0.25778514
-6.6486983,0.6823475,7.4244194,-1.2119566,-0.49846604,0.25778514
-5.717354,1.5610195,8.494628,-1.0042624,0.1563815,-0.05375614
-5.7125654,1.0414777,6.5936313,-0.59131753,0.1563815,0.11484267
-5.7245364,1.4293385,7.6494746,0.17837265,-0.047647487,0.032986723
-6.76362,0.6464345,7.261614,-0.057421334,0.14294247,0.08307768
-5.899313,1.6759412,6.5720835,-0.36041048,-0.16371189,-0.004886922
-6.7444663,1.6328455,7.369353,-1.3695599,0.064751714,0.039095376
-5.7125654,1.3934253,6.0860605,-0.37384954,-0.1160644,0.04153884
-6.8522053,0.8523358,7.4387846,0.11484267,0.172264,0.02443461
-5.3342814,1.6950948,6.1746464,-0.036651913,0.02076942,0.16615535
-7.5225816,1.3383588,7.855376,-0.23090707,0.009773844,-0.07941248
-5.5042696,0.7493851,6.4978633,0.4251622,0.1160644,0.32253686
-7.1490865,0.1364695,6.931214,-0.07452556,-0.08552113,-0.04153884
-7.350199,0.260968,7.668628,-0.22357668,0.02443461,0.028099801
-5.5162406,1.3670892,6.409278,0.23090707,-0.12950343,0.089186326
-8.271967,0.48841715,8.293514,-0.3555236,0.012217305,-0.004886922
-4.122815,0.29448682,6.50744,0.21868975,0.018325957,0.02321288
-6.631939,-1.6112977,9.038112,-0.9957104,-0.59864795,-0.94806284
-6.7085533,-3.7349546,9.873688,3.0812044,-0.20158553,0.2125811
-5.4085016,3.1364043,6.4020953,0.40683624,0.29810223,0.5900958
-4.6950297,6.3661823,2.336741,0.0012217305,-0.16615535,0.37018433
-5.1355624,3.9264908,6.658275,-1.4782939,0.028099801,-0.24923302
-4.654328,7.0341644,5.185841,0.41783184,0.17959438,0.052534413
-4.9081135,6.1770406,5.571307,-1.5112807,-0.09896017,-0.119729586
-5.0397944,6.849811,6.8905125,-0.34208453,0.14172074,-0.043982297
-4.6806645,4.525041,6.0262055,-0.26389378,0.13439035,-0.059864793
-5.865794,5.533,5.398925,-0.7965683,0.096516706,0.10629055
-4.5513773,5.3438582,5.1140146,-0.4092797,-0.11362094,0.015882496
-5.133168,6.3949127,5.389348,-0.44959682,0.0012217305,-0.056199603
-5.233725,4.5753193,5.439626,0.7538077,-0.0720821,-0.057421334
-5.5521536,6.567295,6.4619503,1.1313224,-0.09285152,0.014660766
-5.765238,5.12838,6.9048777,0.766025,0.087964594,0.004886922
-5.41329,5.391742,5.8346696,-0.04153884,0.021991149,-0.040317107
-5.056554,5.0062757,5.5856724,0.058643065,-0.042760566,0.039095376
-5.3127337,6.0764837,5.5018754,0.17837265,-0.04642576,-0.14538592
-5.542577,2.2984335,3.8355112,-0.62796944,-0.13683382,0.11362094
-5.1235914,4.4939165,5.7508726,-0.63163465,-0.09896017,-0.111177474
-5.401319,4.1659107,6.682217,-0.10995574,-0.014660766,-0.012217305
-5.379771,5.9639564,7.627927,1.0836749,-0.02321288,0.028099801
-5.0278234,4.9775453,5.9902925,0.8246681,0.06841691,0.2003638
-5.683835,4.378995,6.033388,0.17104226,-0.002443461,-0.0036651916
-5.3079453,4.498705,6.054936,-0.07819075,-0.14538592,-0.09407325
-4.8123455,5.592855,6.4763155,0.906524,0.06719518,-0.029321533
-5.647922,5.3079453,5.803545,-0.14172074,0.07941248,0.015882496
-5.3582234,3.9671922,6.129156,0.10629055,0.013439035,-0.037873644
-5.1642933,5.995081,5.1379566,-0.4447099,-0.029321533,0.105068825
-5.195418,5.1379566,6.0501475,0.22724187,-0.034208454,-0.15027285
-5.142745,4.936844,5.9543796,-0.15760323,-0.04520403,0.018325957
-5.0900726,5.3821654,5.329493,-0.061086524,0.056199603,-0.02565634
-5.363012,4.8626237,5.9783216,0.3359759,-0.028099801,-0.07941248
-5.2528787,5.861006,5.7269306,-0.3200934,-0.080634214,-0.02443461
-5.813122,5.1355624,6.009446,-0.44837508,0.014660766,0.103847094
-5.245696,3.6631286,6.5936313,-0.012217305,0.073303826,0.25045475
-4.7022123,5.327099,6.4667387,0.6560693,-0.010995574,0.12339478
-5.0661306,3.763685,6.775591,-0.019547688,-0.12583824,-0.05131268
-5.130774,5.0397944,5.7963624,0.096516706,0.1160644,-0.017104227
-5.097255,5.6359506,6.76362,0.5571091,0.043982297,-0.06841691
-5.109226,4.1515455,6.543353,-0.15393804,-0.014660766,0.07452556
-5.315128,3.9600096,6.8282633,-0.007330383,-0.002443461,-0.0036651916
-4.9583917,4.5418005,7.228095,0.12950343,-0.019547688,0.06963864
-5.0397944,4.865018,7.2711906,0.15760323,-0.007330383,0.10751228
-5.08289,3.2728736,6.3206925,-0.40683624,0.013439035,-0.07696902
-4.9775453,4.144363,6.83784,1.4440855,0.036651913,-0.028099801
-5.0374002,4.7070007,6.991069,0.17959438,0.04520403,0.03176499
-5.2959743,3.8786068,6.835446,-0.9761627,-0.02687807,0.007330383
-4.7644615,3.3518825,6.7708025,0.453262,-0.039095376,-0.039095376
-5.463568,3.2968156,6.3470287,0.096516706,0.24923302,-0.07941248
-4.735731,4.060566,7.3047094,-0.3885103,-0.0720821,0.008552114
-5.2241483,4.0701427,7.3669586,-0.30543262,-0.10262536,0.029321533
-5.209783,3.7924154,6.555324,0.10995574,-0.03176499,0.13194689
-5.317522,3.596091,7.3669586,-0.37873647,0.06352998,-0.008552114
-4.9895163,3.6008794,6.179435,0.18936823,0.0061086523,-0.111177474
-5.0661306,4.189853,7.0605006,0.79534656,-0.087964594,0.002443461
-5.33907,4.8626237,6.5984197,-0.18936823,-0.12339478,-0.062308256
-5.475539,3.952827,5.973533,-0.27855456,0.0720821,-0.02076942
-5.3941364,2.492364,5.523423,0.09285152,0.061086524,0.0061086523
-5.1810527,4.0892963,6.6654577,0.10262536,-0.02687807,-0.012217305
-4.795586,3.4524388,6.88333,-0.47158796,-0.043982297,-0.002443461
-4.9919105,3.833117,6.6295447,0.32253686,0.047647487,-0.042760566
-5.45878,4.3598413,6.423643,-0.41538838,-0.03176499,-0.1001819
-4.8123455,4.630386,5.638345,0.7049385,0.042760566,-0.004886922
-5.2026005,4.927267,6.7013707,0.06841691,-0.007330383,0.07574729
-5.1642933,4.110844,6.3925185,-0.15760323,-0.08674286,-0.008552114
-4.987122,3.6631286,5.9424086,-0.02321288,-0.103847094,-0.07941248
-5.463568,5.3247046,6.0836663,0.2602286,0.09040806,-0.105068825
-5.161899,5.2121773,5.997475,-1.0152581,0.004886922,0.002443461
-5.085284,4.9775453,5.7125654,-0.9211848,-0.056199603,0.02443461
-5.133168,4.5154643,6.1770406,0.030543262,-0.03176499,-0.04520403
-5.221754,5.2887917,6.5026517,0.73792523,-0.008552114,0.10140363
-5.0996494,5.4204726,6.2967505,-0.71593404,0.042760566,0.04520403
-4.972757,4.711789,6.3111157,-0.42394048,-0.04520403,-0.056199603
-5.41329,5.0876784,6.2584434,0.5864306,0.010995574,-0.10140363
-5.4563856,5.671864,5.851429,0.20525073,0.05375614,-0.019547688
-5.171476,4.8698063,5.889736,-0.7134906,-0.019547688,0.008552114
-5.104438,4.4819455,5.9639564,-0.5925393,-0.12095132,0.002443461
-5.2361193,2.5019407,6.327875,0.064751714,0.1001819,0.004886922
-5.159505,4.465186,7.141904,-0.052534413,-0.052534413,-0.04886922
-5.449203,4.620809,6.8426285,-0.06719518,0.064751714,-0.02076942
-5.118803,4.144363,6.567295,0.06841691,-0.07452556,-0.02443461
-4.8698063,4.663905,6.6056023,-0.12461651,-0.036651913,0.04520403
-5.2361193,3.5290532,6.7205243,-0.35918877,-0.061086524,-0.09040806
-5.0278234,4.3742065,6.4858923,0.25289822,-0.06719518,-0.021991149
-5.329493,4.757279,6.5337763,-0.018325957,-0.0720821,-0.007330383
-5.257667,4.9057193,6.1219735,-0.118507855,0.032986723,-0.007330383
-5.21936,4.5753193,6.2129536,0.09407325,0.002443461,-0.029321533
-5.3318872,4.8219223,6.1195793,0.25289822,0.013439035,-0.012217305
-5.2959743,4.9081135,5.9926867,-0.03176499,0.009773844,-0.015882496
-5.398925,4.6016555,6.3446345,0.12950343,-0.0012217305,-0.042760566
-5.267244,5.130774,5.7508726,0.007330383,-0.04642576,0.05131268
-5.6096144,4.1635165,5.556942,-0.21380283,-0.030543262,-0.07452556
-5.535394,4.912902,5.734113,-0.056199603,0.008552114,-0.02565634
-5.3701944,4.7285485,5.566519,-0.064751714,-0.043982297,0.02687807
-5.279215,5.6527104,6.2943563,-0.09285152,-0.02443461,-0.014660766
-5.3199162,4.7189717,6.3063273,-0.21013765,0.007330383,-0.04520403
-5.4061074,4.4460325,5.614403,0.27855456,0.035430185,0.02565634
-5.446809,5.7005944,5.779603,0.28344148,0.09162979,-0.08674286
-5.638345,8.259995,4.06296,0.36896262,0.28710666,0.35918877
-5.209783,5.425261,3.667917,-0.56688297,-0.008552114,0.24190263
-4.7500963,7.1730285,4.450821,0.54244834,0.0,0.035430185
-4.903325,6.3470287,5.130774,0.17470746,0.07452556,0.017104227
-4.9679685,5.485116,4.462792,0.1685988,-0.07941248,-0.02443461
-4.9081135,6.5098343,4.268862,0.42760566,-0.17837265,0.08552113
-5.8203044,7.062895,4.6902413,-0.24678956,0.02565634,-0.039095376
-4.642357,5.872977,4.4580035,-0.56688297,-0.030543262,-0.034208454
-5.2385135,6.531382,4.2904096,0.23090707,-0.095294975,-0.015882496
-4.960786,6.6247563,4.522647,0.2968805,0.0061086523,-0.057421334
-5.149928,6.2009826,4.355053,0.16982053,-0.13439035,0.004886922
-5.1475334,6.5122285,4.378995,0.78801614,0.0012217305,0.037873644
-5.3318872,6.823475,4.5513773,-0.15882497,0.015882496,-0.04520403
-5.425261,6.4739213,3.916914,-0.3286455,-0.010995574,-0.05131268
-5.058948,6.5002575,4.2185836,0.41050145,0.004886922,-0.0012217305
-5.0374002,7.2592196,4.3598413,-0.34697145,-0.0036651916,0.015882496
-5.4683566,6.397307,3.8115692,-0.17959438,0.02443461,-0.039095376
-4.8386817,7.1706343,4.1299977,0.54244834,-0.09040806,0.05375614
-5.547365,7.285556,4.489128,0.43493605,-0.037873644,-0.02565634
-5.011064,6.71813,4.072537,0.11728613,0.096516706,0.12095132
-4.8243165,6.787562,3.8594532,-0.30176744,-0.13683382,0.004886922
-5.243302,6.7468605,3.9959226,0.28099802,0.18692477,-0.04520403
-4.321534,5.5138464,3.4644098,-0.8246681,0.039095376,-0.19914207
-6.5385647,3.1723173,5.255273,-3.3988543,-0.32498032,-0.88086766
-6.9144545,2.2002714,8.437167,-1.8973475,0.5558874,0.4202753
-6.169858,0.9864111,8.283937,0.31031954,0.18203785,-0.23335053
-7.1083846,-0.7541735,7.3909006,-0.8503244,0.02076942,-0.008552114
-7.089231,-0.7613561,6.766014,-0.204029,-0.13439035,0.02321288
-6.3470287,-0.11252748,6.703765,0.2883284,-0.02443461,0.065973446
-6.3542113,-0.31364042,7.0964136,-0.073303826,0.13683382,0.07086037
-6.591237,-0.5315128,7.477092,-0.080634214,0.09040806,0.015882496
-6.8186865,-0.22984336,6.5960255,-0.065973446,0.118507855,-0.0061086523
-7.0102224,0.39264908,7.2711906,-0.09162979,-0.11484267,0.012217305
-6.969521,-0.5243302,6.5457473,-0.18325958,-0.062308256,0.018325957
-6.7708025,1.4987702,7.026982,0.26511553,0.09773844,-0.06352998
-6.8761473,-0.06703765,6.7229185,-0.06352998,0.1001819,0.09407325
-6.897695,0.23223756,6.4523735,0.08552113,-0.032986723,-0.07452556
-7.491457,0.2777274,6.4380083,-0.089186326,-0.061086524,-0.014660766
-6.385336,1.0845734,6.2488666,0.3652974,0.103847094,-0.010995574
-6.979098,0.8714894,7.120356,0.1282817,-0.021991149,-0.039095376
-6.4667387,0.04070143,6.6846113,-0.1563815,-0.039095376,0.056199603
-6.981492,0.7517793,7.40766,0.34208453,-0.19303341,-0.18692477
-6.9383965,0.019153614,6.2488666,0.08307768,0.10262536,0.06841691
-6.5122285,0.51475334,6.363788,-0.02565634,-0.13072516,-0.037873644
-7.1586633,0.1412579,6.5122285,0.07819075,0.030543262,0.007330383
-6.8522053,0.11492168,6.409278,0.05497787,0.15393804,-0.058643065
-6.6510925,0.44532153,6.6271505,0.12950343,0.052534413,-0.052534413
-7.0964136,-0.019153614,6.241684,0.13194689,-0.12583824,-0.037873644
-7.357382,0.2896984,6.7372837,0.05375614,0.15149458,-0.04153884
-6.706159,0.24420857,5.7365074,0.09040806,0.015882496,0.08674286
-7.6111674,0.8331822,6.517017,0.47647488,-0.039095376,-0.04153884
-7.338228,0.045489833,5.8586116,-0.13927728,0.04886922,0.037873644
-7.1849995,0.093373865,6.727707,0.20158553,-0.1160644,0.05497787
-6.9024835,-0.62009823,6.7229185,-0.52412236,-0.02321288,0.014660766
-7.192182,0.29688102,6.517017,-0.13683382,0.043982297,0.037873644
-7.1945763,-0.9768343,5.9807158,-0.3286455,0.07819075,0.118507855
-6.5744777,-0.05267244,7.4004774,-0.18692477,-0.009773844,0.06841691
-7.041347,-0.94810385,6.208165,-0.13194689,-0.021991149,0.010995574
-7.1873937,-0.641646,7.548918,0.037873644,0.02443461,0.06352998
-6.279991,-0.08379706,5.6886234,-0.02565634,0.08307768,0.04886922
-7.9463553,-0.009576807,7.0581064,0.021991149,-0.042760566,-0.16371189
-6.919243,-0.074220255,5.961562,-0.13439035,0.103847094,0.15882497
-6.6056023,-0.17238252,6.184223,-0.3323107,-0.02443461,-0.047647487
-7.896077,0.46926352,7.541735,-0.16615535,0.20647246,0.1685988
-6.093243,-0.8858546,4.9919105,-0.25411993,0.07086037,0.112399206
-8.7125,-0.830788,7.6135616,-0.29810223,-0.007330383,-0.04520403
-6.277597,-0.7398083,5.329493,-0.1282817,-0.061086524,0.16982053
-8.013393,-1.1228806,6.694188,0.087964594,0.1001819,0.059864793
-6.655881,-1.3215994,5.8083334,-0.30176744,-0.36896262,-0.061086524
-7.4507556,-0.6847417,7.383718,0.24556783,0.07696902,0.08307768
-6.4020953,-1.1180922,6.2871737,-0.17715092,0.0036651916,-0.02076942
-7.445967,-0.7182605,7.48188,0.20280726,-0.19425514,-0.10629055
-5.497087,-0.47405192,5.877765,0.5326745,0.112399206,0.064751714