-3.5482068,-3.095703,7.8649526,-0.5412266,0.2321288,0.79534656
-3.3327289,-5.1547165,8.451532,-0.4092797,-0.019547688,0.09773844
-2.6791117,-4.4316673,9.270349,-0.37018433,0.19303341,-0.06841691
-3.5793316,-3.1483753,7.750031,0.8552113,0.05375614,0.07086037
-4.6232033,-5.746084,6.423643,-0.47891834,0.25534168,0.51923543
-6.0501475,-4.1946416,7.5225816,-0.3005457,0.4007276,-0.13194689
-4.24492,-4.086902,5.5521536,2.3310618,0.2406809,0.2773328
-7.062895,-4.3358994,7.117962,-0.75869465,0.14538592,0.40561453
-5.1642933,-3.9815574,6.4858923,0.7464773,0.065973446,-0.32375857
-5.793968,-3.6655228,6.9862804,0.095294975,0.1563815,0.6010914
-8.135497,-3.881001,7.2544312,0.12705997,0.2883284,-0.15149458
-4.9703627,-1.9847932,6.3685765,0.344528,-0.17959438,-0.12095132
-6.3661823,-4.1515455,5.6982,-0.6230826,0.12461651,0.2968805
-8.525752,-3.9001546,6.423643,0.1600467,0.3286455,-0.29077184
-3.9504328,-4.4843397,6.0238113,-1.3939945,0.007330383,-0.5375614
-5.604826,-4.3718123,4.8362875,-0.15271631,0.4642576,0.86620694
-11.444284,-6.019023,7.338228,-1.9046779,-0.021991149,0.007330383
-5.511452,-4.999093,2.5330653,0.5216789,-0.05375614,-0.9578367
-4.915296,-3.5458126,3.004723,0.6462954,-0.15271631,0.8185594
-12.042834,-5.2265425,4.747702,0.56199604,0.4202753,0.042760566
-4.673482,-3.3135753,4.6830587,0.16126843,0.12950343,-0.816116
-7.7548194,-4.5082817,4.0054994,-0.675617,-0.20158553,0.84299403
-8.688558,-6.5864487,3.4811692,0.7648033,0.04153884,-0.70738196
-4.7860093,-7.3909006,5.032612,-2.615725,-0.33353242,0.7476991
-9.399636,-6.7564373,2.4181437,1.2742649,0.23335053,-0.40439278
-5.5377884,-5.671864,4.3622355,-1.4770721,-0.14294247,0.46670106
-8.561666,-5.121197,3.016694,1.4074335,0.1441642,-0.37751472
-7.177817,-3.5290532,4.6112323,-0.7367035,-0.21135938,0.4007276
-7.9248075,-6.787562,3.8307228,0.22968534,-0.4373795,-0.5326745
-7.1586633,-5.1930237,3.4691982,-0.08307768,0.052534413,0.40683624
-7.2568254,-3.9264908,3.7014358,0.9016371,-0.04153884,-0.37995818
-7.2233067,-4.771644,4.1706996,0.34208453,0.19547687,0.06963864
-5.9304376,-3.1483753,5.0493712,1.2021828,-0.13805555,-0.035430185
-7.6494746,-5.4444146,5.3941364,-0.72082096,-0.1881465,-0.057421334
-6.217742,-4.984728,4.572925,1.7201965,0.17837265,0.2919936
-8.456321,-5.5162406,4.19943,-0.6731735,-0.12583824,-0.28955013
-6.1938,-6.658275,4.237737,-1.070236,0.05009095,0.44593164
-8.614338,-5.279215,3.3399115,0.3885103,-0.07819075,-0.4654793
-6.4308257,-6.811504,3.940856,-1.3585643,-0.021991149,0.49235737
-7.0940194,-5.4539914,4.146757,-0.8881981,-0.36651915,-0.3567453
-7.347805,-6.203377,4.0916905,-0.07819075,0.04153884,0.09773844
-6.5505357,-4.3358994,3.7780502,0.516792,0.05497787,0.1001819
-8.039729,-5.9663506,3.8977604,0.38728857,0.23090707,-0.14049901
-6.8450227,-6.0764837,4.1156325,-0.8686504,-0.059864793,0.48380527
-7.457938,-4.5034933,4.3526587,0.1600467,-0.12950343,-0.4251622
-7.3765354,-4.9703627,3.9743748,0.21502456,0.04642576,0.26145032
-6.528988,-3.70383,4.0701427,0.26633725,-0.040317107,0.05375614
-7.491457,-4.9344497,5.2887917,-1.2241739,-0.4801401,-0.030543262
-6.703765,-5.1523223,3.8067808,1.1960741,0.105068825,0.15393804
-7.680599,-5.058948,5.1786585,0.06963864,0.059864793,-0.29077184
-7.615956,-5.2409077,4.261679,-0.34574974,-0.0012217305,0.38606682
-7.4866686,-3.643975,5.365406,0.6401868,0.20280726,-0.04153884
-7.3909006,-3.1962593,5.2504845,-0.16371189,0.08552113,-0.17592919
-6.543353,-4.489128,5.073313,0.13439035,0.040317107,0.18936823
-7.5968018,-5.0493712,5.5258174,-0.8735373,-0.29077184,-0.16982053
-7.0221934,-3.821146,4.8027687,0.052534413,0.0,0.22968534
-7.45315,-2.3894134,5.020641,0.83077675,-0.019547688,-0.12950343
-8.288726,-4.4795513,4.7165775,-0.43371433,0.02321288,0.15271631
-6.6510925,-0.91697925,5.9567738,1.8961257,0.17470746,-0.007330383
-7.615956,-3.1124623,5.717354,-0.02443461,0.080634214,0.032986723
-7.0581064,-2.0709844,4.5992613,1.2913691,0.12339478,0.0012217305
-8.288726,-2.5929205,5.1642933,-0.25045475,-0.010995574,-0.040317107
-6.55293,-3.1890767,5.7604494,1.1679744,0.2284636,-0.09040806
-7.5465236,-2.7581203,6.327875,-0.18081611,-0.2443461,0.15393804
-7.103596,-2.468422,5.741296,-0.14538592,-0.344528,-0.021991149
-7.314286,-2.908955,5.209783,0.38728857,0.29810223,-0.3200934
-7.680599,-3.3638535,4.7261543,-0.2968805,-0.008552114,0.035430185
-5.0182467,-4.8961425,4.8961425,-2.3200662,-0.43004912,-1.0775663
-9.074024,-9.018958,5.4444146,-1.5589281,0.2846632,0.172264
-8.001422,-11.259931,0.23463176,-2.5240953,-0.6047566,-0.64751714
-5.329493,-7.237672,-0.4309563,0.9615019,0.047647487,0.6939429
-8.504205,-9.722853,0.29927522,0.27122417,0.5131268,-0.4447099
-6.0477533,-6.3206925,-0.770933,-0.6658431,-0.13805555,0.68416905
-6.9623384,-7.1969705,-0.2753332,-0.06841691,0.057421334,-0.021991149
-8.5473,-7.929596,-1.2689269,-0.12950343,0.2003638,-0.061086524
-5.415684,-4.9296613,-0.7422025,0.52412236,0.0842994,0.10873401
-6.921637,-6.8426285,-1.115698,0.08674286,-0.019547688,0.095294975
-8.365341,-8.310274,-1.3479356,-0.47525316,0.20158553,-0.12950343
-6.2823853,-5.195418,-1.5442601,1.3756685,0.09040806,0.002443461
-7.053318,-6.3805475,-0.045489833,-0.004886922,-0.2003638,0.17104226
-7.536947,-7.61835,-0.770933,-0.02076942,0.2125811,-0.29565877
-6.76362,-7.5082164,0.23463176,0.27000242,0.19303341,0.004886922
-7.4028716,-4.853047,-0.8858546,1.9596558,0.09407325,0.05131268
-7.445967,-6.5864487,1.8315643,0.956615,0.015882496,0.14172074
-6.543353,-6.7803793,0.9983821,-0.8503244,-0.267559,-0.20525073
-6.847417,-7.225701,0.7422025,0.32620203,0.07696902,-0.13439035
-6.7444663,-7.762002,0.40222588,-0.13805555,0.043982297,-0.035430185
-6.4858923,-6.6079965,0.16998832,-0.51068336,-0.13805555,0.073303826
-6.9383965,-5.995081,-0.89303726,-0.7281514,-0.25900686,-0.029321533
-6.576872,-7.467515,-0.20111294,-0.14538592,0.27122417,-0.344528
-5.3127337,-7.228095,-0.81402856,-0.057421334,-0.064751714,0.35185838
-8.082825,-7.017405,-1.5370775,0.90285885,0.34330627,-0.26389378
-5.865794,-7.153875,-2.0901382,0.059864793,-0.18570304,0.35308012
-7.0844426,-7.608773,-0.7374141,0.15027285,0.28955013,-0.20280726
-7.3071036,-7.560889,-1.6711528,0.013439035,0.11728613,0.02565634
-5.645528,-5.499481,0.1316811,-0.1685988,-0.089186326,0.105068825
-7.752425,-7.627927,-1.9249382,-0.23823744,0.013439035,0.080634214
-6.3206925,-6.6654577,-0.4141969,-0.23579398,0.036651913,0.04886922
-7.881712,-7.431602,-2.1547816,-0.3885103,0.09285152,-0.059864793
-5.734113,-5.9424086,-0.34955344,-0.07819075,-0.04642576,0.04642576
-7.615956,-6.715736,-1.42455,0.040317107,-0.007330383,0.018325957
-7.386112,-6.8881183,-2.2050598,0.111177474,-0.05497787,0.20158553
-7.4244194,-7.28795,-2.1092918,0.3640757,0.25167647,-0.34208453
-6.445191,-6.157887,-2.5713725,-0.26511553,-0.12705997,0.44104472
-7.0461354,-6.8761473,-1.6065093,-0.172264,0.065973446,-0.3481932
-6.861782,-6.9264255,-2.89459,-0.2883284,-0.25045475,0.2919936
-5.351041,-8.073248,-1.2952632,0.3567453,0.44593164,-0.7415904
-10.970232,-10.053253,1.0486604,4.333478,-0.70738196,0.75869465
-4.7070007,-3.0789435,1.8483237,2.6780334,-1.2571607,0.89919364
-8.645462,-2.6791117,5.5760956,0.38973203,-0.0842994,-0.33353242
-5.6646814,-2.0135236,5.3342814,0.7086037,-0.1441642,-0.33353242
-7.0221934,-1.8507179,5.662287,0.1160644,0.061086524,0.13072516
-6.615179,-2.6001031,7.2472486,0.6536258,0.3640757,-0.40317106
-5.0038815,-2.0973208,6.8186865,0.04520403,-0.3371976,-0.21502456
-7.2951326,-4.4580035,5.544971,-0.26511553,-0.015882496,0.16982053
-6.4882865,-4.086902,6.9743094,-0.18325958,-0.030543262,-0.5045747
-4.237737,-2.8491,7.967903,0.77579886,0.061086524,0.4166101
-5.734113,-1.9512744,6.945579,0.34697145,-0.24312437,0.3408628
-7.228095,-0.21308395,7.654263,-1.6371188,-0.5021312,-0.22235495
-4.345476,-3.7541082,7.505822,-0.3848451,-0.26145032,-0.096516706
-7.9152308,-3.5003228,6.8785415,-0.50823987,0.22602014,0.15760323
-4.927267,-0.16759412,5.60722,2.180789,0.15515977,-0.21380283
-5.2265425,2.743755,7.398083,1.858252,0.019547688,-0.5693264
-5.0996494,-1.1204864,7.929596,-0.15027285,0.23335053,0.59986967
-8.003817,-2.9376855,7.920019,-0.39095375,0.0012217305,-0.3640757
-4.8123455,-2.7030537,7.228095,-2.0549507,0.17959438,0.6169739
-6.7253127,-0.8619126,6.634333,1.568702,0.15149458,-0.33841935
-6.167464,-5.865794,5.2409077,-0.86132,0.13072516,0.23579398
-6.227319,-1.958457,6.9503675,1.1129965,0.19792034,-0.33841935
-6.495469,-2.1930888,6.10282,-1.6383406,-0.1563815,0.25534168
-5.279215,-4.5322237,7.041347,0.65484756,-0.073303826,-0.17715092
-6.385336,-3.6104562,7.1514807,0.06841691,0.24801129,-0.1441642
-4.6112323,-4.620809,6.0381765,-0.10873401,-0.015882496,0.2846632
-7.7428484,-2.4468741,6.787562,-0.089186326,0.2687807,0.16371189
-5.556942,-3.9264908,6.117185,-0.35796702,-0.31642818,-0.065973446
-6.3230867,-1.8195933,6.8330517,0.015882496,0.065973446,0.70738196
-7.019799,-1.2090719,7.632715,0.13561209,0.002443461,-0.20158553
-4.9775453,-2.1619642,6.615179,-0.059864793,0.058643065,0.47891834
-7.750031,-0.7015011,8.26239,-0.08307768,0.09040806,-0.118507855
-4.8841715,-0.7422025,6.0716953,0.19303341,-0.25289822,-0.089186326
-7.017405,-2.15957,7.7093296,-1.3219124,0.46303585,0.42394048
-6.445191,-3.9217024,8.599973,-0.65118235,0.2687807,-0.46792278
-6.126762,-1.2761095,6.241684,0.39584067,0.002443461,-0.44226643
-6.8043213,-1.0630256,7.843405,-0.36896262,-0.13194689,0.7476991
-5.9998693,0.2633622,7.517793,0.73548174,-0.08552113,-0.17837265
-5.142745,-0.37828386,6.576872,-0.4813618,-0.35796702,-0.010995574
-7.1131735,-3.466804,7.8649526,-0.0036651916,0.25167647,0.28710666
-5.777209,-2.1045034,7.7691846,-0.79779,-0.17715092,-0.23945917
-5.3821654,-3.098097,7.6375036,-0.02321288,-0.019547688,0.12339478
-5.9759274,-1.9153614,8.880095,0.23335053,0.13927728,-0.27855456
-4.76925,-0.62728083,5.6790466,0.86742866,-0.089186326,0.02076942
-7.443573,-2.2457612,6.373365,-0.059864793,0.172264,-0.02687807
-5.583278,-4.0198646,4.1252093,0.2602286,0.09162979,-0.21991149
-5.4300494,-2.8993783,6.921637,-0.70249504,0.06352998,0.38362336
-8.075643,-2.5594015,7.762002,0.97249746,0.31031954,0.019547688
-5.959168,-3.289633,7.7691846,-0.44348818,0.036651913,0.043982297
-7.57286,-2.7389667,6.6965823,-0.36285394,-0.010995574,0.08674286
-5.068525,-2.0350714,8.453926,-0.784351,0.056199603,-0.27855456
-5.185841,-1.6567876,6.9000893,-0.7012733,-0.0061086523,0.2565634
-6.7133417,-2.2625206,5.791574,0.02443461,-0.09040806,0.042760566
-5.8562174,-5.0158525,5.12838,0.1160644,0.19303341,0.5558874
-7.4627266,-4.0916905,4.951209,0.07819075,0.44837508,-0.04642576
-6.143522,-2.27928,7.249643,0.02443461,0.28710666,-0.20769419
-5.3318872,-2.1188686,6.399701,-0.11728613,-0.19181168,0.06352998
-7.228095,-5.279215,5.5401826,-0.6389651,0.13927728,0.23701571
-7.9463553,-2.870648,6.301539,-0.07452556,0.2968805,-0.32375857
-5.044583,-4.213795,6.9503675,-0.8491027,-0.08552113,-0.23823744
-6.0597243,-4.8219223,5.657499,0.71593404,0.047647487,0.057421334
-8.073248,-3.3734303,5.3941364,0.15393804,0.18448131,-0.103847094
-7.144298,-5.475539,5.875371,-0.22724187,0.20280726,-0.23457226
-5.6335564,-2.5905263,5.195418,0.39095375,-0.0012217305,0.059864793
-7.4124484,-5.209783,6.3302693,-0.6646214,0.23090707,-0.10140363
-7.9463553,-4.5394063,5.3223104,-0.057421334,0.36285394,-0.42149702
-3.727772,-4.7907977,4.450821,0.36774087,0.34330627,-0.13561209
-8.669404,-4.7165775,4.110844,-0.2761111,-0.056199603,0.50823987
-9.114726,-4.975151,4.5058875,0.29810223,0.20769419,-0.46792278
-2.6719291,-4.134786,4.912902,0.3005457,0.09285152,0.14660765
-10.465055,-5.6000376,4.3406878,0.18448131,0.10995574,0.50701815
-5.6000376,-5.4922986,3.0765493,0.7049385,0.2602286,-0.7012733
-4.8027687,-4.5801077,5.2744265,-0.72326446,-0.4569272,0.7110472
-11.456255,-5.6431336,3.572149,0.45081854,0.45448375,-0.7611381
-4.24492,-3.6152446,4.4340615,-0.4728097,0.014660766,0.61208695
-11.001357,-5.3845596,3.6535518,-0.22235495,-0.17470746,-0.043982297
-6.634333,-3.9001546,3.7924154,0.31642818,-0.21624629,-0.42760566
-8.961497,-4.900931,3.560178,-0.25045475,0.3005457,0.172264
-6.9360023,-5.616797,0.02873042,0.52778757,0.095294975,-0.7293731
-4.5872903,-4.187459,3.6583402,-1.0922271,-0.25411993,0.44837508
-8.535329,-6.0477533,5.5401826,0.12095132,0.35796702,-0.004886922
-5.398925,-4.9895163,4.5681367,0.10751228,-0.28099802,-0.24556783
-8.523358,-6.007052,2.717419,0.12950343,0.42760566,0.37873647
-7.067683,-5.777209,0.4237737,0.56688297,0.105068825,-0.50579643
-5.8921304,-8.99741,2.621651,-1.4343116,0.039095376,0.52656585
-9.076419,-6.181829,6.327875,0.4129449,0.0,-0.48624873
-4.685453,-5.896919,4.3885717,-0.59864795,-0.27855456,0.16615535
-7.809886,-4.5082817,4.3502645,0.49235737,0.25411993,0.043982297
-6.8067155,-5.93762,4.4675803,0.45814893,0.07696902,-0.3408628
-6.9719152,-9.660604,3.083732,-0.6731735,0.20769419,0.5888741
-8.003817,-4.975151,4.7309427,0.21991149,0.11728613,-0.31642818
-6.0525417,-5.317522,4.0797195,0.22113322,-0.008552114,-0.21013765
-8.3390045,-4.8626237,3.478775,-0.6939429,-0.040317107,0.31398472
-7.843405,-4.876989,4.6160207,0.2919936,-0.23823744,-0.15271631
-5.985504,-6.2464724,4.3502645,0.38362336,0.05497787,0.7281514
-8.090008,-4.7261543,5.109226,0.3885103,0.37873647,-0.3042109
-5.5401826,-4.6471453,4.757279,-0.0842994,-0.119729586,-0.24312437
-8.173804,-4.570531,3.4500446,0.24556783,0.31398472,0.18936823
-6.6654577,-4.6351743,4.675876,0.8686504,0.21746802,-0.52656585
-6.8043213,-6.2752028,3.8187518,-0.5925393,0.02321288,0.6914995
-9.476251,-4.8578353,4.4556093,-0.99082345,-0.5155703,-0.056199603
-4.699818,-3.2728736,4.546589,-0.21746802,-0.15760323,0.26633725
-7.872135,-4.402937,5.245696,0.25411993,0.267559,-0.12339478
-5.9280434,-5.4444146,5.17387,0.20647246,0.028099801,-0.3921755
-7.479486,-4.8482585,4.4125137,0.12583824,0.16249016,0.3848451
-8.506598,-4.5513773,5.094861,-0.79901177,-0.29932398,-0.06841691
-5.877765,-2.8658595,4.1539397,0.43860126,-0.21624629,0.40194935
-8.317456,-4.295198,4.5058875,0.22235495,0.19425514,-0.089186326
-7.4723034,-4.5992613,4.757279,-0.035430185,-0.065973446,0.02687807
-6.215348,-3.7062242,4.5394063,0.35063666,-0.042760566,0.51923543
-7.517793,-3.751714,4.915296,0.33108896,0.12461651,-0.17104226
-7.726089,-3.6415808,5.872977,-0.58276546,-0.22602014,-0.037873644
-6.3829417,-2.3702598,4.975151,0.376293,-0.08674286,0.36285394
-8.492233,-4.333505,4.7548847,0.05131268,0.27122417,-0.172264
-7.422025,-3.2680852,4.984728,-0.013439035,-0.032986723,-0.07452556
-7.079654,-2.7341783,5.2265425,0.40561453,0.009773844,0.5497787
-8.288726,-2.2218192,4.5657425,0.029321533,0.05497787,-0.07696902
-6.4284315,-4.146757,6.021417,-0.14294247,0.18570304,-0.36651915
-6.6534867,-3.7373488,2.695871,0.0,0.32620203,-0.9602802
-8.698134,-6.4643445,6.0884547,-1.6432275,0.06963864,-0.16615535
-5.755661,-4.620809,2.44448,-0.9370673,0.30298916,0.689056
-8.324639,-7.587225,1.400608,-0.44593164,0.004886922,-0.36041048
-4.441244,-5.046977,-0.93852705,-0.09162979,0.2284636,0.10629055
-8.949526,-8.128315,-1.1492168,-0.29932398,0.056199603,0.062308256
-6.3901243,-7.3885064,0.23942018,-0.6059783,0.27488935,-0.37507126
-6.825869,-7.7548194,-1.8483237,-0.5522222,-0.17104226,0.38240165
-8.415619,-4.8626237,0.25857377,1.3451253,0.42760566,-0.25411993
-5.530606,-7.2209125,-1.7741034,0.97249746,-0.16249016,0.25778514
-9.267955,-8.607155,-0.11492168,0.3640757,0.22968534,-0.2321288
-5.461174,-7.1371155,0.82360536,-0.25045475,-0.087964594,-0.030543262
-7.3525934,-6.6103907,-1.2066777,0.28221974,0.2443461,0.61819565
-7.6351094,-6.9503675,0.4333505,-0.42394048,-0.45448375,-0.16737708
-8.1163435,-6.1890116,-1.6448165,-0.02076942,0.0842994,0.19058995
-7.249643,-6.14831,0.79248077,0.44715336,0.13072516,-0.24312437
-7.3909006,-5.544971,-0.91697925,-0.5644395,-0.16737708,0.52290064
-7.321469,-9.433155,1.0510546,-0.10873401,-0.12095132,0.10995574
-7.503428,-4.7548847,3.8307228,-0.6389651,-0.14660765,0.31398472
-8.329428,-4.7070007,1.2449849,1.7531832,0.33353242,0.0720821
-6.4739213,-8.104373,-1.9273324,-0.06352998,0.015882496,0.009773844
-8.374918,-6.2129536,-0.39025488,0.18936823,0.45448375,0.018325957
-5.971139,-6.5481415,0.7685388,-0.25289822,-0.112399206,-0.021991149
-7.369353,-6.2225304,-1.7286136,0.029321533,0.21135938,0.24556783
-7.0940194,-5.3247046,0.89064306,-0.18325958,0.1600467,-0.33353242
-6.411672,-6.397307,-2.480393,-0.1966986,-0.014660766,0.33475417
-7.3047094,-7.338228,-1.0223241,-0.16371189,0.14782938,-0.39706242
-6.859388,-5.9902925,-1.1013328,-0.119729586,-0.03176499,0.22113322
-9.066842,-7.5321584,0.011971008,-0.1600467,0.16737708,-0.17959438
-5.791574,-5.6407394,-0.45729253,0.09773844,-0.14660765,0.07086037
-9.246407,-5.8825536,-0.6799533,0.10629055,0.11362094,-0.10262536
-5.911284,-6.315904,0.2681506,-0.009773844,-0.09407325,-0.021991149
-7.9942393,-6.555324,-1.5179238,-0.05375614,-0.040317107,0.16126843
-7.2233067,-6.421249,0.2801216,-0.03176499,0.30298916,-0.43249258
-6.1100025,-7.8912888,-0.92416185,0.12461651,-0.11484267,0.45937067
-10.565612,-7.603985,-1.7501614,0.37507126,0.22479841,-0.20891592
-6.0956373,-6.2129536,-0.7565677,-0.41050145,-0.12705997,0.05375614
-8.152257,-7.043741,-1.4341269,-0.30909783,0.02076942,0.16737708
-7.1155677,-6.55293,-0.48123455,-0.45204028,0.16493362,-0.25289822
-6.658275,-5.580884,-2.1164744,0.118507855,-0.27122417,0.26389378
-9.773131,-6.6271505,-2.4899697,-0.17104226,0.12583824,-0.019547688
-6.1219735,-5.9998693,-1.4532804,-0.33353242,-0.06963864,-0.20525073
-8.298303,-6.155493,-2.72939,0.22113322,-0.21013765,0.30787608
-9.78989,-6.1387334,-2.4301147,-0.34697145,0.25411993,-0.23090707
-5.6096144,-5.2121773,-2.2409728,-0.5338962,-0.17837265,-0.10262536
-7.9631147,-5.171476,-1.9991584,0.12705997,-0.24556783,0.37140608
-8.056489,-6.6391215,-2.741361,-0.13805555,0.38728857,-0.376293
-7.2687964,-5.109226,-3.8522706,0.31031954,-0.1441642,0.19792034
-8.602366,-5.779603,-2.1691468,-0.34208453,0.22968534,-0.24190263
-7.410054,-5.0278234,-1.5897499,-0.21502456,-0.2761111,0.26389378
-7.2233067,-6.093243,-2.80361,-0.15271631,0.10262536,-0.3323107
-8.250419,-6.0285997,-3.1890767,-0.095294975,-0.2003638,0.27366763
-6.88333,-5.5880666,-2.4971523,0.17348573,0.1966986,-0.23335053
-8.401254,-6.2704144,-3.157952,-0.04520403,0.015882496,0.17104226
-6.6630635,-5.351041,-2.5881321,-0.16126843,-0.1600467,0.04520403
-8.7125,-6.291962,-2.9017725,-0.1881465,-0.02443461,-0.039095376
-5.995081,-6.517017,-2.0757728,0.087964594,0.12583824,-0.4373795
-10.007763,-10.996569,-2.8419175,1.736079,-0.07086037,-0.8564331
-5.722142,-3.6966474,-0.0047884034,3.227812,-1.536937,0.6047566
-6.1866174,-2.4277205,1.9560628,2.6450465,-0.21135938,-0.3640757
-5.207389,-4.2999864,4.462792,0.8222246,0.23457226,-0.17592919
-7.656657,-5.7245364,5.3701944,0.1966986,0.43860126,-0.20158553
-5.6359506,-6.83784,4.8027687,-0.675617,-0.07086037,-0.17959438
-7.477092,-5.4085016,3.9336734,0.26511553,0.5119051,0.12705997
-5.758055,-6.7731967,3.8642416,0.15882497,0.15027285,-0.25900686
-7.831434,-5.2504845,3.70383,-0.028099801,0.07574729,0.119729586
-6.3925185,-5.327099,3.3494883,-0.2968805,0.09773844,-0.06352998
-7.1754227,-6.411672,4.8027687,-0.829555,0.4605924,0.5681047
-6.670246,-7.443573,3.1435869,-0.893085,-0.22968534,0.17470746
-7.8410106,-5.7269306,4.663905,0.59864795,0.3726278,-0.07574729
-5.5976434,-6.0238113,4.999093,-0.018325957,-0.05131268,0.087964594
-7.467515,-4.8338933,3.9791632,0.07819075,0.047647487,0.008552114
-7.5082164,-5.6910176,4.0821137,0.11362094,0.0720821,-0.17348573
-8.267179,-5.9543796,3.6128504,-1.1594223,0.043982297,0.23335053
-6.3925185,-7.055712,3.6056678,-0.44593164,0.065973446,-0.042760566
-7.314286,-5.554548,2.597709,0.42149702,-0.15882497,-0.23701571
-7.771579,-6.4188547,2.825158,-0.5644395,-0.18692477,0.2919936
-6.921637,-4.951209,5.0062757,0.6536258,0.3726278,-0.09896017
-5.8083334,-5.9926867,3.016694,-0.17348573,-0.14172074,-0.13439035
-8.432379,-6.14831,2.767697,0.19303341,0.3811799,-0.081855945
-6.5505357,-6.576872,3.289633,0.10262536,-0.019547688,-0.31887165
-7.228095,-6.2943563,2.5713725,-0.29077184,0.05131268,0.111177474
-7.2065473,-5.839458,4.0533834,-1.0934488,-0.21624629,-0.13072516
-6.363788,-5.118803,1.9536686,0.4007276,-0.10140363,0.43249258
-8.305486,-6.0238113,3.7612908,0.6267477,0.42149702,-0.1600467
-6.3709707,-4.1180267,2.8107927,1.0213667,0.036651913,0.15882497
-7.419631,-6.0860605,3.8546648,0.2968805,0.2846632,-0.22113322
-6.054936,-6.241684,3.2010477,0.48991394,0.059864793,-0.21380283
-8.389283,-6.8641763,1.5107412,0.2724459,0.19547687,0.2565634
-6.5744777,-4.414908,4.7860093,0.4886922,0.09285152,-0.344528
-7.654263,-6.26802,1.5490485,-0.71837753,0.07696902,0.376293
-8.331821,-7.6470804,1.1085154,-0.4092797,0.3933972,-0.09285152
-5.559336,-4.560954,3.1627405,0.3042109,-0.3848451,0.40561453
-9.866506,-5.710171,2.681506,0.267559,0.25167647,-0.22968534
-5.7269306,-5.4420204,2.3056161,-0.31642818,0.019547688,0.2968805
-8.485051,-5.734113,3.1627405,0.26267207,0.3921755,0.02321288
-6.6534867,-5.2768207,2.72939,-0.32375857,-0.23335053,-0.12339478
-9.02614,-6.301539,1.6328455,0.16371189,0.40194935,0.052534413
-6.6774287,-5.5258174,2.372654,-0.6450737,-0.06719518,-0.043982297
-7.8290396,-3.9600096,3.1747115,-0.27855456,-0.58032197,-0.1160644
-7.0245876,-7.7787614,2.566584,-0.3640757,-0.02076942,0.16615535
-8.039729,-4.177882,4.7189717,-0.5900958,-0.5314528,0.021991149
-6.8522053,-4.3382936,2.384625,0.6035349,0.035430185,0.2724459
-8.973468,-7.026982,2.801216,-0.16615535,0.1160644,-0.043982297
-7.0102224,-6.751649,3.2872388,-0.70738196,-0.09040806,0.24190263
-7.66384,-9.866506,0.40462008,0.089186326,0.02076942,0.036651913
-6.849811,-6.528988,2.6503813,-0.13561209,-0.19914207,0.2773328
-7.8745294,-4.711789,4.6136265,-0.27977628,-0.37384954,-0.16737708
-6.8186865,-6.9503675,4.297592,-0.5009095,-0.22479841,0.1001819
-6.6750345,-4.96318,4.3622355,-0.008552114,-0.15393804,0.10140363
-7.2328835,-4.903325,4.3023806,0.12705997,0.2724459,-0.23579398
-6.9527617,-8.166622,1.9895816,0.21135938,0.40317106,0.27000242
-7.228095,-5.2720323,5.058948,0.0842994,0.07086037,0.11362094
-7.627927,-5.1379566,4.1395745,-0.089186326,-0.09162979,-0.09285152
-6.6989765,-3.667917,4.8865657,0.17592919,-0.33841935,-0.07452556
-7.309498,-3.6104562,4.8338933,0.58276546,0.047647487,-0.19425514
-5.4779334,-4.9344497,5.403713,0.19425514,-0.15760323,0.11362094
-7.4962454,-4.654328,4.999093,-0.02565634,0.04520403,-0.22113322
-6.8545995,-5.2265425,2.336741,0.17592919,-0.11728613,-0.05375614
-6.4763155,-7.03177,4.3718123,-0.38973203,0.19547687,0.15027285
-6.0046577,-4.096479,2.4588451,-0.1001819,0.49480084,-0.20525073
-6.9623384,-4.0581717,2.6192567,-1.7128662,0.8454375,-0.9578367
-10.070012,-8.611943,3.4141316,-0.09285152,0.39461896,0.39584067
-5.1523223,-8.1163435,0.06464344,-0.5375614,0.42271876,-0.14905111
-8.848969,-8.149862,1.4628572,0.4166101,0.22724187,0.09162979
-6.2249246,-6.1866174,-0.8355764,-0.17592919,0.014660766,0.04153884
-8.552089,-2.9233203,2.018312,1.3805555,-0.0012217305,0.02443461
-6.71813,-7.0245876,-0.38307226,1.1704178,0.1001819,0.103847094
-8.02297,-6.7085533,-0.12210429,1.0934488,0.16371189,0.36041048
-7.9008656,-6.3829417,0.24181437,-0.019547688,0.010995574,0.036651913
-7.0724716,-7.457938,1.958457,-0.12217305,-0.1160644,-0.052534413
-8.226477,-6.3685765,-0.12449849,0.50701815,0.1685988,0.043982297
-6.1746464,-6.4140663,0.6847417,0.28344148,-0.21991149,0.058643065
-8.549694,-6.169858,0.866701,0.16615535,0.30787608,-0.11728613
-7.690176,-6.409278,0.60333884,-1.2168436,-0.19425514,0.40439278
-7.714118,-6.967127,1.4460979,0.20158553,0.018325957,-0.087964594
-7.704541,-6.5265937,0.8355764,-0.75991637,-0.06719518,0.20769419
-7.132327,-6.0597243,2.3654714,0.007330383,0.081855945,-0.052534413
-7.8050976,-6.646304,-0.076614454,-0.012217305,-0.02443461,-0.0036651916
-6.811504,-6.481104,1.0079589,0.118507855,0.07819075,-0.05497787
-8.3150625,-6.0142345,0.24899697,0.5363397,0.22724187,-0.05131268
-7.603985,-6.315904,1.0175357,0.05009095,-0.04520403,0.047647487
-8.236053,-6.679823,1.2737153,-0.10629055,0.010995574,-0.14782938
-7.8505874,-7.117962,0.5267244,-0.81245077,0.09040806,0.26511553
-7.7787614,-6.114791,0.22026655,0.09285152,0.09773844,-0.17837265
-7.7811556,-6.0405707,-0.46447513,-0.056199603,0.111177474,0.1001819
-7.117962,-6.739678,0.7589619,0.28710666,0.002443461,0.10995574
-9.44752,-5.755661,0.20111294,-0.50335294,-0.021991149,-0.1001819
-6.3230867,-6.8689647,0.533907,0.14538592,-0.1160644,-0.04153884
-8.169016,-1.7980455,0.9959879,0.034208454,-0.2284636,-0.073303826
-6.469133,-5.932832,0.007182605,0.27000242,-0.06963864,0.073303826
-7.630321,-7.309498,0.011971008,-1.7079792,-0.040317107,0.11728613
-6.730101,-6.505046,0.06943185,0.0036651916,-0.13561209,0.002443461
-8.09719,-7.204153,-0.41180268,-1.1154399,0.037873644,-0.1160644
-6.859388,-5.805939,0.45010993,-0.032986723,0.034208454,-0.015882496
-7.8170686,-6.5122285,-1.2282255,-0.84788096,0.010995574,0.24923302
-7.4148426,-7.843405,-1.8148049,0.6267477,0.17104226,-0.18081611
-7.7069354,-7.429208,-1.30484,-0.20280726,0.056199603,0.2846632
-7.603985,-5.511452,0.06943185,0.36651915,0.10262536,-0.24312437
-7.8386164,-7.079654,-1.0534488,-0.6817256,-0.018325957,0.23579398
-7.477092,-5.813122,-1.3120226,-0.24801129,-0.09773844,-0.312763
-7.819463,-6.634333,-1.5466543,-0.39584067,0.073303826,0.3408628
-7.656657,-4.7548847,-2.72939,-0.46181414,-0.14172074,-0.20647246
-8.463503,-5.695806,-1.6448165,0.5681047,0.10629055,0.0720821
-7.1395097,-5.7269306,-2.006341,-0.12950343,-0.13072516,-0.014660766
-7.2544312,-7.4507556,-0.48841715,-0.6206391,-0.04642576,-0.56321776
-9.624691,-9.272743,1.5514427,1.8973475,-1.3292428,-1.0983357
-7.5968018,-5.9400144,2.858677,2.0231857,-1.1044444,0.5119051
-3.0550013,-1.6950948,5.1140146,1.8741345,-0.47525316,-0.29443705
-6.5505357,-4.5058875,6.567295,0.38728857,0.43249258,-0.089186326
-5.647922,-5.7389016,8.204929,-0.35185838,0.03176499,-0.26389378
-5.829881,-8.202535,3.9336734,-2.07572,0.28099802,0.29932398
-5.3079453,-6.4739213,8.908825,-1.563815,0.24556783,-0.4569272
-3.5697548,-3.8905778,5.5162406,1.0458013,0.13561209,-0.16737708
-8.128315,-6.7109475,4.7860093,0.37873647,0.63285637,0.014660766
-5.5737014,-7.1849995,3.9073372,0.05375614,0.12339478,-0.31887165
-7.345411,-6.5577183,4.7429137,-0.062308256,-0.08307768,0.27855456
-4.5178585,-10.486604,2.5785553,1.314582,0.013439035,0.015882496
-5.770026,-6.5505357,4.9559975,-1.9706513,0.118507855,0.48991394
-7.228095,-6.823475,5.1140146,-0.21380283,-0.3042109,-0.41050145
-5.741296,-8.09719,3.6056678,-1.3561208,-0.35430184,0.4801401
-7.6949644,-10.488997,6.4739213,-1.7104226,-0.21013765,-0.105068825
-4.5441947,-3.3662477,3.3039982,0.9737192,-0.21135938,0.16737708
-7.9583263,-6.591237,3.3901896,0.40317106,0.6585127,0.21624629
-5.9519854,-5.674258,4.9823337,1.1435398,0.14172074,-0.31031954
-7.4723034,-4.003105,3.4739866,-0.26145032,-0.14294247,0.37995818
-5.4061074,-5.6239796,4.948815,0.8686504,0.13561209,-0.7171558
-5.521029,-6.0166287,4.06296,-0.7806858,-0.2321288,0.4654793
-8.65025,-4.879383,4.122815,0.9053023,0.17470746,-0.040317107
-5.695806,-5.5641246,5.243302,-0.31520647,-0.1600467,0.22235495
-5.5521536,-5.2241483,5.231331,-0.1001819,-0.008552114,-0.3921755
-6.823475,-4.8147397,2.755726,0.6267477,-0.6365216,-0.05131268
-5.746084,-9.68694,5.257667,0.77213365,0.18325958,-0.1685988
-3.3662477,-5.33907,5.616797,0.19058995,-0.12705997,0.5644395
-7.785944,-7.819463,4.903325,-0.7733554,0.12583824,-0.17470746
-5.0996494,-8.561666,3.3183637,-3.617544,-0.625526,0.03176499
-5.1355624,-9.457097,4.7429137,3.2766812,0.44348818,0.062308256
-6.0285997,-4.4220905,6.6415157,-0.43860126,-0.40317106,0.65484756
-5.542577,-8.061277,3.2992098,-3.3194418,-0.9810496,-0.06719518
-3.193865,-9.488221,4.6782703,0.22235495,-0.119729586,0.15149458
-6.0716953,-6.0884547,4.8267107,1.3939945,0.56199604,0.13316862
-4.4795513,-6.612785,2.8658595,-1.0372492,-0.2125811,-0.3200934
-4.390966,-8.949526,4.3382936,2.64749,0.27122417,-0.3115413
-4.548983,-9.488221,2.3439236,-1.4391985,0.13683382,0.18081611
-4.7907977,-8.341399,4.43885,2.3383923,0.32986724,-0.3359759
-6.4308257,-7.03177,3.7684734,-1.9388863,-0.08552113,0.32375857
-5.2049947,-7.807492,2.3535004,-0.96761054,-0.10140363,-0.4447099
-5.0397944,-7.702147,1.1611878,-1.1081096,0.06841691,-0.095294975
-4.321534,-7.6710224,3.3423057,4.15144,0.8772025,-0.15271631
-5.683835,-6.9623384,4.841076,-1.3793337,-0.14905111,0.04642576
-5.00867,-7.074866,1.6280571,-1.4856243,-0.05009095,-0.34330627
-3.8618474,-10.54167,1.9991584,1.3084733,0.31642818,-0.089186326
-6.208165,-8.772355,2.087744,0.6218608,0.12339478,0.58032197
-4.3167458,-8.848969,3.3039982,1.2156218,0.14172074,-0.5021312
-5.41329,-9.531317,2.4851813,-1.2596041,-0.009773844,0.22235495
-5.3725886,-10.16578,4.3023806,-1.4611896,0.16371189,-0.004886922
-3.821146,-8.075643,3.4572272,-0.13194689,-0.33475417,-0.07819075
-6.030994,-7.8912888,3.7373488,0.44226643,0.16371189,0.18692477
-4.237737,-7.711724,4.0438066,0.17104226,-0.118507855,-0.2565634
-4.295198,-10.371682,3.0310593,-0.17348573,0.408058,0.32742378
-5.1666875,-5.6120086,4.807557,0.34208453,0.103847094,0.12461651
-5.729325,-4.8482585,5.6359506,-1.5845845,-0.5363397,0.21380283
-5.427655,-6.8761473,5.116409,-1.314582,-0.12217305,-0.047647487
-4.6662993,-8.726865,5.1235914,-0.9505063,-0.23945917,-0.24190263
-5.595249,-9.26556,4.441244,-0.6658431,-0.2003638,0.33841935
-6.1123967,-8.039729,5.8226986,-1.2742649,-0.042760566,-0.111177474
-3.9217024,-2.4396915,5.011064,2.5534167,0.13316862,0.04153884
-6.76362,-6.445191,5.08289,-0.69027776,-0.029321533,0.04520403
-5.1140146,-5.571307,6.4044895,-0.02687807,0.06963864,-0.1966986
-4.10845,-5.6120086,4.7165775,-0.40317106,-0.13439035,0.064751714
-7.4507556,-8.813056,5.41329,-0.79045963,0.33108896,-0.3200934
-2.5737667,-8.2169,4.357447,-0.6206391,0.02687807,-0.516792
-7.2472486,-8.425196,3.6535518,-0.9786061,0.71959925,0.89675015
-6.081272,-8.717288,2.717419,1.4501941,0.28955013,-0.8784242
-4.297592,-6.945579,1.541866,0.7305948,-0.007330383,0.48991394
-7.398083,-10.805033,3.8307228,-3.241251,-0.010995574,-0.13439035
-3.6990416,-7.989451,1.7142484,0.6133087,-0.15515977,-0.48624873
-6.694188,-6.691794,2.1667526,-0.20525073,0.5143485,0.68661255
-4.4196963,-6.8186865,3.9360676,2.5595255,0.34330627,-0.3200934
-5.6096144,-4.687847,3.5913026,0.42149702,0.13561209,0.043982297
-7.5441294,-10.620679,3.0933087,-3.2583551,-0.2406809,-0.3933972
-4.7405195,-10.503363,0.079008654,-0.45814893,0.10262536,-0.04642576
-3.6176388,-7.216124,3.3494883,0.04642576,0.19058995,-0.17837265
-5.90889,-8.152257,1.2569559,0.3115413,0.19425514,0.3555236
-4.7261543,-8.631097,1.9369092,-0.36163223,-0.13072516,-0.02687807
-6.0716953,-9.277532,1.0007763,-0.13439035,0.09896017,0.13439035
-3.8187518,-7.2352777,1.9009962,-0.57543504,-0.18448131,-0.111177474
-6.1411276,-8.212111,1.5993267,0.29932398,0.28955013,0.40317106
-4.134786,-8.228871,2.8107927,0.53023106,-0.029321533,-0.45448375
-6.4643445,-6.8330517,1.2042835,0.4642576,-0.15393804,0.63407815
-6.8282633,-7.431602,3.2585084,0.1600467,0.15027285,-0.6792821
-4.209007,-7.36217,3.643975,0.3494149,-0.13683382,0.49235737
-7.7931266,-7.5848308,2.9879637,0.22602014,0.0720821,0.08674286
-4.7524905,-6.217742,5.439626,0.54000485,-0.56199604,0.7489208
-5.6670756,-2.846706,7.0844426,1.5467108,-0.1600467,0.38362336
-7.0700774,-8.987833,3.53863,1.2412782,-0.26145032,0.06352998
-8.607155,-3.2680852,7.1107793,0.16737708,0.119729586,0.61575216
-6.0381765,-1.8746599,4.321534,2.122146,-0.062308256,0.2968805
-7.141904,-0.47644615,6.9240313,0.23579398,-0.14049901,0.07452556
-7.345411,-2.8323407,6.2105594,0.02076942,0.3213151,-0.54733527
-4.6710877,-0.59615624,7.2711906,-0.8723156,-0.1600467,0.064751714
-8.008605,-4.010288,5.5401826,-1.2791518,0.20891592,-0.6084218
-4.3622355,-4.699818,6.2009826,-1.4306464,-0.36163223,-0.453262
-7.73806,-5.710171,5.9926867,-1.1911873,0.3323107,-0.07452556
-4.3837833,-4.1060557,5.5401826,-0.32375857,0.059864793,0.39950588
-7.3645644,-5.4899044,7.1107793,-0.32620203,0.02687807,0.12339478
-6.8426285,-6.1866174,1.2401965,-0.25289822,0.02321288,0.05131268
-6.4284315,-5.0397944,3.4691982,-0.43004912,0.4569272,-0.6230826
-7.091625,-4.4436383,3.5170822,0.95539325,0.013439035,0.61819565
-7.338228,-0.7062895,7.007828,1.4343116,-0.5314528,-1.1582005
-5.722142,-3.7900212,5.671864,-0.40683624,-0.096516706,0.9578367
-7.845799,-9.02614,6.2225304,-0.25534168,-0.24556783,-0.46792278
-4.268862,-5.08289,5.0613422,0.34574974,-0.05131268,-0.4251622
-6.4020953,-5.233725,7.065289,-0.56688297,0.17104226,-0.021991149
-6.5457473,-1.067814,5.765238,0.009773844,-0.04153884,-0.056199603
-5.403713,-5.8825536,5.475539,-0.9236283,-0.25900686,-0.14172074
-6.244078,-2.6767175,5.717354,4.9614477,0.88453287,-0.5180137
-5.1235914,-3.0885203,7.1514807,-0.48991394,-0.44715336,0.095294975
-5.683835,-6.5984197,4.3622355,-0.95172805,-0.13194689,-0.03176499
-6.078878,-4.8458643,8.827422,2.1587977,0.4972443,-0.32742378
-4.525041,-5.6359506,6.615179,0.6805039,-0.073303826,-0.408058
-5.499481,-2.822764,5.8466406,-0.73426,0.04642576,0.33964106
-5.554548,-8.252813,8.303091,2.7061331,0.2003638,-0.657291
-6.528988,-1.1899183,5.7029886,2.1160371,0.52656585,0.85154617
-5.542577,-2.135628,5.485116,-2.4801128,-0.37140608,0.17715092
-9.107543,-6.517017,7.1107793,-2.7782152,-0.1160644,-0.7098254
-4.6136265,-3.8307228,6.10282,0.625526,-0.17104226,0.6780604
-3.4284968,-4.7405195,3.8714242,-1.3035865,-0.45937067,-0.30176744
-6.5601125,-3.086126,5.4659624,-0.45204028,-0.19058995,0.089186326
-4.122815,-6.751649,7.041347,0.73792523,0.5180137,-0.14538592
-6.0022635,-7.5824366,5.1642933,-1.1557571,-0.29077184,0.35063666
-4.72376,-4.177882,6.6989765,-0.06841691,-0.2125811,-0.021991149
-4.3167458,-3.4404678,5.5258174,1.0250319,0.21135938,0.31520647
-7.1083846,-2.9281087,6.469133,1.4049901,0.40683624,0.31398472
-5.473145,-3.6703112,6.6391215,-0.7086037,0.039095376,-0.23335053
-6.1076083,-3.4859576,7.026982,0.8491027,0.2406809,0.19425514
-6.43322,-0.0047884034,7.1227503,0.9505063,0.039095376,0.07819075
-6.801927,-2.6719291,5.533,-0.7672467,-0.44715336,-0.062308256
-5.5617304,-3.58412,5.9807158,0.77091193,0.39095375,-0.26267207
-5.913678,-6.253655,9.227253,-0.5448918,-0.4373795,0.08307768
-6.3661823,-5.2002063,6.4763155,-1.1997393,-0.50823987,0.11484267
-5.959168,-5.0397944,5.245696,0.7965683,0.58032197,-0.09285152
-7.0102224,-3.3566709,6.2009826,1.3927728,0.71959925,0.040317107
-8.243237,-1.8387469,6.703765,-0.21013765,-0.23335053,0.37873647
-6.7492547,-1.2354081,5.403713,-4.2821655,-0.09773844,0.018325957
-2.8083985,-7.015011,4.8602295,0.3652974,-0.13072516,0.065973446
-6.4140663,-6.227319,6.6367273,0.17837265,-0.04153884,-0.79534656
-6.3470287,-3.2561142,5.767632,0.17715092,0.09773844,0.28588495
-5.0374002,-3.3638535,5.973533,-0.19914207,-0.32253686,0.036651913
-5.497087,-4.537012,6.155493,0.23579398,0.14049901,0.38606682
-7.4244194,-5.4300494,5.0062757,0.2003638,-0.040317107,0.09773844
-5.729325,-5.159505,6.0285997,0.9993755,-0.073303826,-0.30909783
-5.197812,-1.1779473,6.8785415,1.9816469,0.34574974,0.10873401
-8.858546,-0.79966336,5.533,-1.7104226,0.23457226,0.119729586
-7.3909006,-1.2425907,6.9048777,0.7452556,0.4251622,-0.8014552
-3.58412,-2.0278888,7.3549876,1.2742649,0.14538592,0.052534413
-8.087613,-4.63278,4.4436383,-0.66706485,-0.02443461,0.2565634
-7.8266454,-6.423643,4.7668557,-1.958434,-0.2443461,-0.6059783
-3.8953662,-5.2409077,4.3646297,0.17837265,0.14172074,-0.17104226
-8.360553,-7.7452426,3.809175,-1.0225884,0.2406809,0.13316862
-4.7285485,-5.542577,4.1635165,0.10262536,0.5180137,-0.52412236
-2.6264393,-5.439626,4.1180267,-0.3726278,-0.25045475,0.6988298
-9.794679,-8.504205,2.8898015,0.062308256,0.26267207,-0.5510005
-3.2465374,-8.087613,2.7964275,0.40317106,0.05009095,0.10629055
-9.054871,-7.1826053,4.2544966,0.6597345,0.28588495,0.14660765
-5.183447,-5.911284,4.146757,0.91874135,-0.4361578,-0.17470746
-5.779603,-5.6527104,4.608838,-0.0061086523,-0.13194689,0.69027776
-6.993463,-4.1706996,4.661511,-0.44226643,-0.36163223,0.039095376
-9.16261,-5.1259856,4.247314,-0.032986723,0.40683624,-0.4728097
-6.7923503,-6.754043,4.050989,-1.9755383,0.67073005,-0.21624629
-6.6774287,-5.758055,1.8076223,0.34697145,-0.10873401,-0.31887165
-6.6726403,-6.05733,1.8004397,0.7611381,0.18081611,-0.0012217305
-13.472173,-7.273585,1.946486,-0.10262536,0.2443461,0.004886922
-5.374983,-7.261614,1.3575124,-0.073303826,0.50579643,-0.57543504
-5.1547165,-7.383718,-0.7230489,0.36285394,0.05375614,0.2724459
-8.497022,-4.8219223,1.1994951,0.63163465,0.03176499,0.3408628
-7.7093296,-8.588001,-2.5067291,0.09162979,0.18325958,0.36896262
-8.626308,-6.042965,1.6184803,-0.5571091,0.14538592,-0.52778757
-5.559336,-5.427655,-0.30166942,0.79045963,-0.18448131,0.19547687
-8.209718,-10.024523,-0.25617957,-0.9822713,0.31031954,-0.25534168
-6.090849,-5.9543796,1.9129672,0.065973446,-0.09773844,0.05009095
-7.4363904,-6.220136,-1.0486604,-0.12095132,0.13805555,0.04886922
-7.311892,-9.574412,-2.0039468,0.3652974,0.3494149,-0.29810223
-7.517793,-6.9599442,-1.4149733,-0.32253686,0.009773844,0.2284636
-8.291121,-3.0310593,-0.33518824,0.41416663,-0.13561209,-0.24556783
-6.3182983,-6.0357823,0.21308395,0.002443461,-0.1563815,0.081855945
-7.941567,-6.457162,-2.6048915,-0.23823744,0.1966986,0.062308256
-8.075643,-7.845799,-1.0749966,0.29932398,0.13805555,-0.081855945
-6.9240313,-6.6056023,-1.5131354,-0.46792278,-0.040317107,0.17837265
-7.441179,-7.40766,-1.5634137,0.48747048,0.12705997,-0.10873401
-6.897695,-6.751649,-0.9935937,-0.015882496,-0.009773844,0.3286455
-9.01417,-6.7324953,-0.61052144,-0.9272934,0.008552114,-0.0036651916
-7.1610575,-5.837064,-1.6400281,-0.3933972,-0.014660766,0.15027285
-8.161834,-6.921637,-2.315193,-0.13194689,0.37995818,-0.032986723
-5.7365074,-8.121132,-0.7637503,-0.44837508,-0.6914995,-0.13439035
-12.921507,-10.424355,2.4372973,2.4788911,-1.001819,-0.8564331
-1.6112977,-5.533,1.103727,1.0409144,-2.271197,0.42149702
-6.2871737,-6.5696893,6.9000893,-0.93951076,-0.028099801,-0.5338962
-4.280833,-5.2002063,5.3965306,-1.2315043,-0.07086037,-0.08552113
-6.591237,-5.4803276,6.5601125,0.50579643,-0.15149458,0.105068825
-4.307169,-3.7732618,5.9878983,-0.009773844,0.19914207,-0.08552113
-5.770026,-4.381389,5.4922986,0.08674286,0.38362336,0.13316862
-5.485116,-4.31914,5.415684,0.8918633,0.2761111,-0.27977628
-4.733337,-4.903325,5.121197,1.632232,0.04642576,0.22357668
-7.7667904,-7.493851,7.1514807,-1.2119566,0.09162979,-0.5155703
-3.241749,-3.1435869,5.8825536,0.8197812,-0.09285152,-0.16493362
-7.4962454,-4.6232033,5.7389016,-0.2883284,0.37751472,0.4288274
-5.4803276,-6.078878,5.851429,2.4178047,0.44104472,-0.89675015
-4.10845,-3.4261026,4.441244,0.47525316,-0.09285152,1.2962561
-7.8386164,-4.4101195,7.479486,-2.289523,-0.6963864,-0.204029
-3.3255463,-2.6886885,4.596867,0.8454375,-0.7415904,-0.3481932
-6.232107,-4.9679685,5.7724204,-0.9211848,-0.07696902,0.33475417
-4.072537,-9.464279,6.0238113,-0.6609562,-0.26389378,-0.54733527
-5.5617304,-7.371747,5.0134583,-0.88697636,0.16982053,0.3481932
-3.454833,-6.493075,6.2345014,1.3756685,-0.16982053,-0.7819075
-5.3438582,-4.9703627,3.1244333,1.0567969,0.16493362,0.8979719
-4.7907977,-5.386954,6.1746464,1.8362609,-0.19181168,-0.51068336
-5.3845596,-9.579201,3.064578,-0.06352998,-0.16371189,0.6462954
-5.1523223,-7.896077,6.0142345,-1.4135422,-0.2761111,-0.16249016
-4.8626237,-7.350199,4.8626237,-2.025629,-0.10629055,0.27000242
-5.439626,-2.9951463,6.0836663,1.2852604,-0.3408628,-0.24801129
-5.590461,-7.6614456,3.3255463,-1.1838568,0.012217305,0.6536258
-5.7724204,-6.2392898,6.397307,0.80756384,-0.35308012,-0.4886922
-5.2624555,-5.29358,3.2202013,-1.0873401,-0.4373795,0.4972443
-6.6103907,-4.201824,6.0501475,-0.32986724,-0.16126843,0.021991149
-4.5896845,-5.12838,4.0174704,0.79412484,-0.1966986,-0.376293
-5.145139,-7.536947,5.1116204,-0.3921755,0.3481932,0.14782938
-4.783615,-6.5337763,4.185065,2.0207422,0.37873647,-0.080634214
-6.519411,-8.762778,3.5434184,-0.50701815,0.33841935,-0.21868975
-4.745308,-9.904813,3.787627,-0.2932153,-0.15882497,-0.24801129
-5.935226,-8.820239,2.0566192,-1.4721853,0.30665436,0.65484756
-5.913678,-8.39886,3.8402996,0.6243043,0.1160644,-0.19303341
-5.7149596,-7.21373,1.8124107,0.05497787,0.2443461,0.53023106
-6.5816603,-8.520964,4.175488,0.15393804,-0.119729586,-0.23090707
-5.255273,-4.582502,4.309563,1.1313224,0.3726278,0.118507855
-5.140351,-6.8186865,3.6727054,0.312763,-0.3652974,-0.14660765
-6.4380083,-5.568913,2.2266076,0.1563815,0.087964594,0.061086524
-5.2145715,-8.14268,3.3183637,1.2046263,0.3005457,-0.44104472
-3.4213142,-4.134786,1.7980455,1.6798794,-0.5693264,-0.91996306
-5.5401826,-8.271967,9.184157,1.2144,1.6310102,0.6084218
-5.90889,-3.9217024,6.4739213,0.4166101,-0.5681047,-0.43004912
-3.964798,-4.3119574,5.020641,0.095294975,0.105068825,1.0067059
-5.8705826,-5.683835,6.5026517,0.56688297,0.2003638,-0.46303585
-4.6495395,-3.881001,6.6271505,0.4569272,0.21013765,-0.18203785
-5.327099,-5.159505,6.3111157,-1.5100589,-0.17592919,0.30665436
-5.9783216,-8.348581,5.0421886,0.8136725,0.13683382,-0.12461651
-5.2049947,-5.45878,5.973533,0.02443461,0.22479841,-0.35308012
-4.936844,-5.674258,5.506664,-1.7385225,0.095294975,0.2003638
-6.0381765,-6.730101,4.771644,1.9058995,0.5497787,0.23701571
-7.041347,-6.2704144,5.604826,-0.9431759,0.5681047,0.047647487
-8.032547,-9.165004,5.614403,-1.8142698,-0.28099802,0.23457226
-5.803545,-5.518635,5.011064,-0.5510005,-0.1441642,-0.21380283
-6.244078,-2.0638018,4.4723687,0.7464773,0.1685988,0.6169739
-9.028535,-8.384495,5.583278,-0.06719518,-0.13927728,-0.8222246
-2.8203697,-3.9504328,4.0797195,-0.31764993,-0.087964594,0.10262536
-6.9838862,-5.499481,5.8346696,0.96883225,0.2003638,0.05131268
-5.257667,-6.6271505,5.7987566,-0.61941737,-0.27488935,-0.3115413
-7.0724716,-7.180211,4.8937483,0.4251622,0.16982053,0.010995574
-5.6096144,-4.948815,5.6120086,0.32498032,-0.14172074,-0.7318166
-5.805939,-5.6790466,3.514688,0.3640757,0.26633725,0.5729916
-9.263166,-9.56723,5.6527104,-0.90285885,-0.13439035,-0.25534168
-4.6040497,-3.9576154,4.3119574,0.057421334,0.10629055,-0.5693264
-7.833828,-7.290344,9.552865,0.7696902,-1.1960741,0.1881465
-3.4596214,-8.53054,-1.0199299,-1.2437216,-1.1227703,0.59131753
-5.449203,-3.7062242,5.729325,-0.3323107,-0.13439035,-0.009773844
-7.577648,-3.6990416,7.517793,0.080634214,-0.19058995,-0.2932153
-4.000711,-0.6823475,6.751649,-0.42149702,0.009773844,-0.33475417
-3.8546648,-6.3422403,6.5577183,-0.66950834,-0.20647246,-0.20891592
-4.8841715,-5.559336,9.186552,0.14172074,0.24678956,-0.23701571
-3.9791632,-2.72939,7.2065473,0.8857546,0.312763,-0.51068336
-4.807557,-2.9831753,6.9527617,-0.88086766,0.34697145,0.44715336
-6.5385647,-7.0940194,8.573636,-0.052534413,-0.118507855,-0.5534439
-3.3854012,-4.853047,3.6703112,-0.089186326,-0.09162979,-0.21135938
-5.801151,-4.644751,6.9288197,0.42638394,0.4007276,0.43982297
-4.9176903,-7.929596,6.873753,1.5980235,-0.05375614,-0.8222246
-3.3614593,-8.47308,3.8857894,-3.3438764,-0.4813618,0.5314528
-4.7141833,-10.656591,8.219295,-3.177721,0.23335053,0.657291
-3.3279405,-10.869676,6.421249,-1.2400564,-0.5216789,-0.3726278
-5.1140146,-8.329428,3.1794999,-1.9058995,-0.14538592,0.6133087
-5.0182467,-8.846576,6.8929067,-0.16615535,0.34330627,-0.3494149
-2.9951463,-5.626374,3.6128504,1.5088371,-0.061086524,-0.16982053
-5.374983,-6.543353,4.6232033,0.07696902,0.2003638,0.07941248
-1.8626889,-8.441956,6.143522,-0.41538838,0.052534413,-0.59742624
-5.142745,-8.0445175,3.2800562,-1.6395624,-0.2284636,0.2919936
-4.5274353,-6.907272,1.3144168,-0.41783184,0.24556783,-0.657291
-1.6304513,-9.193734,1.340753,-0.593761,-0.37995818,0.28588495
-6.4427967,-6.7324953,1.7310078,-0.008552114,0.036651913,0.18081611
-5.0996494,-11.47062,5.085284,-1.3952162,-0.12583824,-0.49602258
-3.4165258,-6.895301,1.541866,1.3756685,-0.21746802,0.33108896
-6.2752028,-7.386112,1.8124107,-0.23701571,-0.2003638,0.18203785
-5.6239796,-7.9487495,0.79248077,1.3695599,0.8222246,0.095294975
-2.9257145,-8.872911,2.4756045,-0.20280726,-0.2687807,-0.26389378
-1.661576,-10.244789,3.1866825,-0.17348573,-0.4007276,-0.08674286
-3.9217024,-6.9743094,3.2680852,0.59131753,-0.13194689,0.0720821
-4.7764325,-8.623915,6.279991,-0.14538592,-0.14172074,0.13683382
-3.2273839,-5.121197,3.3877954,1.17897,-0.16737708,0.061086524
-3.8307228,-7.029376,-0.16519992,-0.54244834,0.5375614,-0.1563815
-6.361394,-6.658275,7.323863,3.1618385,1.0152581,-0.17837265
-5.6551046,-8.377312,7.053318,1.813048,1.0836749,0.79779
-6.873753,-5.463568,4.0701427,0.13072516,-0.10629055,-0.86009824
-6.1770406,-6.26802,2.0757728,-0.81489426,0.8368854,0.27855456
-7.759608,-7.807492,6.3326635,0.20525073,0.18570304,-0.61208695
-3.8905778,-4.656722,4.7022123,0.8906415,-0.267559,-0.12095132
-8.446744,-7.323863,6.715736,-1.7568485,0.14782938,0.8368854
-6.7851677,-4.367024,5.925649,0.4972443,-0.37018433,-0.7684685
-2.9855695,-2.767697,3.9719806,1.4648548,-0.012217305,0.26633725
-8.298303,-5.626374,6.5816603,0.33841935,0.21135938,-0.029321533
-5.106832,-5.805939,5.3007627,0.6743952,-0.111177474,-0.2003638
-7.6829934,-5.058948,5.626374,-2.2858577,0.103847094,0.66706485
-7.4244194,-6.7947445,6.5002575,-0.79779,-0.10629055,-0.5864306
-4.086902,-4.807557,3.5458126,0.16126843,0.16982053,0.3200934
-8.683769,-5.841852,6.0645127,-0.68661255,0.06352998,-0.4447099
-4.9775453,-5.571307,3.3686419,-0.004886922,-0.12339478,0.10629055
-7.773973,-4.831499,4.6806645,-0.036651913,0.33964106,0.27977628
-6.435614,-5.427655,4.747702,0.5717699,-0.111177474,-0.44593164
-5.717354,-4.465186,3.0142999,0.9297369,0.2968805,0.51068336
-9.358934,-5.437232,6.126762,-0.9993755,-0.1685988,-0.29443705
-4.8219223,-5.439626,3.1890767,-0.46792278,-0.1600467,0.13683382
-7.5225816,-5.0613422,4.1826706,0.10629055,0.39461896,0.4007276
-7.431602,-7.0724716,8.010999,-1.8411479,-1.613906,-0.5412266
-10.036493,-9.986216,6.3422403,0.4129449,-1.5015068,-0.14049901
-0.90979666,-5.995081,2.0374656,-0.6951646,-1.5625933,-1.0946705
-2.9113493,-11.568783,5.7987566,-1.7947221,0.3933972,0.38973203
-2.3439236,-6.8450227,5.5641246,0.64996064,0.8014552,0.1966986
-2.6862943,-8.611943,6.4284315,-0.9407325,-0.20647246,-0.15027285
-3.3877954,-10.333375,3.6583402,-0.54244834,0.09773844,0.30665436
-6.3781533,-6.6415157,4.3646297,0.37384954,0.5900958,0.2883284
-3.739743,-6.517017,5.2744265,-1.5344934,0.26633725,-0.7440339
-4.8123455,-6.4284315,3.5003228,-0.33108896,-0.18081611,0.4288274
-6.7971387,-8.801085,5.4061074,1.3842206,0.8588765,-0.058643065
-4.4220905,-5.2624555,4.0701427,-2.7000244,-0.28221974,-0.344528
-4.4220905,-3.9791632,6.859388,1.8619173,-0.593761,-0.12950343
-4.7022123,-1.7884687,4.757279,4.7342057,0.5375614,0.23090707
-5.592855,-2.5019407,8.372523,-0.064751714,0.4007276,-0.09896017
-5.686229,-8.477868,5.427655,-0.33353242,0.46181414,0.32986724
-6.191406,-3.8762126,4.321534,0.49968776,0.06352998,-0.63407815
-5.0541596,-8.832211,2.1021092,-1.9828686,-0.43860126,-0.38973203
-4.3502645,-8.549694,1.8890251,2.7782152,0.94806284,0.004886922
-4.6710877,-7.6710224,1.0319009,-1.4049901,-0.2883284,0.02565634
-7.165846,-8.631097,2.2888567,0.19914207,0.51068336,0.42638394
-5.2744265,-7.079654,-0.033518825,2.235767,-0.16126843,-0.453262
-4.5537715,-13.084312,-0.7422025,-3.0531044,0.014660766,0.18081611
-5.590461,-10.833763,3.5745432,-0.73548174,0.43127087,0.010995574
-4.156334,-6.4499793,2.6312277,-0.0012217305,-0.12339478,-0.07819075
-5.9639564,-9.339781,3.2632968,-3.0164526,0.065973446,0.24190263
-4.745308,-10.424355,0.7278373,-1.2461652,-0.30665436,-0.45081854
-7.4268136,-9.390059,-0.22266077,-1.3219124,0.3933972,0.35185838
-4.9344497,-7.606379,1.7477672,0.5815437,0.46670106,-0.12950343
-5.911284,-7.7667904,0.44532153,0.4886922,0.002443461,0.4007276
-6.0884547,-7.0006456,4.7309427,2.4898868,0.017104227,0.009773844
-6.0357823,-6.7468605,2.099715,-1.6823229,-0.3371976,0.33964106
-5.2720323,-8.717288,5.884948,0.119729586,0.052534413,0.056199603
-5.2409077,-7.1945763,3.229778,-2.1319196,0.008552114,0.36896262
-5.6910176,-9.797073,4.2904096,-0.15760323,-0.014660766,-0.3213151
-4.7620673,-7.589619,1.4101849,-0.9089675,0.08674286,-0.12950343
-6.136339,-13.110648,-0.5746084,-1.3451253,0.21013765,0.6365216