-0.3878607,3.169923,9.229648,0.065973446,0.030543262,0.042760566
-1.2449849,2.621651,9.375694,-1.1630874,-0.18203785,0.080634214
-0.79248077,0.79008657,9.674969,-0.59986967,-0.3042109,0.02076942
0.8858546,1.3623008,9.423578,0.21013765,-0.06352998,0.06719518
0.5746084,0.90021986,9.847352,-0.25778514,-0.09773844,0.0061086523
-0.06464344,-1.1013328,10.551247,-3.9767327,-0.94806284,-0.3042109
4.8698063,-7.4483614,7.431602,-0.36285394,-0.52290064,-0.95294976
3.8786068,-1.9752164,6.2608376,2.6548204,0.25167647,-0.93462384
3.7445314,-1.2138603,8.192958,0.48991394,0.30787608,-0.42271876
3.5984852,-0.6512229,9.050082,0.7171558,-0.119729586,-0.04642576
3.9719806,-0.35673606,7.651869,-0.312763,0.25289822,-0.12095132
3.7181952,-2.468422,10.484209,-0.408058,-0.37507126,0.26267207
3.323152,1.079785,9.866506,-1.1520919,0.48502702,-0.22357668
3.679888,-0.22984336,9.940725,0.18203785,-0.72082096,0.13561209
2.0566192,1.1252748,10.383653,-0.91874135,0.50946164,-0.2284636
5.197812,3.0478187,7.85777,1.0091494,-0.548557,-0.1282817
2.8658595,-0.17238252,9.536105,0.46181414,0.13439035,0.33964106
3.4021606,-4.522647,7.204153,-3.2974505,0.55955255,0.14294247
5.145139,0.6847417,11.085154,-0.8038987,-0.38973203,-0.20769419
2.2840683,5.662287,10.299856,1.7153096,0.19914207,-0.12583824
4.3502645,-3.0478187,6.811504,-2.5619688,0.2687807,0.064751714
4.2185836,5.1355624,7.5968018,0.7257079,-0.27000242,-0.17837265
2.966416,4.817134,9.217676,0.829555,-0.09896017,0.14905111
3.2680852,-2.4899697,8.793902,-2.5961773,0.73914695,0.080634214
4.4963107,3.6296098,8.66701,0.72692966,-0.22235495,-0.33841935
3.4213142,3.8139634,9.957485,0.54000485,-0.019547688,0.021991149
4.735731,5.3606176,8.1163435,-0.087964594,0.5338962,0.029321533
4.5992613,1.1899183,11.159374,-0.61086524,-0.27366763,-0.0842994
4.1371803,3.691859,6.8043213,0.8979719,-0.065973446,-0.13561209
6.045359,5.0876784,4.9200845,0.6743952,0.1966986,0.0061086523
5.281609,-0.20590134,6.600814,0.09896017,-0.34697145,0.0
3.0238767,2.9376855,10.936713,0.12095132,0.3885103,0.02076942
6.220136,3.8833952,4.453215,-0.28099802,0.0,0.0720821
4.606444,-0.40701428,9.792285,-1.7702875,0.009773844,0.35796702
4.8626237,1.9177556,7.869741,0.008552114,-0.15882497,-0.058643065
4.5992613,2.2577322,7.967903,-0.5497787,-0.02687807,0.058643065
4.450821,1.0582372,8.623915,-0.26145032,0.20647246,-0.029321533
6.265626,-1.1875241,5.6982,0.73548174,-0.0012217305,-0.1600467
4.654328,1.6759412,8.413225,-0.35918877,0.1685988,-0.26267207
4.560954,2.777274,7.9511437,-0.5363397,0.47647488,-0.24556783
5.305551,2.0231004,9.624691,0.376293,-0.66339964,0.1001819
3.2609026,2.6024973,7.884106,-0.06719518,-0.07941248,0.065973446
7.335834,0.45968673,4.4364557,0.69027776,-0.02076942,-0.007330383
4.6232033,-0.5363012,7.4723034,-0.05131268,-0.7770206,0.2846632
3.3734303,1.0031705,9.986216,-0.88453287,0.72326446,-0.3555236
6.8761473,-0.91937345,7.764396,0.2724459,-1.0311406,0.11362094
3.2824504,2.456451,10.929531,0.18692477,0.37995818,-0.22113322
7.771579,0.6727707,6.0860605,0.50335294,-0.92485,-0.015882496
4.5178585,1.757344,8.841787,0.11728613,0.06352998,-0.10995574
7.7931266,-0.5267244,4.5298295,0.21624629,-0.20280726,0.07696902
5.33907,-0.37110126,7.228095,0.42760566,-0.12583824,0.16493362
6.2608376,1.3982137,6.631939,-0.56321776,0.6072,-0.21013765
6.054936,2.4995465,8.418014,0.6536258,-0.119729586,-0.17959438
5.5760956,-2.2984335,8.3390045,-0.9370673,0.2406809,-0.2773328
5.827487,0.31124622,8.74123,-0.28344148,-0.39950588,0.25900686
5.183447,0.6703765,7.917625,0.5900958,0.07086037,0.037873644
7.9726915,-1.4437037,4.110844,0.021991149,-0.17715092,0.032986723
5.8346696,-2.5019407,5.932832,0.643852,-0.16615535,0.20891592
5.6670756,-1.3958195,7.6710224,-1.2315043,0.75502944,0.15760323
4.805163,0.8714894,12.401965,0.37384954,-0.25289822,-0.16249016
5.8586116,-3.6511576,8.475474,-1.5381587,0.17959438,-0.33841935
7.314286,1.769315,6.4499793,0.5131268,-0.6951646,-0.042760566
4.331111,2.2888567,8.880095,0.7415904,0.07574729,-0.15027285
6.244078,-0.5674258,8.688558,-1.3133603,0.6035349,-0.18325958
6.5385647,-0.10295067,9.698911,-0.18570304,-0.5839872,0.2284636
5.3366756,0.062249243,8.468291,0.5693264,0.37384954,-0.37384954
8.406042,-0.35673606,4.5154643,0.37018433,-0.32742378,-0.043982297
5.410896,1.163582,8.791509,0.7134906,-0.1160644,0.06963864
5.686229,-2.5234885,7.4627266,-2.3872614,0.59498274,0.021991149
6.9288197,-0.59615624,8.1881695,0.056199603,-0.5693264,0.19181168
5.3462524,2.3056161,9.081207,0.6206391,0.29077184,-0.20769419
7.019799,1.7142484,4.8123455,0.47158796,0.047647487,-0.02687807
5.401319,-0.90979666,7.4483614,1.1325442,-0.3042109,0.20647246
6.030994,-1.2066777,7.855376,-1.6212363,0.79168135,-0.14782938
7.1634517,1.5346833,8.772355,0.44104472,-0.4654793,0.10751228
5.5377884,2.2385786,8.956709,0.04886922,0.36774087,-0.23090707
8.212111,0.85473,4.685453,0.5290093,-0.5888741,0.14172074
6.0166287,1.1444284,7.515399,-0.14294247,0.06841691,-0.0061086523
7.017405,1.115698,4.4699745,-0.5290093,0.3726278,-0.05375614
6.1650696,-0.10295067,7.3047094,1.1801916,-0.13072516,-0.029321533
6.217742,-2.3894134,9.155427,-1.2925909,0.3640757,-0.047647487
7.4483614,0.6751649,5.995081,0.4007276,-0.54611355,-0.05497787
6.021417,0.37349546,9.062054,-0.1881465,-0.14905111,0.23335053
6.8210807,-3.4165258,8.204929,-1.8362609,0.75747293,0.04642576
6.679823,1.2856863,5.21936,1.6603317,-0.61086524,-0.24190263
5.872977,1.7597382,9.275137,0.039095376,-0.44593164,0.24312437
6.694188,-0.7302315,7.97748,-1.1606439,0.7049385,0.111177474
6.7827735,-0.34955344,6.256049,0.5131268,-0.75869465,0.029321533
5.5617304,5.602432,7.383718,1.6957619,0.25045475,-0.24556783
7.479486,2.6072857,3.7948096,0.36774087,0.27366763,-0.12461651
6.4140663,-1.8626889,5.8945246,0.2773328,-0.28221974,0.15393804
6.373365,-3.1052797,8.511387,-1.0910053,0.61208695,-0.22235495
8.432379,0.9959879,3.2632968,1.3903292,-0.51068336,-0.14782938
6.531382,0.088585466,7.7787614,-0.34208453,-0.20280726,0.23457226
6.327875,-1.8195933,7.5848308,-1.2229522,0.7098254,0.20769419
6.3829417,2.3295584,7.4363904,0.31887165,-0.66706485,0.05497787
5.473145,3.6391866,7.750031,0.59742624,0.31031954,-0.07941248
8.413225,1.30484,4.3502645,0.84421575,-0.22602014,-0.002443461
5.9639564,-1.0055647,8.401254,0.25778514,-0.105068825,0.16493362
6.1650696,-3.1603463,7.3645644,-1.4758505,0.68294734,0.062308256
5.3941364,2.1260512,6.493075,-0.014660766,0.13194689,-0.0842994
6.0262055,2.4013844,10.0508585,-0.453262,0.34330627,-0.24923302
7.9391727,0.25378537,5.5737014,1.3817772,-0.47158796,-0.028099801
5.693412,0.46208093,7.517793,0.04642576,0.037873644,0.09773844
6.3302693,1.1204864,7.9822683,-0.9260717,0.66950834,0.112399206
5.6646814,-1.8842367,9.792285,0.4569272,-0.24678956,0.05497787
5.058948,-0.059855044,7.9822683,0.22724187,0.13805555,-0.12705997
6.9264255,2.2002714,5.073313,0.6462954,-0.07696902,0.057421334
5.813122,-0.9911995,9.203311,0.09285152,-0.15515977,-0.029321533
5.530606,-1.70946,8.329428,-0.204029,0.37995818,-0.2284636
6.9120603,4.0054994,6.9144545,0.5314528,-0.4361578,0.081855945
5.140351,1.3263878,7.429208,-0.19058995,-0.07696902,0.09162979
5.6000376,-1.7788919,6.682217,-1.1459832,0.42638394,0.087964594
6.493075,1.1180922,8.444349,-0.08552113,-0.3359759,-0.15027285
4.6950297,2.992752,7.5680714,0.28344148,0.02321288,-0.03176499
7.0820484,2.791639,5.3223104,-0.18692477,0.204029,0.25900686
6.5505357,1.2162545,10.072407,-1.2852604,-0.09040806,-0.0720821
4.209007,3.394978,9.878476,0.71837753,0.3652974,-0.27122417
6.0501475,3.064578,6.0405707,0.10629055,0.28099802,0.25534168
5.6215854,2.2242134,7.1155677,0.19303341,0.09285152,-0.13439035
4.795586,2.6503813,10.431537,-0.24923302,0.06719518,0.31520647
4.936844,2.3080103,8.51857,0.13316862,0.073303826,-0.07696902
7.07726,2.1404164,7.091625,0.0012217305,-0.6927212,0.16737708
5.8203044,2.695871,6.2752028,0.34574974,-0.20158553,-0.14172074
6.4164605,2.5809495,5.638345,0.7819075,0.25900686,0.0
3.833117,0.9816227,6.4882865,-1.3891076,0.10629055,0.16126843
5.7628436,-0.4381389,7.079654,0.09896017,0.43371433,0.26389378
4.6471453,2.8060043,4.259285,-0.013439035,-0.24801129,0.10262536
4.9440265,1.8579005,9.758766,-0.07819075,0.1966986,-0.10873401
6.7372837,3.8067808,6.131551,0.6084218,-0.29810223,-0.013439035
3.7014358,5.4204726,6.564901,-0.75747293,0.13072516,-0.05009095
5.923255,2.6527755,7.93199,0.13316862,0.3494149,0.29565877
6.1076083,2.7102363,8.171411,0.45814893,-0.5119051,-0.036651913
5.2744265,4.280833,6.8091097,0.41050145,0.008552114,0.039095376
7.086837,3.5889084,4.9799395,0.70249504,0.3359759,0.1600467
5.681441,0.8619126,8.147469,-0.40317106,-0.14660765,0.007330383
6.2823853,1.0390835,5.023035,-2.021964,-0.073303826,0.5852089
7.97748,0.8595184,6.993463,-0.40683624,-0.8393288,-0.6414085
8.542512,-0.8619126,6.543353,-1.894904,-1.4404203,-1.0030408
8.899248,-2.2529438,4.7979803,-0.3200934,-0.22602014,-0.34697145
10.66138,4.1156325,-0.7062895,1.0274754,-0.28955013,-0.4092797
8.42759,-1.496376,2.3463178,0.12705997,0.04642576,0.009773844
8.990228,-2.1140802,0.40701428,0.20158553,0.39706242,-0.21380283
11.33894,1.0989386,1.910573,0.6401868,-0.6414085,0.061086524
8.073248,0.34476504,3.6104562,0.5119051,0.10873401,0.12461651
9.8042555,-1.6017209,-0.6368576,-0.16249016,0.312763,-0.13683382
10.19451,-2.8179753,1.7908629,0.008552114,-0.408058,-0.089186326
8.075643,-2.0733786,3.7612908,-0.10751228,0.5045747,0.17592919
11.370064,-2.7102363,-1.8770541,-0.22235495,-0.34208453,0.018325957
9.392453,0.035913024,4.1060557,0.12217305,-0.014660766,-0.119729586
9.797073,-1.4030021,-0.038307227,-0.04153884,0.50946164,-0.095294975
9.725247,-2.6288335,-0.016759412,-1.1032226,-0.5900958,0.05131268
8.197746,-0.18674773,3.98874,0.37018433,0.6267477,-0.096516706
10.953473,-2.44448,-2.480393,-1.4526376,-0.45570546,0.15027285
9.138668,2.7629087,3.4165258,0.06841691,-0.28955013,-0.04153884
9.112331,0.5291186,0.830788,0.1282817,0.53878313,-0.13927728
12.26789,5.2385135,2.5306711,0.4129449,-0.5009095,-0.2565634
8.212111,0.7038953,4.474763,0.23090707,0.35185838,-0.035430185
11.865664,-3.8474822,-0.9672575,-0.5852089,0.065973446,0.35308012
9.095572,-0.4309563,2.4277205,-0.3359759,-0.20525073,0.15149458
9.279925,-0.93852705,1.2808979,-0.22968534,0.50701815,-0.10629055
11.171345,6.2009826,1.2880806,0.4007276,-0.4166101,-0.30176744
8.228871,-0.1316811,2.834735,0.05375614,0.15393804,-0.15882497
10.508151,-0.074220255,-1.3431472,-0.08552113,0.36774087,-0.07574729
8.051701,0.06943185,3.5865142,-0.75869465,-0.50335294,0.41905355
8.767567,0.08379706,1.283292,0.54000485,0.56199604,-0.21502456
10.864887,2.9161377,-1.436521,1.5833627,-0.34697145,0.06841691
8.446744,-0.093373865,2.7509377,-0.056199603,-0.09407325,0.05009095
10.342952,-1.1755531,-0.45968673,-0.4813618,0.3323107,-0.002443461
11.693281,-0.11492168,-0.16759412,0.6780604,-0.57787853,-0.10629055
7.5082164,0.20590134,3.8019924,-0.111177474,0.118507855,-0.22479841
10.33098,-1.2521675,-0.7062895,0.2761111,0.33964106,0.036651913
9.097966,-1.3742718,1.6687586,-0.8723156,-0.47769663,0.27366763
7.9128366,-0.8355764,2.360683,0.54733527,0.40439278,-0.44959682
11.415554,-0.9792285,-1.6208745,-0.010995574,0.119729586,0.08552113
10.158598,-9.258378,-0.6727707,-1.0861185,-0.6059783,0.13927728
8.317456,-0.17717093,2.3319526,0.68661255,0.60231316,-0.45204028
11.628637,0.7445967,-0.8858546,0.095294975,-0.02565634,0.19914207
8.825027,0.9959879,2.906561,0.22479841,-0.32375857,-0.02687807
9.255983,-0.05746084,-0.06464344,-0.010995574,0.54000485,-0.09285152
12.35887,-1.6160861,1.0247183,0.15027285,-0.516792,0.0720821
7.9104424,0.30885202,3.4763808,-0.4447099,0.3286455,-0.2406809
11.566388,0.8619126,-0.7110779,-0.8026769,0.065973446,0.21746802
9.797073,1.2545617,0.89303726,-0.42638394,-0.2724459,-0.23701571
8.726865,-0.15562311,-0.074220255,0.6951646,0.14049901,-0.073303826
11.398794,-2.0949266,-0.61291564,-0.54244834,0.0036651916,0.34574974
7.989451,0.2777274,3.632004,-0.5326745,-0.3042109,0.18081611
8.980651,0.5793968,2.2218192,0.43249258,0.47891834,-0.15271631
12.241553,5.4659624,0.18435353,1.4453071,-0.63041294,-0.34330627
8.027759,0.92416185,2.7748797,-0.29077184,0.09162979,-0.22235495
11.853693,-1.6998832,-0.7589619,-0.31887165,-0.10995574,0.20891592
8.947132,-1.376666,2.6001031,-0.64996064,-0.1966986,0.16737708
8.652645,-1.9201498,-0.46926352,1.1374311,0.38973203,-0.036651913
11.832145,0.35913026,1.5035586,0.019547688,-0.12339478,0.10629055
8.2169,-0.48362875,1.4556746,-0.30909783,0.03176499,0.119729586
10.778696,-1.388637,0.29448682,-0.26633725,0.19547687,-0.05009095
10.6158905,-3.8283286,2.846706,-0.93584555,-0.21991149,0.056199603
8.583213,-0.272939,1.5131354,0.5045747,0.38606682,-0.19792034
12.641385,-0.90979666,0.7206547,-0.24190263,-0.39584067,0.080634214
6.9886746,-0.2705448,1.3215994,-0.23457226,0.47647488,-0.057421334
12.564771,-1.4077905,1.3239936,0.0720821,-0.31031954,-0.018325957
7.33344,-2.4061728,2.1763294,0.1160644,0.40317106,0.39706242
11.575965,-4.3382936,2.348712,2.638938,1.3622295,0.7452556
9.040505,0.22744916,5.628768,2.1514673,2.3115141,-0.057421334
5.74369,0.4165911,5.3199162,0.93462384,1.8350391,0.93218035
2.1499932,0.21787235,9.911995,0.087964594,0.35796702,0.8686504
3.9264908,-1.0893618,7.8625584,-1.0812315,0.5119051,-0.02076942
4.0054994,1.7477672,11.058818,-1.3536774,-0.36896262,-0.1966986
3.8139634,3.3997664,7.3310456,1.8228219,0.13683382,-0.3408628
5.437232,2.9017725,8.085219,0.376293,0.06719518,0.09896017
3.0478187,1.1013328,9.169792,-0.7672467,0.1001819,-0.1282817
4.084508,-1.103727,9.646238,-0.68539083,0.034208454,-0.18203785
4.9464207,4.211401,8.149862,0.30543262,-0.5900958,0.13439035
4.072537,-0.45729253,6.3542113,-0.11728613,-0.056199603,-0.11484267
6.5505357,1.5969325,5.6790466,-0.41416663,-0.18203785,0.13439035
3.5625722,3.0190883,11.247959,-1.3891076,-0.09407325,0.017104227
3.394978,2.2266076,9.150639,-0.39584067,0.089186326,-0.3811799
7.965509,-1.2497733,5.729325,0.29443705,-0.8381071,-0.26267207
6.2704144,0.36391866,8.319851,-0.20525073,-0.7281514,-0.035430185
5.257667,-0.6392518,8.50181,-0.79534656,0.593761,-0.19058995
6.847417,1.1085154,8.7771435,-0.4654793,-0.71593404,0.040317107
5.044583,0.94092125,8.00621,-0.37384954,0.16493362,-0.1600467
8.748413,-0.272939,4.8745947,0.376293,-0.48502702,-0.02443461
6.2632318,1.1228806,6.847417,-0.112399206,0.14538592,-0.13072516
7.153875,1.7262194,5.3941364,0.07819075,0.19792034,0.08674286
6.327875,-0.24420857,9.234436,0.3005457,0.3286455,-0.111177474
6.3470287,-2.791639,7.536947,-1.0445796,0.49846604,0.24801129
6.3949127,-0.7110779,7.0844426,0.6768387,0.36041048,-0.4605924
6.4643445,-2.813187,6.227319,-0.28221974,0.15760323,-0.07941248
5.0158525,2.3942018,10.874464,0.052534413,-0.5155703,0.33353242
5.770026,1.472434,6.8522053,0.38728857,0.12461651,-0.36041048
8.209718,1.5993267,4.3143516,0.2284636,-0.1685988,0.26389378
5.731719,4.2066126,4.9344497,1.0250319,0.50946164,-0.59498274
7.5920134,2.1284454,6.6510925,-0.35796702,0.1600467,0.057421334
5.6359506,-1.5490485,6.4739213,-0.20525073,0.25167647,0.1282817
6.579266,0.11731588,7.8050976,-0.8698721,0.3567453,0.1563815
5.267244,3.1483753,10.462662,0.46303585,0.28955013,-0.45937067
6.6510925,-1.5777789,5.6886234,0.54611355,0.06841691,-0.26511553
8.0684595,3.040636,6.909666,0.535118,-0.61208695,0.14294247
6.600814,-0.14844051,5.6910176,0.2003638,0.096516706,-0.25534168
8.322245,-0.22505496,5.0661306,-0.04886922,-0.112399206,0.22357668
6.7731967,-1.6950948,4.232949,0.22357668,0.25900686,-0.19792034
6.133945,-1.7357962,8.121132,-0.9260717,0.1282817,0.25167647
6.229713,3.5218706,8.92319,0.48380527,-0.2687807,-0.11362094
6.691794,0.18674773,6.2847795,0.44593164,0.07452556,-0.12705997
6.409278,1.115698,9.581595,0.32986724,-0.20769419,0.2687807
6.579266,-1.5562311,3.8067808,1.142318,0.1600467,-0.19914207
8.418014,1.2545617,6.081272,0.22113322,-0.38362336,0.23457226
5.674258,2.4540567,7.043741,-0.41538838,0.2932153,-0.05009095
8.101978,0.7517793,8.413225,0.32498032,-0.5119051,0.26267207
5.985504,1.7166426,5.592855,0.6450737,0.23457226,-0.31520647
6.9958572,0.25857377,6.179435,0.21624629,-0.17348573,-0.052534413
7.740454,1.6687586,8.185776,0.6768387,-0.43371433,0.32375857
5.6431336,2.348712,6.1076083,-0.008552114,0.17592919,-0.23579398
7.4268136,0.7278373,9.423578,0.21502456,-0.63163465,0.29077184
5.9639564,-6.459556,3.3925838,0.3213151,-0.27122417,0.105068825
7.678205,2.2122424,7.599196,0.20525073,-0.40317106,0.019547688
4.8147397,1.99437,5.66947,0.009773844,0.5534439,0.07574729
6.9383965,1.6065093,7.860164,0.17470746,0.15271631,0.081855945
5.329493,-0.56982,6.1890116,-0.3286455,0.23701571,0.09162979
7.2711906,2.3056161,7.6829934,0.57910025,-0.1685988,0.05131268
4.378995,-0.21308395,6.181829,0.21991149,0.52534413,-0.04153884
6.3566055,2.3702598,8.537724,0.3323107,0.004886922,0.204029
4.4460325,1.661576,8.23366,0.09773844,0.56199604,-0.24190263
5.6790466,0.830788,8.219295,0.035430185,-0.02565634,0.047647487
4.43885,5.729325,9.414001,0.72204274,0.112399206,-0.2406809
4.757279,3.083732,5.961562,0.35796702,0.07086037,-0.2919936
6.7588315,0.272939,4.24492,0.7684685,0.30665436,-0.2125811
5.554548,2.1140802,8.74123,0.014660766,0.32253686,0.13561209
5.130774,1.685518,3.86903,1.3988814,0.014660766,-0.37384954
6.327875,4.0797195,7.6710224,0.376293,-0.15393804,0.1282817
3.6583402,1.3383588,5.511452,-0.752586,0.43982297,0.028099801
5.4085016,1.3910311,8.932767,-0.07696902,0.1600467,-0.25167647
5.0421886,5.185841,9.710882,0.25167647,-0.29565877,-0.10751228
4.5633483,2.8395233,5.6646814,0.5558874,-0.10140363,-0.21991149
6.622362,3.6487634,6.090849,0.376293,-0.43493605,0.3115413
4.6351743,-0.49559975,7.666234,-0.2687807,0.22235495,-0.14172074
5.521029,0.24181437,7.800309,-0.23090707,0.22479841,0.039095376
4.8745947,2.7820623,8.295909,0.0012217305,-0.040317107,0.019547688
6.10282,3.0693667,8.219295,-0.36163223,-0.52778757,0.3408628
3.4859576,1.1659763,7.716512,-0.7867944,0.36041048,-0.05497787
5.791574,0.4141969,8.1642275,-0.13072516,0.095294975,0.09896017
5.813122,2.0518308,8.420407,0.24923302,-0.3408628,0.07941248
5.140351,2.4253263,7.7787614,0.267559,-0.07086037,0.26389378
5.995081,0.47405192,6.4427967,0.9456194,-0.0012217305,-0.3200934
5.78918,2.1763294,6.256049,1.2437216,-0.21868975,0.2883284
5.875371,5.41329,7.041347,1.1276573,-0.16371189,-0.14660765
5.097255,6.1100025,5.9519854,0.28344148,0.2125811,-0.2443461
5.145139,7.7452426,3.667917,0.7281514,0.07819075,-0.30543262
4.735731,9.119514,5.1906295,0.18203785,0.13439035,0.11484267
4.295198,5.851429,5.7005944,-2.389705,-0.13927728,-0.065973446
5.5760956,5.3199162,6.033388,3.7250562,-0.267559,-0.22235495
4.620809,6.4188547,5.932832,-0.20525073,0.14049901,0.14782938
5.0182467,4.745308,4.5394063,0.6218608,0.052534413,-0.02076942
5.0493712,6.253655,3.6774938,0.21868975,0.15760323,-0.06719518
5.1571107,5.3606176,5.2361193,-0.008552114,-0.12095132,-0.111177474
4.7620673,6.397307,2.8538885,0.54733527,-0.10751228,0.13561209
6.421249,9.344569,3.8833952,1.0519099,0.13316862,0.03176499
3.2632968,7.053318,3.502717,-0.53878313,-0.10262536,-0.010995574
5.2983685,7.261614,3.4859576,-0.089186326,-0.035430185,0.1966986
4.10845,7.97748,3.7804444,0.39584067,-0.02076942,-0.15760323
4.5082817,7.501034,4.1036615,-0.021991149,0.065973446,0.29932398
4.4939165,7.381324,3.7469256,-0.37751472,-0.096516706,-0.032986723
4.098873,7.809886,4.757279,0.08307768,0.21135938,0.6646214
5.446809,4.6136265,5.0541596,-0.7867944,-0.18081611,0.26633725
6.009446,5.90889,5.1475334,0.25534168,-0.18692477,0.48258355
4.367024,4.390966,4.1826706,-0.9224065,-0.3408628,-0.15882497
7.800309,4.6160207,6.7971387,0.13439035,-0.1001819,0.47158796
5.6096144,6.105214,5.971139,0.21135938,0.2284636,0.1001819
6.7947445,1.4772224,6.0860605,-1.0861185,0.38728857,-0.36285394
5.410896,5.21936,6.277597,-0.98715824,0.18448131,-0.30665436
5.590461,-0.25378537,5.5856724,-2.846632,0.33475417,-0.20769419
4.5537715,1.2521675,8.568848,-0.6585127,0.20769419,-0.1600467
3.7086184,1.4796166,9.837775,-0.105068825,-0.17959438,0.02565634
4.2281604,-0.94570965,8.671799,-0.8857546,0.22479841,-0.10873401
6.861782,2.3774424,6.5936313,0.6206391,-0.5925393,-0.04642576
4.5058875,0.33279404,5.9998693,-0.88086766,-0.05375614,-0.010995574
4.6950297,-0.20829555,10.144233,-0.9896017,0.3726278,0.1001819
6.531382,0.7374141,6.7468605,1.1129965,-1.0519099,-0.012217305
4.5441947,-1.4173675,8.899248,-0.643852,-0.5143485,0.1563815
5.7508726,1.8148049,10.919954,-0.8576548,0.27000242,-0.5925393
8.66701,0.7350199,4.9679685,0.6597345,-0.6072,0.07574729
6.2129536,0.6631939,8.365341,-0.50823987,-0.4972443,0.12217305
5.7269306,-0.8619126,9.107543,-1.0115929,0.70371675,-0.11728613
6.897695,3.2609026,6.3182983,1.0030408,-0.59742624,0.12095132
4.879383,2.2170308,8.4826565,0.33108896,-0.09896017,-0.096516706
8.197746,-1.9297266,4.9320555,-0.43004912,0.16982053,0.13316862
9.821015,0.10534488,3.3063924,-0.18448131,-0.9773844,0.10995574
5.78918,0.48123455,8.348581,-0.25045475,0.015882496,-0.03176499
8.322245,0.17238252,3.7565024,0.20280726,0.31398472,-0.064751714
7.4148426,0.2896984,7.97748,-0.7293731,-0.30787608,0.112399206
7.577648,-3.0813377,4.0916905,-0.41783184,0.3726278,-0.30665436
9.291897,3.3806129,2.0015526,1.3610078,-0.5705481,-0.04520403
7.335834,1.8363527,5.7987566,0.13805555,0.0,-0.019547688
8.324639,-2.1739352,5.4779334,-0.453262,0.50823987,0.09040806
9.050082,1.079785,5.619191,0.44837508,-0.79901177,-0.07452556
7.2544312,1.0773908,4.5178585,1.097114,0.18203785,-0.33964106
8.774749,1.2282255,3.181894,-0.27977628,0.3494149,0.10629055
7.3406224,-1.1348516,7.517793,-0.7611381,-0.28710666,0.15027285
8.121132,-3.928885,5.118803,-0.63407815,0.3115413,-0.07941248
9.763555,0.39504328,3.0933087,0.59498274,-0.33108896,0.019547688
7.52737,-2.15957,6.564901,-0.2773328,-0.018325957,0.2003638
8.511387,-2.5091233,3.821146,-0.86498517,0.7367035,0.19792034
10.508151,-2.087744,4.6016555,-0.31764993,-0.7623598,0.0842994
6.8043213,-0.0047884034,6.131551,0.018325957,0.6072,-0.16249016
10.9343195,-0.06703765,1.99437,0.12339478,-0.1282817,0.09896017
7.85777,0.33997664,6.2728086,-0.3494149,-0.0720821,-0.12217305
8.4826565,-3.5458126,4.534618,-0.26389378,0.6450737,0.06719518
8.580819,0.81642276,4.2664676,1.4648548,0.5412266,-0.22968534
8.348581,-1.0893618,8.0684595,-0.8503244,0.31887165,-0.21502456
7.905654,1.1875241,4.7189717,1.1374311,0.052534413,-0.21013765
8.516175,2.2361844,4.024653,0.18570304,0.16249016,-0.35185838
6.658275,2.6551697,5.9448028,0.96883225,-0.47769663,0.46670106
7.1059904,2.2960393,5.070919,-0.69027776,0.36896262,-0.8894198
10.560823,-0.6703765,4.2544966,0.2932153,-0.6414085,0.71593404
4.1659107,1.9081788,3.4093432,1.9792033,0.3494149,-0.004886922
11.099519,1.0414777,5.5760956,0.6169739,-0.37873647,-0.24923302
5.195418,3.4739866,5.722142,-0.535118,0.09285152,0.13072516
6.682217,2.5761611,4.441244,0.44593164,-0.008552114,-0.48991394
6.208165,4.2640734,5.4539914,1.2803736,-0.29077184,0.7476991
6.64391,4.2544966,4.876989,0.064751714,-0.11362094,-0.5558874
9.346964,2.9735985,2.7940333,-0.52412236,0.16126843,0.97494096
9.751583,-0.79966336,4.0821137,-4.0084977,-0.56199604,0.0061086523
7.029376,0.7469909,5.044583,-0.49602258,-0.68539083,-0.54611355
12.215217,-3.9552212,3.004723,-0.07086037,-0.2883284,0.41050145
4.4795513,1.8746599,4.3478703,0.5693264,-0.10140363,0.4972443
10.455479,-1.5179238,4.405331,0.44715336,0.04886922,-0.6450737
7.565677,0.7445967,2.3798366,0.5693264,0.34574974,1.0274754
6.943185,4.4364557,3.727772,-0.1563815,-0.13194689,-1.1887437
12.768278,-4.9224787,4.357447,0.02443461,0.2321288,0.87109387
7.089231,-0.9624691,2.7030537,-0.93462384,0.20647246,0.49113566
8.959103,0.7469909,4.9799395,0.48380527,-0.015882496,-1.1679744
7.855376,2.078167,4.0533834,0.4972443,0.47525316,0.8857546
6.622362,3.833117,2.657564,0.58276546,-0.24312437,-1.1753048
14.281413,-5.9304376,6.5601125,-0.32498032,0.14538592,0.906524
4.960786,2.3942018,3.3135753,-0.20769419,0.37140608,0.2687807
10.924743,-1.2593501,4.2425256,0.3213151,-0.7806858,0.6133087
10.117896,1.2090719,4.3119574,1.3720033,0.49846604,0.17348573
7.359776,1.9512744,3.2321723,-0.21746802,-0.13561209,-0.18570304
13.041217,-3.5314474,4.5992613,-0.2761111,-0.32253686,0.18203785
5.5497594,-1.0151415,4.2305546,-0.55833083,0.017104227,0.81489426
9.595961,1.2665327,4.4939165,-0.065973446,0.030543262,-0.6536258
11.36767,1.2066777,3.9384618,-0.09285152,0.10629055,0.9370673
7.505822,2.4732103,3.6128504,-0.625526,-0.09162979,-0.68783426
10.575189,3.0023289,4.024653,1.251052,0.008552114,-0.6426302
7.2831616,2.1691468,4.249708,-0.5644395,0.24556783,0.4007276
8.647857,0.1412579,4.24492,-0.64751714,-0.22602014,-1.2632693
13.223176,-5.872977,5.2121773,-0.23579398,-0.26145032,1.2315043
3.8881836,1.7836803,5.363012,0.30176744,0.28588495,0.52290064
9.552865,1.0295067,5.9424086,2.7733283,-0.112399206,0.062308256
9.323022,1.6280571,1.7621324,-0.16371189,0.15393804,-1.0983357
7.357382,6.181829,-0.16998832,0.042760566,-0.0720821,-0.57787853
7.129933,6.0836663,2.755726,0.48747048,-0.13561209,0.57787853
3.5051112,4.6255975,4.5513773,-0.79168135,-0.15760323,0.10873401
10.69011,5.7484784,2.7605145,-0.1600467,0.0061086523,-0.2406809
5.2959743,5.7724204,4.1132383,-0.42394048,0.32742378,0.009773844
7.422025,4.201824,4.156334,-1.0677924,0.27977628,-0.49602258
13.417107,2.2888567,4.015076,-1.4575244,-0.12705997,0.43127087
5.791574,0.29448682,4.711789,-0.015882496,-0.37995818,0.32253686
8.801085,1.3958195,4.948815,-0.40439278,0.13072516,-1.0140363
11.451467,-2.1332338,5.4899044,-1.3011429,-0.11362094,1.4978416
3.5913026,0.37349546,3.6774938,0.25900686,-0.10873401,0.50579643
9.634268,0.48841715,2.9855695,1.0873401,-0.02076942,-0.54733527
8.295909,-1.376666,2.707842,-0.7244862,-0.16126843,0.77091193
7.85777,0.047884032,5.765238,-1.1068878,0.18203785,-0.07574729
7.374141,-2.6024973,5.6096144,0.19303341,0.39950588,-0.03176499
9.370906,0.0047884034,5.961562,-0.1160644,-0.15149458,0.6169739
6.38773,1.1252748,4.735731,-0.86254174,0.12095132,-0.643852
10.479421,2.4851813,3.004723,0.9639453,-1.097114,0.15271631
5.5401826,-0.36870706,7.6853876,-1.1618657,0.11728613,0.21380283
8.920795,3.0454245,4.5154643,-0.37018433,0.5681047,-0.2968805
12.423512,-1.4149733,1.4915876,0.81489426,-0.956615,0.15027285
6.3805475,0.40701428,7.0724716,-0.16737708,-0.4373795,0.23335053
6.6750345,-5.645528,5.4444146,-1.6798794,0.34208453,-0.46303585
11.851298,0.11971009,0.30645782,0.8063421,-0.56077427,-0.24678956
9.0237465,-2.3415294,4.1180267,-0.40194935,-0.9651671,0.52290064
4.9823337,2.861071,4.55856,1.8106046,0.5363397,-0.5045747
10.364499,1.5921441,0.05746084,0.6377433,0.23579398,-0.18325958
10.110714,-2.336741,5.2744265,0.15393804,-0.71593404,0.18081611
5.058948,2.0231004,7.8912888,0.013439035,0.3555236,0.0012217305
9.234436,-0.7302315,1.0702082,-0.04642576,0.50579643,-0.19181168
10.9822035,0.60333884,1.1827357,1.3927728,-0.70249504,0.042760566
7.4483614,0.07182605,5.896919,-0.4373795,-0.061086524,0.27122417
8.269572,-3.892972,1.9919758,-1.0726794,0.5216789,-0.21013765
12.275072,-0.090979666,0.80205756,0.79045963,-0.32375857,-0.12217305
8.063671,1.4030021,5.9184666,-0.073303826,-0.45570546,0.25534168
7.455544,0.92176765,6.8210807,-0.7770206,0.90285885,-0.33475417
11.197681,0.3878607,1.091756,0.95905846,-0.3371976,-0.15760323
9.797073,-4.3047748,0.095768064,-0.2443461,-0.54611355,0.21624629
5.920861,0.7445967,6.5625067,0.05131268,0.7538077,-0.22235495
9.849746,2.087744,0.9864111,0.68661255,0.37140608,-0.21380283
10.790668,-1.3575124,3.3901896,-0.09285152,-0.40194935,-0.019547688
7.3310456,0.63206923,6.445191,-0.344528,0.14172074,0.15149458
9.222465,0.8283938,2.8491,0.9370673,0.54244834,0.064751714
9.890448,1.7908629,4.187459,1.2852604,-0.5644395,-0.26145032
7.053318,3.181894,6.131551,-0.4251622,0.16493362,0.12583824
9.370906,2.566584,2.195483,0.7819075,0.4813618,0.08674286
9.543288,-0.94810385,6.531382,-0.34208453,-0.059864793,0.0
6.849811,1.8602947,6.373365,0.61819565,0.32742378,-0.20280726
9.200917,2.8060043,2.6551697,0.7538077,0.31398472,0.30665436
9.617508,0.78050977,5.4899044,-0.18203785,-0.17470746,0.06841691
6.327875,3.5003228,5.705383,0.21868975,0.3286455,-0.17104226
8.722076,0.33279404,2.1763294,0.3885103,0.39950588,0.28344148
9.208099,0.8738836,6.5984197,-1.073901,-0.15271631,-0.19058995
6.0285997,3.490746,5.659893,0.25778514,0.26633725,-0.2773328
9.334992,4.0940847,2.4301147,0.87964594,0.019547688,0.21135938
7.656657,-2.0039468,0.15322891,-1.5748106,-0.17470746,-0.059864793
7.0221934,3.241749,6.399701,0.30176744,0.24312437,-0.15760323
9.770737,4.9081135,1.8435353,0.2565634,-0.24678956,0.312763
7.3047094,0.16998832,6.4260373,-0.29810223,0.030543262,0.014660766
8.508993,0.45968673,2.4372973,0.6084218,0.35796702,-0.02321288
9.890448,1.6328455,5.1523223,-0.26389378,-0.27977628,-0.18692477
6.6271505,5.681441,5.118803,0.036651913,0.40194935,-0.22113322
8.561666,4.8578353,3.0190883,0.8344419,0.204029,0.23457226
8.212111,-0.641646,1.7381904,-1.4220943,-0.38362336,-0.22113322
7.3190746,6.093243,3.7493198,0.08674286,0.17470746,-0.33108896
9.188946,4.8745947,2.5234885,1.1374311,-0.07819075,0.02443461
6.445191,5.29358,4.43885,-2.257758,0.35185838,0.05497787
7.560889,2.7030537,4.3406878,1.1985176,0.44837508,0.08552113
7.098808,1.9273324,-0.90500826,-1.3695599,-0.2602286,-0.172264
6.7827735,4.189853,6.021417,-0.062308256,0.2687807,-0.09773844
9.560047,4.4005427,2.695871,0.30909783,-0.45081854,0.172264
6.751649,1.460463,5.511452,-0.89552844,0.02076942,0.035430185
7.515399,0.5434838,4.0342298,-0.61819565,0.408058,0.32620203
8.425196,1.8435353,7.089231,-1.9999728,-0.29565877,0.012217305
6.009446,3.0119057,6.7013707,0.1685988,0.119729586,-0.19181168
8.956709,3.0190883,3.9145198,0.047647487,0.31764993,0.23701571
9.421184,-2.0374656,4.620809,-0.4288274,-0.6805039,0.31642818
6.505046,0.6392518,7.0581064,-0.6377433,0.012217305,-0.07941248
10.13705,1.1492168,0.79487497,0.64873886,-0.12950343,-0.2602286
8.700529,-0.581791,5.746084,-0.45204028,-0.7257079,0.15760323
6.919243,-0.18674773,5.535394,-0.45448375,0.4886922,-0.2284636
11.963826,-2.2050598,-0.050278235,-0.267559,-0.5143485,0.15027285
8.439561,1.103727,6.447585,-0.68783426,-0.267559,0.16615535
7.2664022,0.04309563,2.1691468,-0.4605924,0.7330383,-0.17348573
11.956643,-2.1164744,-1.8004397,0.26145032,-0.9773844,0.21013765
7.091625,-0.49559975,6.105214,-0.24801129,0.080634214,-0.017104227
8.829816,0.49081135,2.5929205,0.047647487,0.6780604,-0.25900686
11.101913,2.717419,1.1731589,1.0531317,-0.7134906,0.25778514
5.8226986,0.32321724,6.658275,-0.6414085,0.26267207,-0.039095376
9.210494,1.400608,1.9440918,0.28955013,0.39706242,-0.04642576
10.33098,0.830788,4.721366,0.14905111,-0.66339964,0.44837508
8.11395,0.842759,5.3486466,0.24190263,0.66706485,-0.14049901
9.730036,0.30885202,0.92895025,0.08307768,0.13439035,0.24923302
8.674192,-2.3463178,5.4300494,-0.893085,-0.080634214,0.19547687
7.419631,1.0845734,8.664616,0.10629055,1.5528195,0.018325957
8.798691,-0.8475474,4.185065,1.0946705,0.85154617,0.63163465
4.7644615,-0.58657944,7.443573,-0.44959682,0.95172805,0.36163223
4.261679,-0.90021986,9.624691,1.1203269,0.5693264,0.40317106
2.6671407,0.7158663,9.591172,0.3848451,0.70249504,-0.10995574
2.717419,1.2210429,10.718841,-0.27855456,0.56321776,-0.13316862
2.8514943,-0.60333884,8.901642,0.6267477,0.09040806,0.04153884
2.585738,-1.9297266,8.456321,0.24312437,0.019547688,-0.0036651916
1.4820108,-3.5889084,11.774684,-1.1435398,-0.2321288,0.13072516
2.918532,-0.39743748,6.3063273,1.3048081,0.19547687,-0.26389378
3.1004913,-0.007182605,8.394072,-0.21624629,-0.24556783,0.17837265
1.553837,2.1428106,12.464214,0.017104227,-0.344528,-0.065973446
2.3247697,0.6799533,7.1155677,0.33475417,0.22479841,-0.37995818
3.4141316,0.89782566,7.2328835,-0.08307768,-0.7476991,0.13927728
4.8745947,0.5650316,12.897565,0.12339478,-1.7434094,-0.004886922
2.3870192,2.4779987,10.225636,-0.78801614,-0.5815437,-0.16737708
5.5018754,0.58418524,6.591237,0.02565634,0.13927728,0.0012217305
2.4061728,0.51475334,10.443508,-0.21991149,-0.11484267,-0.72692966
11.7627125,-0.62249243,8.913613,-0.05497787,0.14049901,-0.38728857
4.4125137,-1.5035586,7.041347,0.83199847,-0.028099801,0.408058
6.253655,2.6360161,6.691794,2.7366762,0.9419542,-0.59131753
3.1627405,5.626374,8.157045,-0.5644395,1.0592403,-0.81245077
2.8874073,5.0661306,8.0445175,-1.3206906,0.07452556,-0.073303826
3.8235402,-1.3694834,8.197746,0.829555,-0.5693264,-0.47525316
6.655881,1.5753847,8.032547,1.7654005,-1.2608259,-0.028099801
2.4157495,2.8682537,10.6158905,-0.18325958,-0.6010914,0.18203785
6.483498,-0.5602432,4.855441,-0.96883225,-0.17104226,-0.5681047
9.665392,1.8100165,4.3718123,0.53878313,-1.0445796,0.014660766
3.5362358,2.822764,9.794679,0.13927728,0.0012217305,-0.25778514
7.896077,-0.079008654,3.691859,0.039095376,0.089186326,-0.08307768
9.404425,0.38307226,8.870518,0.19547687,-0.8576548,0.22968534
4.876989,0.11252748,6.256049,0.267559,0.5717699,-0.6059783
8.853758,1.4748282,2.8682537,0.27488935,-0.32742378,-0.059864793
7.5680714,-0.01436521,8.154651,-0.6450737,-0.13805555,-0.21013765
7.7907324,-0.6464345,6.4164605,-0.63163465,-0.19425514,-0.28099802
8.669404,-0.31364042,5.851429,-1.2486086,0.2003638,-0.31887165
11.724405,-2.9592333,4.8865657,-0.61819565,-0.6035349,0.105068825
5.8825536,-0.58418524,5.446809,0.0,0.43860126,-0.062308256
8.576031,-0.51235914,2.7365725,-0.14905111,0.18081611,0.10995574
10.058042,-1.2234371,6.4858923,0.17959438,-0.6218608,0.15882497
6.232107,-2.1883004,5.827487,0.3640757,0.43860126,-0.13561209
9.356541,-0.93613285,3.1148565,0.3811799,0.3213151,-0.043982297
7.422025,-0.5243302,6.4164605,-0.6267477,0.13805555,-0.012217305
7.129933,-1.6089035,6.6056023,-0.017104227,0.45204028,-0.17715092
10.479421,-3.0023289,3.4644098,0.18203785,-0.12705997,0.12583824
7.8290396,-1.4413095,4.510676,0.27366763,0.16493362,-0.081855945
7.3525934,-1.7549498,6.6654577,-0.21868975,0.40317106,-0.267559
9.9790325,-0.7445967,3.8187518,0.48991394,-0.6914995,0.23701571
7.1706343,-0.557849,4.175488,0.19058995,-0.07696902,-0.17348573
9.409213,-0.7422025,2.7988217,0.4801401,-0.05131268,0.18936823
6.943185,-0.79726917,8.784326,-1.1948525,0.59864795,0.035430185
7.079654,-1.2258313,6.9360023,-0.0012217305,0.6976081,-0.10140363
8.228871,1.1492168,8.267179,0.3408628,-0.007330383,-0.13316862
5.485116,1.6831238,6.71813,0.1441642,0.50946164,-0.21502456
7.9822683,0.61770403,7.359776,1.1972959,-0.4569272,0.13561209
5.758055,0.46926352,6.0860605,-0.021991149,0.24190263,-0.0036651916
7.752425,-0.39983168,5.2600613,0.24923302,-0.096516706,0.31764993
5.1906295,-0.48362875,6.1195793,0.118507855,0.41905355,-0.05009095
4.781221,-2.0398598,8.75799,-0.21502456,0.6377433,-0.080634214
4.972757,-1.0869676,6.9982514,-0.13194689,0.18692477,-0.030543262
5.29358,-2.5258827,8.169016,-0.096516706,-0.02687807,0.20891592
6.8881183,-0.7469909,7.371747,0.56321776,-0.5216789,0.19181168
3.490746,4.036624,8.192958,-0.032986723,0.57910025,-0.4972443
6.4284315,1.4413095,10.311827,0.43371433,-0.21380283,-0.09162979
4.675876,-0.770933,6.7971387,0.019547688,-0.021991149,-0.28955013
7.599196,0.49559975,5.645528,0.6646214,-0.28955013,0.25411993
4.6016555,-1.8411411,6.1938,-0.18203785,0.19914207,-0.10262536
3.667917,2.0254946,4.7285485,0.23579398,0.03176499,0.43004912
11.489774,-4.534618,5.6551046,-2.919936,-1.8924606,-0.58032197
10.632649,-2.8107927,4.6686935,-0.7415904,-1.0164797,-1.2095132
6.136339,-4.4795513,3.9073372,-0.9297369,-0.21746802,-0.05131268
11.384429,-1.4173675,-0.31603462,-0.28710666,-0.3481932,-0.17959438
7.8146744,-0.7398083,4.4603977,-0.37507126,-0.50579643,0.1441642
8.465898,-3.9121256,1.1875241,-0.029321533,0.49357912,0.07941248
13.03164,-1.0941502,-3.217807,0.8894198,-0.7501425,0.2003638
7.8386164,-1.8363527,3.13401,-0.087964594,-0.14782938,-0.017104227
9.959879,-2.0566192,0.37828386,-0.4166101,0.49846604,0.3652974
10.477027,1.2162545,-1.2880806,-0.010995574,-0.57543504,-0.0720821
8.377312,-2.6240451,2.018312,-0.3885103,0.28955013,-0.065973446
10.13705,-1.3670892,-2.0135236,0.408058,0.3921755,-0.15760323
12.203246,0.50278234,-3.1651347,-0.643852,-1.0567969,0.15393804
8.702923,-0.878672,0.8643068,0.4447099,0.28099802,0.014660766
10.551247,-1.328782,-1.4987702,0.68539083,0.22113322,-0.034208454
9.907207,-2.60968,1.0247183,-1.0482447,-0.4886922,-0.19058995
9.109938,1.5586253,2.0398598,1.491733,0.68661255,-0.12339478
11.415554,0.19153613,-2.3080103,-0.28588495,-0.7855727,0.24801129
8.726865,-2.4995465,2.4372973,-0.24556783,0.23945917,-0.07574729
10.271125,-3.347094,-1.3862427,-0.09285152,0.50946164,0.1441642
8.585608,-1.3215994,2.6767175,-1.1679744,-0.35796702,0.07819075
8.932767,-5.327099,-0.89064306,0.3652974,0.4886922,0.036651913
11.686098,-1.685518,-1.1468226,-0.14782938,-0.35430184,0.28710666
7.675811,-2.5905263,3.3399115,-1.0714576,0.1001819,-0.1563815
9.964667,-1.721431,0.44771573,0.59620446,0.7305948,0.058643065
11.125855,0.18195933,1.0007763,0.45204028,-0.35308012,0.21135938
8.135497,-3.3399115,1.6041151,-0.37384954,0.3921755,0.012217305
12.2798605,0.51954174,-1.5682021,0.40439278,-0.1001819,0.16371189
8.252813,-1.7166426,1.8650831,-0.45937067,-0.43371433,-0.18448131
9.14585,-1.5298948,0.7230489,0.1881465,0.42760566,-0.087964594
11.075577,3.016694,-0.35434186,0.8503244,-0.6780604,0.12705997
7.4507556,-0.1316811,3.265691,-0.31520647,0.31031954,-0.20891592
11.475409,-0.6919243,-1.7022774,0.39584067,0.1441642,0.061086524
9.490616,-8.24563,-3.028665,-0.9443977,-0.49846604,-0.061086524
8.655039,-2.44448,-0.15801731,0.35918877,0.5497787,0.0061086523
12.1840925,1.946486,-0.2873042,0.96883225,-0.41172317,0.13805555
7.536947,-0.4213795,2.2481554,-0.36774087,0.26267207,-0.14294247
10.443508,-1.7501614,-0.06943185,-0.6096435,0.46303585,0.2443461
9.3182335,-8.130709,-0.9672575,-0.9272934,-0.675617,0.24190263
7.750031,-2.741361,0.9504981,-0.24678956,0.40561453,-0.11362094
13.144167,-0.2657564,-0.35673606,0.095294975,-0.14172074,0.13439035
7.0605006,-2.3774424,1.1109096,0.02687807,0.12583824,0.18081611
10.754754,-2.741361,0.7134721,-0.2773328,0.32742378,0.10751228
8.573636,-4.9057193,0.6895301,-0.91507614,-0.4202753,0.22602014
8.504205,-3.4117374,0.6895301,0.28221974,0.45814893,-0.13683382
13.867216,-0.5722142,-0.1388637,0.43127087,-0.4447099,-0.03176499
6.7492547,-0.79966336,1.0462662,-0.23945917,0.35185838,-0.19425514
14.379576,-1.163582,0.6871359,0.080634214,-0.2883284,0.13805555
6.215348,-2.60968,1.3311762,-0.12095132,0.2125811,0.23945917
10.151415,-4.0462008,0.5674258,0.103847094,0.17715092,0.10629055
10.014946,-1.7118542,2.4756045,0.035430185,-0.34208453,-0.05009095
7.038953,-1.9416976,-0.62249243,1.4367551,0.21624629,-0.3555236
11.949461,-0.8714894,0.21787235,1.0262536,-0.27855456,0.06963864
8.573636,-0.6871359,2.9735985,0.118507855,0.02687807,0.073303826
9.076419,-3.787627,1.5753847,0.0061086523,0.5571091,-0.08307768
10.649409,-0.7062895,2.2122424,-0.12339478,-0.3286455,-0.17592919
7.1730285,-1.9033904,2.2744915,0.8772025,0.59864795,-0.44593164
10.127473,1.6352397,2.087744,-0.16737708,0.24801129,-0.12339478
9.006987,-3.799598,1.7717092,-1.2999213,-0.12583824,-0.16371189
9.018958,0.01436521,2.7126305,0.95417154,0.3005457,-0.0842994
8.135497,2.2720973,4.4316673,-0.12339478,-0.35918877,0.23823744
8.23366,-1.151611,3.8905778,1.9156734,1.0091494,-0.10995574
12.181698,-2.789245,4.24492,2.6022859,1.7641789,0.43982297
6.9503675,0.7637503,7.7189064,0.45204028,2.1856759,-0.16615535
2.7341783,-2.2960393,5.9304376,-0.8344419,1.219287,0.93462384
4.9943047,1.721431,7.1155677,1.1166617,-0.47891834,0.5510005
2.1619642,2.1308396,8.549694,0.13194689,0.27000242,0.080634214
3.8881836,-0.8499416,7.9583263,-0.4202753,0.29932398,0.37995818
3.7924154,-0.1412579,9.64145,0.48747048,0.13316862,-0.061086524
2.4516625,-3.052607,11.142614,-0.8368854,0.22724187,-0.111177474
5.5282116,2.171541,6.421249,0.91996306,-0.61575216,0.10995574
3.3303347,-1.4676456,8.803479,-0.7684685,-0.58276546,0.33475417
4.8722005,-1.6328455,8.358158,-0.6951646,0.08552113,-0.43004912
8.588001,-2.2002714,6.2704144,0.12217305,-0.7171558,0.073303826
4.1659107,-2.6192567,8.288726,-0.79290307,-0.36041048,0.3726278
3.6727054,-1.5801731,8.185776,-1.7373008,0.66706485,-0.43860126
8.161834,-2.0973208,5.779603,0.5412266,-0.7733554,0.05131268
3.9935284,1.673547,8.880095,0.13194689,0.40683624,-0.27122417
6.117185,-0.6799533,6.6654577,-0.20525073,0.28710666,0.019547688
6.457162,-2.9017725,9.141062,-0.09285152,-0.516792,0.18203785
5.523423,-2.4636335,6.576872,0.6585127,0.17104226,-0.5864306
8.602366,-1.8387469,5.6551046,-0.40439278,0.18448131,0.3933972
3.4572272,-2.825158,10.007763,-0.88697636,0.24801129,0.21135938
5.0757074,-3.763685,10.0341,-1.0800097,0.24923302,-0.39095375
7.180211,-0.15801731,7.6829934,1.0238101,-0.5571091,0.23701571
2.3870192,0.4429273,8.145074,0.70005155,1.6811012,0.26267207
3.4835634,-0.2681506,7.764396,0.63285637,0.6377433,0.38973203
2.8993783,-2.767697,8.39886,-0.44226643,-0.16249016,-0.12705997
3.0478187,-3.7541082,9.13388,-0.08307768,-0.039095376,0.036651913
3.0358477,-2.9017725,8.540117,0.04642576,0.009773844,0.07696902
3.1124623,-3.1794999,8.683769,-0.096516706,0.039095376,-0.0036651916
2.9137435,-2.7006595,8.925584,-0.10873401,0.062308256,0.0
3.7253778,-3.881001,6.588843,1.5882497,-0.09162979,-0.13439035
5.434838,-4.050989,7.551312,0.37507126,-0.51923543,0.24801129
2.3391352,-4.6830587,10.220847,0.784351,-0.4801401,0.08552113
5.554548,-5.0781016,8.465898,-2.9675834,-0.19181168,-0.20769419
5.7269306,-1.5705963,9.263166,-0.2443461,-0.52656585,0.1441642
2.9137435,0.17238252,9.153033,-0.3652974,0.43371433,-0.38362336
7.2472486,-3.5553896,6.703765,-1.6737708,-0.04520403,0.007330383
4.7860093,-4.642357,9.272743,-0.07452556,-0.15515977,-0.057421334
4.771644,-5.410896,6.64391,-0.9272934,0.30787608,-0.28955013
8.389283,-2.9352913,6.155493,1.0128145,-0.54244834,-0.0012217305
3.5122938,-2.0015526,9.203311,-0.5888741,0.52290064,0.2602286
7.1490865,-0.7613561,5.4922986,-0.9297369,0.24678956,-0.39706242
6.5696893,-1.1180922,8.02297,0.30909783,-0.57910025,0.30176744
3.004723,-0.6943185,8.884883,-0.19303341,0.15882497,-0.02565634
6.873753,-3.8738184,6.090849,-0.5143485,0.1001819,-0.09896017
6.114791,1.4772224,10.8864355,0.11728613,-0.064751714,-0.073303826
4.2664676,-0.9624691,7.3669586,0.30665436,0.3213151,-0.32253686
10.141838,-1.7046716,5.6551046,0.92485,-0.7293731,0.20769419
4.3358994,-0.35913026,6.691794,-0.014660766,0.17348573,0.27488935
7.1131735,-1.0295067,5.2959743,-0.14782938,0.22724187,-0.16982053
7.2951326,-0.39264908,9.840169,-0.010995574,-0.43860126,0.13316862
5.207389,-3.2154129,6.5002575,-0.04886922,-0.096516706,0.18692477
7.4004774,-0.93134445,5.6239796,0.4007276,0.16371189,-0.18936823
6.2368956,-0.15562311,8.614338,-0.19058995,-0.21746802,0.267559
3.3039982,0.92895025,8.542512,0.8222246,0.27000242,-0.16371189
7.33344,-1.055843,6.3901243,-0.16126843,0.14172074,0.08674286
5.8825536,1.1133038,8.805874,0.13194689,0.07696902,-0.11728613
4.7548847,1.6927006,7.85777,0.16126843,0.52656585,-0.18936823
5.779603,2.6288335,9.648633,0.9114109,-0.35063666,-0.04642576
4.0581717,0.7757214,7.3549876,-0.3933972,0.15027285,0.042760566
6.564901,2.96881,7.204153,0.59742624,-0.23335053,0.042760566
5.949591,0.31124622,7.4124484,-0.25167647,0.28588495,0.004886922
5.8107276,-0.4381389,6.543353,-0.07452556,0.24923302,0.0
4.924873,0.02633622,9.557653,-0.77579886,0.20769419,0.081855945
4.9943047,-0.08379706,7.369353,0.18936823,0.03176499,-0.16371189
5.33907,4.486734,11.563994,0.55955255,-0.36163223,-0.10995574
4.5082817,2.3822308,6.5696893,0.40317106,0.18203785,-0.15149458
6.945579,-0.2657564,5.686229,0.344528,-0.29810223,0.2968805
5.5258174,-1.7238252,10.060435,-0.47647488,-0.02443461,-0.034208454
4.086902,3.9983168,7.800309,0.29810223,0.6206391,-0.28344148
6.7851677,3.0502129,7.3525934,0.47403142,-0.04520403,0.31642818
5.0421886,3.371036,4.259285,-1.409877,0.6218608,-0.0720821
5.0900726,1.4221559,9.062054,0.3885103,0.21746802,-0.05375614
5.2959743,2.9640217,8.013393,0.11484267,-0.12583824,0.07086037
6.325481,1.697489,5.171476,0.39828414,-0.77091193,0.23701571
3.632004,4.879383,9.172187,0.7330383,0.16982053,0.11484267
5.9280434,-1.2114661,8.23366,-0.22357668,-0.31887165,0.09040806
7.201759,-0.20829555,6.3829417,-0.2773328,-0.48380527,0.17104226
4.817134,-0.1340753,8.415619,-0.657291,0.08552113,-0.047647487
6.4044895,0.019153614,6.7708025,0.080634214,0.080634214,0.05497787
6.078878,2.078167,9.868899,-0.19547687,-0.4886922,0.18570304
5.0493712,1.3359646,7.6015906,0.25167647,0.052534413,-0.16126843
6.6056023,-1.1851299,6.0956373,-0.21991149,0.1001819,0.02321288
5.0397944,1.8962077,11.719617,-0.49357912,0.06841691,-0.040317107
5.2720323,0.6655881,8.389283,0.17959438,0.018325957,-0.2406809
7.410054,2.896984,7.053318,0.79168135,-0.6414085,0.14782938
5.109226,0.093373865,4.596867,-0.105068825,0.08307768,-0.111177474
5.7867856,4.283227,4.3718123,1.3439035,-0.13439035,0.24801129
9.703699,-2.5115175,4.405331,-3.6505308,-2.0830505,0.080634214
11.693281,-3.004723,3.9552212,-1.2449434,-1.813048,-1.72264
6.205771,-3.2202013,6.540959,0.44104472,-0.23945917,0.012217305
13.192051,0.19632454,1.5873557,0.030543262,-0.33964106,0.10751228
8.063671,-3.5625722,3.560178,-0.096516706,-0.25167647,0.13439035
9.744401,-1.8746599,1.4820108,-0.20891592,0.20891592,-0.021991149
10.508151,2.348712,1.9009962,-0.5888741,-0.6646214,0.02443461
8.250419,-0.17717093,2.552219,1.3329079,0.27000242,-0.41538838
10.996569,1.1228806,1.115698,0.02321288,-0.5338962,0.36896262
8.461109,0.93134445,3.394978,0.79779,0.47891834,-0.2565634
11.903971,1.6472107,0.02873042,-0.19058995,-0.42760566,-0.04886922
7.6135616,-0.12210429,1.553837,2.0158553,0.14660765,0.43004912
11.492168,-2.7222073,-0.47405192,-0.9957104,-0.14782938,0.23335053
8.817844,-1.7286136,2.0159178,-0.66339964,0.24801129,0.26267207
11.528081,-3.0334535,-0.79248077,-1.3023647,-0.07819075,0.39828414
8.640674,-2.861071,2.6408045,0.49357912,0.24190263,0.18081611
11.054029,-1.8339585,0.32561144,-1.1997393,-0.4361578,0.37751472
9.160215,-1.9512744,1.946486,0.25167647,0.37995818,-0.028099801
9.876082,0.60094464,2.0901382,-1.0458013,-0.8332202,0.6963864
9.14585,-1.4030021,2.303222,0.23701571,0.44226643,-0.24801129
11.374852,1.8794483,2.1571758,0.47647488,-0.6010914,0.23823744
10.419566,0.28491,1.2473791,0.6817256,0.44593164,0.17592919
8.118738,-4.367024,3.3039982,0.07819075,-0.06963864,0.3286455
10.383653,-2.6288335,1.1540052,0.06841691,0.17470746,0.13439035
7.7189064,-1.8291701,4.7165775,0.6951646,-0.04886922,-0.04886922
9.80665,-3.3087866,1.6424223,-0.06841691,0.22724187,0.061086524
8.042124,-8.288726,3.3782187,0.75747293,-0.058643065,0.11484267
11.307815,-4.7141833,1.1013328,-0.453262,-0.010995574,-0.09896017
7.0605006,-6.0118403,4.429273,0.018325957,0.27000242,-0.24801129
10.146626,-5.032612,1.103727,0.09896017,0.43493605,-0.030543262
7.089231,-2.6982653,5.365406,0.40683624,0.0,-0.17104226
9.76116,-4.630386,1.7860745,0.037873644,0.2565634,-0.3567453
7.714118,-0.047884032,5.149928,-0.09896017,-0.4288274,0.24312437
8.298303,-3.9145198,1.4939818,0.593761,0.21013765,-0.408058
10.596737,-4.4364557,-0.36391866,-1.5711454,-0.57543504,0.5681047
8.279149,-3.040636,0.7685388,0.6719518,0.18203785,-0.453262
10.874464,-3.8905778,0.4357447,-1.5454891,-0.12461651,0.46181414
7.7572136,-4.7548847,1.2904748,-0.096516706,0.37384954,-0.15393804
10.817003,-4.0222588,-0.29448682,-0.61086524,-0.4801401,0.4813618
8.152257,-6.9479733,0.58897364,0.84665924,0.058643065,-0.20158553
9.002198,-4.7788267,0.9864111,-0.8588765,-0.37384954,0.25167647
9.892841,-4.2521024,-0.5626374,-0.8368854,0.3567453,-0.36041048
6.505046,-2.6743233,2.2361844,0.17470746,-0.18448131,0.30176744
10.469844,-4.9895163,-0.56982,-0.02687807,0.26633725,-0.12461651
7.374141,-4.06296,3.9145198,-0.6377433,-0.036651913,-0.040317107
9.837775,-3.53863,-0.05267244,-0.14294247,0.20280726,-0.51068336